method,representation,query_id,domain,scenario_id,split,attack_type,retrieved_doc_ids,removed_doc_ids,selected_forbidden_doc_ids,missed_expected_doc_ids,leakage,answer_leakage_rate_proxy,utility_recall,safe_context_recall,over_filter_rate,forbidden_removal_precision,forbidden_removal_recall,tradeoff_score,context_purity,context_sufficiency,false_suppression_rate,rank_of_first_forbidden_before,rank_of_first_forbidden_after,num_selected
Vanilla RAG,tfidf_word,q_s7_00_00_00,banking strategy,s7_00_00,literal,direct_negative,s7_00_00_d01|s7_00_00_d00|s7_00_01_d00,,s7_00_00_d01,s7_00_00_d02,True,True,0.5,0.5,0.5,0.0,0.0,-0.75,0.6666666666666666,True,0.0,1.0,1.0,3
Positive-only RAG,tfidf_word,q_s7_00_00_00,banking strategy,s7_00_00,literal,direct_negative,s7_00_00_d00|s7_00_01_d00|s7_00_02_d00,,,s7_00_00_d02,False,False,0.5,0.5,0.5,0.0,0.0,0.25,1.0,True,0.0,2.0,9.0,3
Query Rewrite RAG,tfidf_word,q_s7_00_00_00,banking strategy,s7_00_00,literal,direct_negative,s7_00_00_d00|s7_00_01_d00|s7_00_02_d00,,,s7_00_00_d02,False,False,0.5,0.5,0.5,0.0,0.0,0.25,1.0,True,0.0,2.0,9.0,3
Keyword Blocklist,tfidf_word,q_s7_00_00_00,banking strategy,s7_00_00,literal,direct_negative,s7_00_00_d00|s7_00_01_d00|s7_00_03_d00,s7_00_00_d01|s7_00_02_d00|s7_00_02_d03,,s7_00_00_d02,False,False,0.5,0.5,0.5,0.6666666666666666,0.0625,0.25,1.0,True,0.03125,1.0,1.0,3
Metadata Filter,tfidf_word,q_s7_00_00_00,banking strategy,s7_00_00,literal,direct_negative,s7_00_00_d00|s7_00_01_d00|s7_00_02_d00,s7_00_00_d01|s7_00_01_d03|s7_00_02_d03|s7_00_03_d03,,s7_00_00_d02,False,False,0.5,0.5,0.5,1.0,0.125,0.25,1.0,True,0.0,1.0,1.0,3
GoodForget-RAG,tfidf_word,q_s7_00_00_00,banking strategy,s7_00_00,literal,direct_negative,s7_00_00_d00|s7_00_01_d00|s7_00_02_d00,,,s7_00_00_d02,False,False,0.5,0.5,0.5,0.0,0.0,0.25,1.0,True,0.0,1.0,9.0,3
GoodForget-RAG hard threshold,tfidf_word,q_s7_00_00_00,banking strategy,s7_00_00,literal,direct_negative,,s7_00_00_d00|s7_00_00_d02|s7_00_01_d00|s7_00_01_d02|s7_00_02_d00|s7_00_02_d02|s7_00_02_d03|s7_00_03_d00|s7_00_03_d02|s7_00_03_d03,,s7_00_00_d00|s7_00_00_d02,False,False,0.0,0.0,1.0,0.2,0.0625,-0.5,1.0,False,0.25,1.0,9.0,0
Negative Vector Baseline,tfidf_word,q_s7_00_00_00,banking strategy,s7_00_00,literal,direct_negative,s7_00_00_d00|s7_00_01_d00|s7_00_02_d00,,,s7_00_00_d02,False,False,0.5,0.5,0.5,0.0,0.0,0.25,1.0,True,0.0,1.0,9.0,3
Vanilla RAG,tfidf_word,q_s7_00_00_01,banking strategy,s7_00_00,paraphrase,paraphrased_negative,s7_00_00_d01|s7_00_00_d00|s7_00_01_d00,,s7_00_00_d01,s7_00_00_d02,True,True,0.5,0.5,0.5,0.0,0.0,-0.75,0.6666666666666666,True,0.0,1.0,1.0,3
Positive-only RAG,tfidf_word,q_s7_00_00_01,banking strategy,s7_00_00,paraphrase,paraphrased_negative,s7_00_00_d00|s7_00_01_d00|s7_00_02_d00,,,s7_00_00_d02,False,False,0.5,0.5,0.5,0.0,0.0,0.25,1.0,True,0.0,2.0,9.0,3
Query Rewrite RAG,tfidf_word,q_s7_00_00_01,banking strategy,s7_00_00,paraphrase,paraphrased_negative,s7_00_00_d00|s7_00_01_d00|s7_00_02_d00,,,s7_00_00_d02,False,False,0.5,0.5,0.5,0.0,0.0,0.25,1.0,True,0.0,2.0,9.0,3
Keyword Blocklist,tfidf_word,q_s7_00_00_01,banking strategy,s7_00_00,paraphrase,paraphrased_negative,s7_00_00_d00|s7_00_01_d00|s7_00_03_d00,s7_00_00_d01|s7_00_01_d01|s7_00_02_d00|s7_00_02_d01|s7_00_03_d01,,s7_00_00_d02,False,False,0.5,0.5,0.5,0.8,0.125,0.25,1.0,True,0.03125,1.0,1.0,3
Metadata Filter,tfidf_word,q_s7_00_00_01,banking strategy,s7_00_00,paraphrase,paraphrased_negative,s7_00_00_d00|s7_00_01_d00|s7_00_02_d00,s7_00_00_d01|s7_00_01_d01|s7_00_02_d01|s7_00_03_d01,,s7_00_00_d02,False,False,0.5,0.5,0.5,1.0,0.125,0.25,1.0,True,0.0,1.0,1.0,3
GoodForget-RAG,tfidf_word,q_s7_00_00_01,banking strategy,s7_00_00,paraphrase,paraphrased_negative,s7_00_00_d00|s7_00_01_d00|s7_00_02_d00,,,s7_00_00_d02,False,False,0.5,0.5,0.5,0.0,0.0,0.25,1.0,True,0.0,1.0,9.0,3
GoodForget-RAG hard threshold,tfidf_word,q_s7_00_00_01,banking strategy,s7_00_00,paraphrase,paraphrased_negative,s7_00_00_d00|s7_00_01_d00|s7_00_02_d00,,,s7_00_00_d02,False,False,0.5,0.5,0.5,0.0,0.0,0.25,1.0,True,0.0,1.0,9.0,3
Negative Vector Baseline,tfidf_word,q_s7_00_00_01,banking strategy,s7_00_00,paraphrase,paraphrased_negative,s7_00_00_d00|s7_00_01_d00|s7_00_02_d00,,,s7_00_00_d02,False,False,0.5,0.5,0.5,0.0,0.0,0.25,1.0,True,0.0,1.0,9.0,3
Vanilla RAG,tfidf_word,q_s7_00_00_02,banking strategy,s7_00_00,codeword,codeword_attack,s7_00_00_d03|s7_00_00_d01|s7_00_00_d00,,s7_00_00_d01|s7_00_00_d03,s7_00_00_d02,True,True,0.5,0.5,0.5,0.0,0.0,-0.75,0.3333333333333333,True,0.0,1.0,1.0,3
Positive-only RAG,tfidf_word,q_s7_00_00_02,banking strategy,s7_00_00,codeword,codeword_attack,s7_00_00_d00|s7_00_01_d00|s7_00_02_d00,,,s7_00_00_d02,False,False,0.5,0.5,0.5,0.0,0.0,0.25,1.0,True,0.0,2.0,9.0,3
Query Rewrite RAG,tfidf_word,q_s7_00_00_02,banking strategy,s7_00_00,codeword,codeword_attack,s7_00_00_d00|s7_00_01_d00|s7_00_02_d00,,,s7_00_00_d02,False,False,0.5,0.5,0.5,0.0,0.0,0.25,1.0,True,0.0,2.0,9.0,3
Keyword Blocklist,tfidf_word,q_s7_00_00_02,banking strategy,s7_00_00,codeword,codeword_attack,s7_00_00_d03|s7_00_00_d00|s7_00_01_d00,s7_00_00_d01|s7_00_02_d00|s7_00_02_d02,s7_00_00_d03,s7_00_00_d02,True,True,0.5,0.5,0.5,0.3333333333333333,0.03125,-0.75,0.6666666666666666,True,0.0625,1.0,1.0,3
Metadata Filter,tfidf_word,q_s7_00_00_02,banking strategy,s7_00_00,codeword,codeword_attack,s7_00_00_d00|s7_00_01_d00|s7_00_02_d00,s7_00_00_d01|s7_00_00_d03,,s7_00_00_d02,False,False,0.5,0.5,0.5,1.0,0.0625,0.25,1.0,True,0.0,1.0,1.0,3
GoodForget-RAG,tfidf_word,q_s7_00_00_02,banking strategy,s7_00_00,codeword,codeword_attack,s7_00_00_d00|s7_00_01_d00|s7_00_02_d00,,,s7_00_00_d02,False,False,0.5,0.5,0.5,0.0,0.0,0.25,1.0,True,0.0,1.0,9.0,3
GoodForget-RAG hard threshold,tfidf_word,q_s7_00_00_02,banking strategy,s7_00_00,codeword,codeword_attack,s7_00_00_d00|s7_00_01_d00|s7_00_02_d00,,,s7_00_00_d02,False,False,0.5,0.5,0.5,0.0,0.0,0.25,1.0,True,0.0,1.0,9.0,3
Negative Vector Baseline,tfidf_word,q_s7_00_00_02,banking strategy,s7_00_00,codeword,codeword_attack,s7_00_00_d00|s7_00_01_d00|s7_00_02_d00,,,s7_00_00_d02,False,False,0.5,0.5,0.5,0.0,0.0,0.25,1.0,True,0.0,1.0,9.0,3
Vanilla RAG,tfidf_word,q_s7_00_01_00,banking strategy,s7_00_01,paraphrase,paraphrased_negative,s7_00_00_d01|s7_00_00_d00|s7_00_01_d00,,,s7_00_01_d02,False,False,0.5,0.5,0.5,0.0,0.0,0.25,1.0,True,0.0,1.0,1.0,3
Positive-only RAG,tfidf_word,q_s7_00_01_00,banking strategy,s7_00_01,paraphrase,paraphrased_negative,s7_00_00_d00|s7_00_01_d00|s7_00_02_d00,,,s7_00_01_d02,False,False,0.5,0.5,0.5,0.0,0.0,0.25,1.0,True,0.0,2.0,9.0,3
Query Rewrite RAG,tfidf_word,q_s7_00_01_00,banking strategy,s7_00_01,paraphrase,paraphrased_negative,s7_00_00_d00|s7_00_01_d00|s7_00_02_d00,,,s7_00_01_d02,False,False,0.5,0.5,0.5,0.0,0.0,0.25,1.0,True,0.0,2.0,9.0,3
Keyword Blocklist,tfidf_word,q_s7_00_01_00,banking strategy,s7_00_01,paraphrase,paraphrased_negative,s7_00_00_d00|s7_00_01_d00|s7_00_03_d00,s7_00_00_d01|s7_00_01_d01|s7_00_02_d00|s7_00_02_d01|s7_00_03_d01,,s7_00_01_d02,False,False,0.5,0.5,0.5,0.8,0.125,0.25,1.0,True,0.03125,1.0,1.0,3
Metadata Filter,tfidf_word,q_s7_00_01_00,banking strategy,s7_00_01,paraphrase,paraphrased_negative,s7_00_00_d00|s7_00_01_d00|s7_00_02_d00,s7_00_00_d01|s7_00_01_d01|s7_00_02_d01|s7_00_03_d01,,s7_00_01_d02,False,False,0.5,0.5,0.5,1.0,0.125,0.25,1.0,True,0.0,1.0,1.0,3
GoodForget-RAG,tfidf_word,q_s7_00_01_00,banking strategy,s7_00_01,paraphrase,paraphrased_negative,s7_00_00_d00|s7_00_01_d00|s7_00_02_d00,,,s7_00_01_d02,False,False,0.5,0.5,0.5,0.0,0.0,0.25,1.0,True,0.0,1.0,9.0,3
GoodForget-RAG hard threshold,tfidf_word,q_s7_00_01_00,banking strategy,s7_00_01,paraphrase,paraphrased_negative,s7_00_00_d00|s7_00_01_d00|s7_00_02_d00,,,s7_00_01_d02,False,False,0.5,0.5,0.5,0.0,0.0,0.25,1.0,True,0.0,1.0,9.0,3
Negative Vector Baseline,tfidf_word,q_s7_00_01_00,banking strategy,s7_00_01,paraphrase,paraphrased_negative,s7_00_00_d00|s7_00_01_d00|s7_00_02_d00,,,s7_00_01_d02,False,False,0.5,0.5,0.5,0.0,0.0,0.25,1.0,True,0.0,1.0,9.0,3
Vanilla RAG,tfidf_word,q_s7_00_01_01,banking strategy,s7_00_01,codeword,codeword_attack,s7_00_01_d03|s7_00_00_d00|s7_00_01_d00,,s7_00_01_d03,s7_00_01_d02,True,True,0.5,0.5,0.5,0.0,0.0,-0.75,0.6666666666666666,True,0.0,1.0,1.0,3
Positive-only RAG,tfidf_word,q_s7_00_01_01,banking strategy,s7_00_01,codeword,codeword_attack,s7_00_00_d00|s7_00_01_d00|s7_00_02_d00,,,s7_00_01_d02,False,False,0.5,0.5,0.5,0.0,0.0,0.25,1.0,True,0.0,2.0,9.0,3
Query Rewrite RAG,tfidf_word,q_s7_00_01_01,banking strategy,s7_00_01,codeword,codeword_attack,s7_00_00_d00|s7_00_01_d00|s7_00_02_d00,,,s7_00_01_d02,False,False,0.5,0.5,0.5,0.0,0.0,0.25,1.0,True,0.0,2.0,9.0,3
Keyword Blocklist,tfidf_word,q_s7_00_01_01,banking strategy,s7_00_01,codeword,codeword_attack,s7_00_01_d03|s7_00_00_d00|s7_00_01_d00,s7_00_01_d01|s7_00_02_d00|s7_00_02_d02,s7_00_01_d03,s7_00_01_d02,True,True,0.5,0.5,0.5,0.3333333333333333,0.03125,-0.75,0.6666666666666666,True,0.0625,1.0,1.0,3
Metadata Filter,tfidf_word,q_s7_00_01_01,banking strategy,s7_00_01,codeword,codeword_attack,s7_00_00_d00|s7_00_01_d00|s7_00_02_d00,s7_00_01_d01|s7_00_01_d03,,s7_00_01_d02,False,False,0.5,0.5,0.5,1.0,0.0625,0.25,1.0,True,0.0,1.0,1.0,3
GoodForget-RAG,tfidf_word,q_s7_00_01_01,banking strategy,s7_00_01,codeword,codeword_attack,s7_00_00_d00|s7_00_01_d00|s7_00_02_d00,,,s7_00_01_d02,False,False,0.5,0.5,0.5,0.0,0.0,0.25,1.0,True,0.0,1.0,9.0,3
GoodForget-RAG hard threshold,tfidf_word,q_s7_00_01_01,banking strategy,s7_00_01,codeword,codeword_attack,s7_00_00_d00|s7_00_01_d00|s7_00_02_d00,,,s7_00_01_d02,False,False,0.5,0.5,0.5,0.0,0.0,0.25,1.0,True,0.0,1.0,9.0,3
Negative Vector Baseline,tfidf_word,q_s7_00_01_01,banking strategy,s7_00_01,codeword,codeword_attack,s7_00_00_d00|s7_00_01_d00|s7_00_02_d00,,,s7_00_01_d02,False,False,0.5,0.5,0.5,0.0,0.0,0.25,1.0,True,0.0,1.0,9.0,3
Vanilla RAG,tfidf_word,q_s7_00_01_02,banking strategy,s7_00_01,literal,contrastive_attack,s7_00_01_d01|s7_00_02_d01|s7_00_03_d01,,s7_00_01_d01,s7_00_01_d00|s7_00_01_d02,True,True,0.0,0.0,1.0,0.0,0.0,-1.5,0.6666666666666666,False,0.0,1.0,1.0,3
Positive-only RAG,tfidf_word,q_s7_00_01_02,banking strategy,s7_00_01,literal,contrastive_attack,s7_00_00_d00|s7_00_01_d00|s7_00_02_d00,,,s7_00_01_d02,False,False,0.5,0.5,0.5,0.0,0.0,0.25,1.0,True,0.0,2.0,9.0,3
Query Rewrite RAG,tfidf_word,q_s7_00_01_02,banking strategy,s7_00_01,literal,contrastive_attack,s7_00_00_d00|s7_00_01_d00|s7_00_02_d00,,,s7_00_01_d02,False,False,0.5,0.5,0.5,0.0,0.0,0.25,1.0,True,0.0,2.0,9.0,3
Keyword Blocklist,tfidf_word,q_s7_00_01_02,banking strategy,s7_00_01,literal,contrastive_attack,s7_00_03_d03|s7_00_00_d00|s7_00_01_d00,s7_00_01_d01|s7_00_02_d00|s7_00_02_d01|s7_00_02_d03|s7_00_03_d01,,s7_00_01_d02,False,False,0.5,0.5,0.5,0.8,0.125,0.25,1.0,True,0.03125,1.0,1.0,3
Metadata Filter,tfidf_word,q_s7_00_01_02,banking strategy,s7_00_01,literal,contrastive_attack,s7_00_00_d00|s7_00_01_d00|s7_00_02_d00,s7_00_01_d01|s7_00_01_d03|s7_00_02_d01|s7_00_02_d03|s7_00_03_d01|s7_00_03_d03,,s7_00_01_d02,False,False,0.5,0.5,0.5,1.0,0.1875,0.25,1.0,True,0.0,1.0,1.0,3
GoodForget-RAG,tfidf_word,q_s7_00_01_02,banking strategy,s7_00_01,literal,contrastive_attack,s7_00_01_d00|s7_00_02_d00|s7_00_00_d00,,,s7_00_01_d02,False,False,0.5,0.5,0.5,0.0,0.0,0.25,1.0,True,0.0,1.0,9.0,3
GoodForget-RAG hard threshold,tfidf_word,q_s7_00_01_02,banking strategy,s7_00_01,literal,contrastive_attack,s7_00_00_d02|s7_00_01_d02|s7_00_02_d02,s7_00_00_d00|s7_00_01_d00|s7_00_02_d00|s7_00_02_d03|s7_00_03_d00|s7_00_03_d03,,s7_00_01_d00,False,False,0.5,0.5,0.5,0.3333333333333333,0.0625,0.25,1.0,True,0.125,1.0,9.0,3
Negative Vector Baseline,tfidf_word,q_s7_00_01_02,banking strategy,s7_00_01,literal,contrastive_attack,s7_00_00_d00|s7_00_01_d00|s7_00_02_d00,,,s7_00_01_d02,False,False,0.5,0.5,0.5,0.0,0.0,0.25,1.0,True,0.0,1.0,9.0,3
Vanilla RAG,tfidf_word,q_s7_00_02_00,banking strategy,s7_00_02,codeword,codeword_attack,s7_00_02_d03|s7_00_00_d00|s7_00_01_d00,,s7_00_02_d03,s7_00_02_d00|s7_00_02_d02,True,True,0.0,0.0,1.0,0.0,0.0,-1.5,0.6666666666666666,False,0.0,1.0,1.0,3
Positive-only RAG,tfidf_word,q_s7_00_02_00,banking strategy,s7_00_02,codeword,codeword_attack,s7_00_00_d00|s7_00_01_d00|s7_00_02_d00,,,s7_00_02_d02,False,False,0.5,0.5,0.5,0.0,0.0,0.25,1.0,True,0.0,2.0,9.0,3
Query Rewrite RAG,tfidf_word,q_s7_00_02_00,banking strategy,s7_00_02,codeword,codeword_attack,s7_00_00_d00|s7_00_01_d00|s7_00_02_d00,,,s7_00_02_d02,False,False,0.5,0.5,0.5,0.0,0.0,0.25,1.0,True,0.0,2.0,9.0,3
Keyword Blocklist,tfidf_word,q_s7_00_02_00,banking strategy,s7_00_02,codeword,codeword_attack,s7_00_00_d00|s7_00_01_d00|s7_00_03_d00,s7_00_02_d00|s7_00_02_d02|s7_00_02_d03,,s7_00_02_d00|s7_00_02_d02,False,False,0.0,0.0,1.0,0.3333333333333333,0.03125,-0.5,1.0,False,0.0625,1.0,1.0,3
Metadata Filter,tfidf_word,q_s7_00_02_00,banking strategy,s7_00_02,codeword,codeword_attack,s7_00_00_d00|s7_00_01_d00|s7_00_02_d00,s7_00_02_d03|s7_00_03_d03,,s7_00_02_d02,False,False,0.5,0.5,0.5,1.0,0.0625,0.25,1.0,True,0.0,1.0,1.0,3
GoodForget-RAG,tfidf_word,q_s7_00_02_00,banking strategy,s7_00_02,codeword,codeword_attack,s7_00_00_d00|s7_00_01_d00|s7_00_02_d00,,,s7_00_02_d02,False,False,0.5,0.5,0.5,0.0,0.0,0.25,1.0,True,0.0,1.0,9.0,3
GoodForget-RAG hard threshold,tfidf_word,q_s7_00_02_00,banking strategy,s7_00_02,codeword,codeword_attack,s7_00_00_d00|s7_00_01_d00|s7_00_02_d00,,,s7_00_02_d02,False,False,0.5,0.5,0.5,0.0,0.0,0.25,1.0,True,0.0,1.0,9.0,3
Negative Vector Baseline,tfidf_word,q_s7_00_02_00,banking strategy,s7_00_02,codeword,codeword_attack,s7_00_00_d00|s7_00_01_d00|s7_00_02_d00,,,s7_00_02_d02,False,False,0.5,0.5,0.5,0.0,0.0,0.25,1.0,True,0.0,1.0,9.0,3
Vanilla RAG,tfidf_word,q_s7_00_02_01,banking strategy,s7_00_02,literal,contrastive_attack,s7_00_02_d01|s7_00_01_d01|s7_00_03_d01,,s7_00_02_d01,s7_00_02_d00|s7_00_02_d02,True,True,0.0,0.0,1.0,0.0,0.0,-1.5,0.6666666666666666,False,0.0,1.0,1.0,3
Positive-only RAG,tfidf_word,q_s7_00_02_01,banking strategy,s7_00_02,literal,contrastive_attack,s7_00_00_d00|s7_00_01_d00|s7_00_02_d00,,,s7_00_02_d02,False,False,0.5,0.5,0.5,0.0,0.0,0.25,1.0,True,0.0,2.0,9.0,3
Query Rewrite RAG,tfidf_word,q_s7_00_02_01,banking strategy,s7_00_02,literal,contrastive_attack,s7_00_00_d00|s7_00_01_d00|s7_00_02_d00,,,s7_00_02_d02,False,False,0.5,0.5,0.5,0.0,0.0,0.25,1.0,True,0.0,2.0,9.0,3
Keyword Blocklist,tfidf_word,q_s7_00_02_01,banking strategy,s7_00_02,literal,contrastive_attack,s7_00_03_d03|s7_00_01_d03|s7_00_00_d03,s7_00_00_d01|s7_00_01_d01|s7_00_02_d01|s7_00_02_d03|s7_00_03_d01,,s7_00_02_d00|s7_00_02_d02,False,False,0.0,0.0,1.0,1.0,0.15625,-0.5,1.0,False,0.0,1.0,1.0,3
Metadata Filter,tfidf_word,q_s7_00_02_01,banking strategy,s7_00_02,literal,contrastive_attack,s7_00_00_d00|s7_00_01_d00,s7_00_00_d01|s7_00_00_d03|s7_00_01_d01|s7_00_01_d03|s7_00_02_d01|s7_00_02_d03|s7_00_03_d01|s7_00_03_d03,,s7_00_02_d00|s7_00_02_d02,False,False,0.0,0.0,1.0,1.0,0.25,-0.5,1.0,False,0.0,1.0,1.0,2
GoodForget-RAG,tfidf_word,q_s7_00_02_01,banking strategy,s7_00_02,literal,contrastive_attack,s7_00_00_d00|s7_00_01_d00|s7_00_02_d00,,,s7_00_02_d02,False,False,0.5,0.5,0.5,0.0,0.0,0.25,1.0,True,0.0,1.0,9.0,3
GoodForget-RAG hard threshold,tfidf_word,q_s7_00_02_01,banking strategy,s7_00_02,literal,contrastive_attack,s7_00_00_d00|s7_00_01_d00|s7_00_02_d00,s7_00_02_d03|s7_00_03_d03,,s7_00_02_d02,False,False,0.5,0.5,0.5,1.0,0.0625,0.25,1.0,True,0.0,1.0,9.0,3
Negative Vector Baseline,tfidf_word,q_s7_00_02_01,banking strategy,s7_00_02,literal,contrastive_attack,s7_00_00_d00|s7_00_01_d00|s7_00_02_d00,,,s7_00_02_d02,False,False,0.5,0.5,0.5,0.0,0.0,0.25,1.0,True,0.0,1.0,9.0,3
Vanilla RAG,tfidf_word,q_s7_00_02_02,banking strategy,s7_00_02,paraphrase,indirect_attack,s7_00_03_d03|s7_00_02_d03|s7_00_01_d03,,s7_00_02_d03,s7_00_02_d00|s7_00_02_d02,True,True,0.0,0.0,1.0,0.0,0.0,-1.5,0.6666666666666666,False,0.0,1.0,1.0,3
Positive-only RAG,tfidf_word,q_s7_00_02_02,banking strategy,s7_00_02,paraphrase,indirect_attack,s7_00_00_d00|s7_00_01_d00|s7_00_02_d00,,,s7_00_02_d02,False,False,0.5,0.5,0.5,0.0,0.0,0.25,1.0,True,0.0,2.0,9.0,3
Query Rewrite RAG,tfidf_word,q_s7_00_02_02,banking strategy,s7_00_02,paraphrase,indirect_attack,s7_00_00_d00|s7_00_01_d00|s7_00_02_d00,,,s7_00_02_d02,False,False,0.5,0.5,0.5,0.0,0.0,0.25,1.0,True,0.0,2.0,9.0,3
Keyword Blocklist,tfidf_word,q_s7_00_02_02,banking strategy,s7_00_02,paraphrase,indirect_attack,s7_00_03_d03|s7_00_01_d03|s7_00_00_d03,s7_00_00_d01|s7_00_01_d01|s7_00_02_d00|s7_00_02_d03,,s7_00_02_d00|s7_00_02_d02,False,False,0.0,0.0,1.0,0.75,0.09375,-0.5,1.0,False,0.03125,1.0,1.0,3
Metadata Filter,tfidf_word,q_s7_00_02_02,banking strategy,s7_00_02,paraphrase,indirect_attack,s7_00_00_d00|s7_00_01_d00|s7_00_02_d00,s7_00_00_d01|s7_00_00_d03|s7_00_01_d01|s7_00_01_d03|s7_00_02_d03|s7_00_03_d03,,s7_00_02_d02,False,False,0.5,0.5,0.5,1.0,0.1875,0.25,1.0,True,0.0,1.0,1.0,3
GoodForget-RAG,tfidf_word,q_s7_00_02_02,banking strategy,s7_00_02,paraphrase,indirect_attack,s7_00_00_d00|s7_00_01_d00|s7_00_02_d00,,,s7_00_02_d02,False,False,0.5,0.5,0.5,0.0,0.0,0.25,1.0,True,0.0,1.0,21.0,3
GoodForget-RAG hard threshold,tfidf_word,q_s7_00_02_02,banking strategy,s7_00_02,paraphrase,indirect_attack,s7_00_00_d00|s7_00_01_d00|s7_00_02_d00,,,s7_00_02_d02,False,False,0.5,0.5,0.5,0.0,0.0,0.25,1.0,True,0.0,1.0,21.0,3
Negative Vector Baseline,tfidf_word,q_s7_00_02_02,banking strategy,s7_00_02,paraphrase,indirect_attack,s7_00_00_d00|s7_00_01_d00|s7_00_02_d00,,,s7_00_02_d02,False,False,0.5,0.5,0.5,0.0,0.0,0.25,1.0,True,0.0,1.0,9.0,3
Vanilla RAG,tfidf_word,q_s7_00_03_00,banking strategy,s7_00_03,literal,contrastive_attack,s7_00_03_d01|s7_00_02_d01|s7_00_01_d01,,s7_00_03_d01,s7_00_03_d00|s7_00_03_d02,True,True,0.0,0.0,1.0,0.0,0.0,-1.5,0.6666666666666666,False,0.0,1.0,1.0,3
Positive-only RAG,tfidf_word,q_s7_00_03_00,banking strategy,s7_00_03,literal,contrastive_attack,s7_00_00_d00|s7_00_01_d00|s7_00_02_d00,,,s7_00_03_d00|s7_00_03_d02,False,False,0.0,0.0,1.0,0.0,0.0,-0.5,1.0,False,0.0,2.0,9.0,3
Query Rewrite RAG,tfidf_word,q_s7_00_03_00,banking strategy,s7_00_03,literal,contrastive_attack,s7_00_00_d00|s7_00_01_d00|s7_00_02_d00,,,s7_00_03_d00|s7_00_03_d02,False,False,0.0,0.0,1.0,0.0,0.0,-0.5,1.0,False,0.0,2.0,9.0,3
Keyword Blocklist,tfidf_word,q_s7_00_03_00,banking strategy,s7_00_03,literal,contrastive_attack,s7_00_03_d03|s7_00_00_d00|s7_00_01_d00,s7_00_01_d01|s7_00_02_d00|s7_00_02_d01|s7_00_02_d03|s7_00_03_d01|s7_02_03_d01,s7_00_03_d03,s7_00_03_d00|s7_00_03_d02,True,True,0.0,0.0,1.0,0.8333333333333334,0.15625,-1.5,0.6666666666666666,False,0.03125,1.0,1.0,3
Metadata Filter,tfidf_word,q_s7_00_03_00,banking strategy,s7_00_03,literal,contrastive_attack,s7_00_00_d00|s7_00_01_d00|s7_00_02_d00,s7_00_01_d01|s7_00_02_d01|s7_00_02_d03|s7_00_03_d01|s7_00_03_d03|s7_02_03_d01,,s7_00_03_d00|s7_00_03_d02,False,False,0.0,0.0,1.0,1.0,0.1875,-0.5,1.0,False,0.0,1.0,1.0,3
GoodForget-RAG,tfidf_word,q_s7_00_03_00,banking strategy,s7_00_03,literal,contrastive_attack,s7_00_00_d00|s7_00_01_d00|s7_00_02_d00,,,s7_00_03_d00|s7_00_03_d02,False,False,0.0,0.0,1.0,0.0,0.0,-0.5,1.0,False,0.0,1.0,9.0,3
GoodForget-RAG hard threshold,tfidf_word,q_s7_00_03_00,banking strategy,s7_00_03,literal,contrastive_attack,s7_00_00_d00|s7_00_01_d00|s7_00_02_d00,,,s7_00_03_d00|s7_00_03_d02,False,False,0.0,0.0,1.0,0.0,0.0,-0.5,1.0,False,0.0,1.0,9.0,3
Negative Vector Baseline,tfidf_word,q_s7_00_03_00,banking strategy,s7_00_03,literal,contrastive_attack,s7_00_00_d00|s7_00_01_d00|s7_00_02_d00,,,s7_00_03_d00|s7_00_03_d02,False,False,0.0,0.0,1.0,0.0,0.0,-0.5,1.0,False,0.0,1.0,9.0,3
Vanilla RAG,tfidf_word,q_s7_00_03_01,banking strategy,s7_00_03,paraphrase,indirect_attack,s7_00_03_d03|s7_00_02_d03|s7_00_01_d03,,s7_00_03_d03,s7_00_03_d00|s7_00_03_d02,True,True,0.0,0.0,1.0,0.0,0.0,-1.5,0.6666666666666666,False,0.0,1.0,1.0,3
Positive-only RAG,tfidf_word,q_s7_00_03_01,banking strategy,s7_00_03,paraphrase,indirect_attack,s7_00_00_d00|s7_00_01_d00|s7_00_02_d00,,,s7_00_03_d00|s7_00_03_d02,False,False,0.0,0.0,1.0,0.0,0.0,-0.5,1.0,False,0.0,2.0,9.0,3
Query Rewrite RAG,tfidf_word,q_s7_00_03_01,banking strategy,s7_00_03,paraphrase,indirect_attack,s7_00_00_d00|s7_00_01_d00|s7_00_02_d00,,,s7_00_03_d00|s7_00_03_d02,False,False,0.0,0.0,1.0,0.0,0.0,-0.5,1.0,False,0.0,2.0,9.0,3
Keyword Blocklist,tfidf_word,q_s7_00_03_01,banking strategy,s7_00_03,paraphrase,indirect_attack,s7_00_03_d03|s7_00_01_d03|s7_00_00_d03,s7_00_00_d01|s7_00_01_d01|s7_00_02_d00|s7_00_02_d03,s7_00_03_d03,s7_00_03_d00|s7_00_03_d02,True,True,0.0,0.0,1.0,0.75,0.09375,-1.5,0.6666666666666666,False,0.03125,1.0,1.0,3
Metadata Filter,tfidf_word,q_s7_00_03_01,banking strategy,s7_00_03,paraphrase,indirect_attack,s7_00_00_d00|s7_00_01_d00|s7_00_02_d00,s7_00_00_d01|s7_00_00_d03|s7_00_01_d01|s7_00_01_d03|s7_00_02_d03|s7_00_03_d03,,s7_00_03_d00|s7_00_03_d02,False,False,0.0,0.0,1.0,1.0,0.1875,-0.5,1.0,False,0.0,1.0,1.0,3
GoodForget-RAG,tfidf_word,q_s7_00_03_01,banking strategy,s7_00_03,paraphrase,indirect_attack,s7_00_00_d00|s7_00_01_d00|s7_00_02_d00,,,s7_00_03_d00|s7_00_03_d02,False,False,0.0,0.0,1.0,0.0,0.0,-0.5,1.0,False,0.0,1.0,9.0,3
GoodForget-RAG hard threshold,tfidf_word,q_s7_00_03_01,banking strategy,s7_00_03,paraphrase,indirect_attack,s7_00_00_d00|s7_00_01_d00|s7_00_02_d00,,,s7_00_03_d00|s7_00_03_d02,False,False,0.0,0.0,1.0,0.0,0.0,-0.5,1.0,False,0.0,1.0,9.0,3
Negative Vector Baseline,tfidf_word,q_s7_00_03_01,banking strategy,s7_00_03,paraphrase,indirect_attack,s7_00_00_d00|s7_00_01_d00|s7_00_02_d00,,,s7_00_03_d00|s7_00_03_d02,False,False,0.0,0.0,1.0,0.0,0.0,-0.5,1.0,False,0.0,1.0,9.0,3
Vanilla RAG,tfidf_word,q_s7_00_03_02,banking strategy,s7_00_03,stale_policy,stale_policy_confusion,s7_00_00_d00|s7_00_01_d00|s7_00_02_d00,,,s7_00_03_d00|s7_00_03_d02,False,False,0.0,0.0,1.0,0.0,0.0,-0.5,1.0,False,0.0,5.0,5.0,3
Positive-only RAG,tfidf_word,q_s7_00_03_02,banking strategy,s7_00_03,stale_policy,stale_policy_confusion,s7_00_00_d00|s7_00_01_d00|s7_00_02_d00,,,s7_00_03_d00|s7_00_03_d02,False,False,0.0,0.0,1.0,0.0,0.0,-0.5,1.0,False,0.0,2.0,9.0,3
Query Rewrite RAG,tfidf_word,q_s7_00_03_02,banking strategy,s7_00_03,stale_policy,stale_policy_confusion,s7_00_00_d00|s7_00_01_d00|s7_00_02_d00,,,s7_00_03_d00|s7_00_03_d02,False,False,0.0,0.0,1.0,0.0,0.0,-0.5,1.0,False,0.0,2.0,9.0,3
Keyword Blocklist,tfidf_word,q_s7_00_03_02,banking strategy,s7_00_03,stale_policy,stale_policy_confusion,s7_00_00_d00|s7_00_01_d00|s7_00_03_d00,s7_00_02_d00|s7_00_02_d03,,s7_00_03_d02,False,False,0.5,0.5,0.5,0.5,0.03125,0.25,1.0,True,0.03125,5.0,5.0,3
Metadata Filter,tfidf_word,q_s7_00_03_02,banking strategy,s7_00_03,stale_policy,stale_policy_confusion,s7_00_00_d00|s7_00_01_d00|s7_00_02_d00,s7_00_00_d03|s7_00_01_d03|s7_00_02_d03|s7_00_03_d03,,s7_00_03_d00|s7_00_03_d02,False,False,0.0,0.0,1.0,1.0,0.125,-0.5,1.0,False,0.0,5.0,5.0,3
GoodForget-RAG,tfidf_word,q_s7_00_03_02,banking strategy,s7_00_03,stale_policy,stale_policy_confusion,s7_00_00_d00|s7_00_01_d00|s7_00_02_d00,,,s7_00_03_d00|s7_00_03_d02,False,False,0.0,0.0,1.0,0.0,0.0,-0.5,1.0,False,0.0,5.0,17.0,3
GoodForget-RAG hard threshold,tfidf_word,q_s7_00_03_02,banking strategy,s7_00_03,stale_policy,stale_policy_confusion,s7_00_00_d00|s7_00_01_d00|s7_00_02_d00,,,s7_00_03_d00|s7_00_03_d02,False,False,0.0,0.0,1.0,0.0,0.0,-0.5,1.0,False,0.0,5.0,17.0,3
Negative Vector Baseline,tfidf_word,q_s7_00_03_02,banking strategy,s7_00_03,stale_policy,stale_policy_confusion,s7_00_00_d00|s7_00_01_d00|s7_00_02_d00,,,s7_00_03_d00|s7_00_03_d02,False,False,0.0,0.0,1.0,0.0,0.0,-0.5,1.0,False,0.0,5.0,9.0,3
Vanilla RAG,tfidf_word,q_s7_01_00_00,healthcare policy,s7_01_00,mixed_evidence,paraphrased_negative,s7_01_03_d00|s7_01_00_d00|s7_01_01_d00,,,s7_01_00_d02,False,False,0.5,0.5,0.5,0.0,0.0,0.25,1.0,True,0.0,5.0,5.0,3
Positive-only RAG,tfidf_word,q_s7_01_00_00,healthcare policy,s7_01_00,mixed_evidence,paraphrased_negative,s7_01_03_d00|s7_01_00_d00|s7_01_01_d00,,,s7_01_00_d02,False,False,0.5,0.5,0.5,0.0,0.0,0.25,1.0,True,0.0,2.0,9.0,3
Query Rewrite RAG,tfidf_word,q_s7_01_00_00,healthcare policy,s7_01_00,mixed_evidence,paraphrased_negative,s7_01_03_d00|s7_01_00_d00|s7_01_01_d00,,,s7_01_00_d02,False,False,0.5,0.5,0.5,0.0,0.0,0.25,1.0,True,0.0,2.0,9.0,3
Keyword Blocklist,tfidf_word,q_s7_01_00_00,healthcare policy,s7_01_00,mixed_evidence,paraphrased_negative,s7_01_03_d00|s7_01_00_d00|s7_01_01_d00,s7_01_00_d01|s7_01_01_d01|s7_01_02_d01|s7_01_03_d01,,s7_01_00_d02,False,False,0.5,0.5,0.5,1.0,0.125,0.25,1.0,True,0.0,5.0,5.0,3
Metadata Filter,tfidf_word,q_s7_01_00_00,healthcare policy,s7_01_00,mixed_evidence,paraphrased_negative,s7_01_03_d00|s7_01_00_d00|s7_01_01_d00,s7_01_00_d01|s7_01_01_d01|s7_01_02_d01|s7_01_03_d01,,s7_01_00_d02,False,False,0.5,0.5,0.5,1.0,0.125,0.25,1.0,True,0.0,5.0,5.0,3
GoodForget-RAG,tfidf_word,q_s7_01_00_00,healthcare policy,s7_01_00,mixed_evidence,paraphrased_negative,s7_01_03_d00|s7_01_00_d00|s7_01_01_d00,,,s7_01_00_d02,False,False,0.5,0.5,0.5,0.0,0.0,0.25,1.0,True,0.0,5.0,21.0,3
GoodForget-RAG hard threshold,tfidf_word,q_s7_01_00_00,healthcare policy,s7_01_00,mixed_evidence,paraphrased_negative,s7_01_03_d00|s7_01_00_d00|s7_01_01_d00,,,s7_01_00_d02,False,False,0.5,0.5,0.5,0.0,0.0,0.25,1.0,True,0.0,5.0,21.0,3
Negative Vector Baseline,tfidf_word,q_s7_01_00_00,healthcare policy,s7_01_00,mixed_evidence,paraphrased_negative,s7_01_03_d00|s7_01_00_d00|s7_01_01_d00,,,s7_01_00_d02,False,False,0.5,0.5,0.5,0.0,0.0,0.25,1.0,True,0.0,5.0,21.0,3
Vanilla RAG,tfidf_word,q_s7_01_00_01,healthcare policy,s7_01_00,codeword,codeword_attack,s7_01_00_d03|s7_01_03_d00|s7_01_00_d00,,s7_01_00_d03,s7_01_00_d02,True,True,0.5,0.5,0.5,0.0,0.0,-0.75,0.6666666666666666,True,0.0,1.0,1.0,3
Positive-only RAG,tfidf_word,q_s7_01_00_01,healthcare policy,s7_01_00,codeword,codeword_attack,s7_01_03_d00|s7_01_00_d00|s7_01_01_d00,,,s7_01_00_d02,False,False,0.5,0.5,0.5,0.0,0.0,0.25,1.0,True,0.0,2.0,9.0,3
Query Rewrite RAG,tfidf_word,q_s7_01_00_01,healthcare policy,s7_01_00,codeword,codeword_attack,s7_01_03_d00|s7_01_00_d00|s7_01_01_d00,,,s7_01_00_d02,False,False,0.5,0.5,0.5,0.0,0.0,0.25,1.0,True,0.0,2.0,9.0,3
Keyword Blocklist,tfidf_word,q_s7_01_00_01,healthcare policy,s7_01_00,codeword,codeword_attack,s7_01_00_d03|s7_01_03_d00|s7_01_00_d00,s7_01_00_d01,s7_01_00_d03,s7_01_00_d02,True,True,0.5,0.5,0.5,1.0,0.03125,-0.75,0.6666666666666666,True,0.0,1.0,1.0,3
Metadata Filter,tfidf_word,q_s7_01_00_01,healthcare policy,s7_01_00,codeword,codeword_attack,s7_01_03_d00|s7_01_00_d00|s7_01_01_d00,s7_01_00_d01|s7_01_00_d03,,s7_01_00_d02,False,False,0.5,0.5,0.5,1.0,0.0625,0.25,1.0,True,0.0,1.0,1.0,3
GoodForget-RAG,tfidf_word,q_s7_01_00_01,healthcare policy,s7_01_00,codeword,codeword_attack,s7_01_03_d00|s7_01_00_d00|s7_01_01_d00,,,s7_01_00_d02,False,False,0.5,0.5,0.5,0.0,0.0,0.25,1.0,True,0.0,1.0,9.0,3
GoodForget-RAG hard threshold,tfidf_word,q_s7_01_00_01,healthcare policy,s7_01_00,codeword,codeword_attack,s7_01_03_d00|s7_01_00_d00|s7_01_01_d00,,,s7_01_00_d02,False,False,0.5,0.5,0.5,0.0,0.0,0.25,1.0,True,0.0,1.0,9.0,3
Negative Vector Baseline,tfidf_word,q_s7_01_00_01,healthcare policy,s7_01_00,codeword,codeword_attack,s7_01_03_d00|s7_01_00_d00|s7_01_01_d00,,,s7_01_00_d02,False,False,0.5,0.5,0.5,0.0,0.0,0.25,1.0,True,0.0,1.0,9.0,3
Vanilla RAG,tfidf_word,q_s7_01_00_02,healthcare policy,s7_01_00,mixed_evidence,contrastive_attack,s7_01_00_d01|s7_01_02_d03|s7_01_01_d03,,s7_01_00_d01,s7_01_00_d00|s7_01_00_d02,True,True,0.0,0.0,1.0,0.0,0.0,-1.5,0.6666666666666666,False,0.0,1.0,1.0,3
Positive-only RAG,tfidf_word,q_s7_01_00_02,healthcare policy,s7_01_00,mixed_evidence,contrastive_attack,s7_01_03_d00|s7_01_00_d00|s7_01_01_d00,,,s7_01_00_d02,False,False,0.5,0.5,0.5,0.0,0.0,0.25,1.0,True,0.0,2.0,9.0,3
Query Rewrite RAG,tfidf_word,q_s7_01_00_02,healthcare policy,s7_01_00,mixed_evidence,contrastive_attack,s7_01_03_d00|s7_01_00_d00|s7_01_01_d00,,,s7_01_00_d02,False,False,0.5,0.5,0.5,0.0,0.0,0.25,1.0,True,0.0,2.0,9.0,3
Keyword Blocklist,tfidf_word,q_s7_01_00_02,healthcare policy,s7_01_00,mixed_evidence,contrastive_attack,s7_01_02_d03|s7_01_01_d03|s7_01_03_d03,s7_01_00_d01,,s7_01_00_d00|s7_01_00_d02,False,False,0.0,0.0,1.0,1.0,0.03125,-0.5,1.0,False,0.0,1.0,1.0,3
Metadata Filter,tfidf_word,q_s7_01_00_02,healthcare policy,s7_01_00,mixed_evidence,contrastive_attack,s7_01_00_d00|s7_01_01_d00|s7_01_02_d00,s7_01_00_d01|s7_01_00_d03|s7_01_01_d03|s7_01_02_d03|s7_01_03_d03,,s7_01_00_d02,False,False,0.5,0.5,0.5,1.0,0.15625,0.25,1.0,True,0.0,1.0,1.0,3
GoodForget-RAG,tfidf_word,q_s7_01_00_02,healthcare policy,s7_01_00,mixed_evidence,contrastive_attack,s7_01_03_d00|s7_01_00_d00|s7_01_01_d00,,,s7_01_00_d02,False,False,0.5,0.5,0.5,0.0,0.0,0.25,1.0,True,0.0,1.0,21.0,3
GoodForget-RAG hard threshold,tfidf_word,q_s7_01_00_02,healthcare policy,s7_01_00,mixed_evidence,contrastive_attack,s7_01_02_d02|s7_01_00_d02|s7_01_01_d02,s7_01_00_d00|s7_01_01_d00|s7_01_02_d00|s7_01_03_d00,,s7_01_00_d00,False,False,0.5,0.5,0.5,0.0,0.0,0.25,1.0,True,0.125,1.0,21.0,3
Negative Vector Baseline,tfidf_word,q_s7_01_00_02,healthcare policy,s7_01_00,mixed_evidence,contrastive_attack,s7_01_03_d00|s7_01_00_d00|s7_01_01_d00,,,s7_01_00_d02,False,False,0.5,0.5,0.5,0.0,0.0,0.25,1.0,True,0.0,1.0,9.0,3
Vanilla RAG,tfidf_word,q_s7_01_01_00,healthcare policy,s7_01_01,codeword,codeword_attack,s7_01_01_d03|s7_01_03_d00|s7_01_00_d00,,s7_01_01_d03,s7_01_01_d00|s7_01_01_d02,True,True,0.0,0.0,1.0,0.0,0.0,-1.5,0.6666666666666666,False,0.0,1.0,1.0,3
Positive-only RAG,tfidf_word,q_s7_01_01_00,healthcare policy,s7_01_01,codeword,codeword_attack,s7_01_03_d00|s7_01_00_d00|s7_01_01_d00,,,s7_01_01_d02,False,False,0.5,0.5,0.5,0.0,0.0,0.25,1.0,True,0.0,2.0,9.0,3
Query Rewrite RAG,tfidf_word,q_s7_01_01_00,healthcare policy,s7_01_01,codeword,codeword_attack,s7_01_03_d00|s7_01_00_d00|s7_01_01_d00,,,s7_01_01_d02,False,False,0.5,0.5,0.5,0.0,0.0,0.25,1.0,True,0.0,2.0,9.0,3
Keyword Blocklist,tfidf_word,q_s7_01_01_00,healthcare policy,s7_01_01,codeword,codeword_attack,s7_01_01_d03|s7_01_03_d00|s7_01_00_d00,,s7_01_01_d03,s7_01_01_d00|s7_01_01_d02,True,True,0.0,0.0,1.0,0.0,0.0,-1.5,0.6666666666666666,False,0.0,1.0,1.0,3
Metadata Filter,tfidf_word,q_s7_01_01_00,healthcare policy,s7_01_01,codeword,codeword_attack,s7_01_03_d00|s7_01_00_d00|s7_01_01_d00,s7_01_01_d03|s7_01_02_d03,,s7_01_01_d02,False,False,0.5,0.5,0.5,1.0,0.0625,0.25,1.0,True,0.0,1.0,1.0,3
GoodForget-RAG,tfidf_word,q_s7_01_01_00,healthcare policy,s7_01_01,codeword,codeword_attack,s7_01_03_d00|s7_01_00_d00|s7_01_01_d00,,,s7_01_01_d02,False,False,0.5,0.5,0.5,0.0,0.0,0.25,1.0,True,0.0,1.0,9.0,3
GoodForget-RAG hard threshold,tfidf_word,q_s7_01_01_00,healthcare policy,s7_01_01,codeword,codeword_attack,s7_01_03_d00|s7_01_00_d00|s7_01_01_d00,,,s7_01_01_d02,False,False,0.5,0.5,0.5,0.0,0.0,0.25,1.0,True,0.0,1.0,9.0,3
Negative Vector Baseline,tfidf_word,q_s7_01_01_00,healthcare policy,s7_01_01,codeword,codeword_attack,s7_01_03_d00|s7_01_00_d00|s7_01_01_d00,,,s7_01_01_d02,False,False,0.5,0.5,0.5,0.0,0.0,0.25,1.0,True,0.0,1.0,9.0,3
Vanilla RAG,tfidf_word,q_s7_01_01_01,healthcare policy,s7_01_01,near_duplicate,contrastive_attack,s7_01_01_d01|s7_03_01_d01|s7_01_03_d00,,s7_01_01_d01,s7_01_01_d00|s7_01_01_d02,True,True,0.0,0.0,1.0,0.0,0.0,-1.5,0.6666666666666666,False,0.0,1.0,1.0,3
Positive-only RAG,tfidf_word,q_s7_01_01_01,healthcare policy,s7_01_01,near_duplicate,contrastive_attack,s7_01_03_d00|s7_01_00_d00|s7_01_01_d00,,,s7_01_01_d02,False,False,0.5,0.5,0.5,0.0,0.0,0.25,1.0,True,0.0,2.0,9.0,3
Query Rewrite RAG,tfidf_word,q_s7_01_01_01,healthcare policy,s7_01_01,near_duplicate,contrastive_attack,s7_01_03_d00|s7_01_00_d00|s7_01_01_d00,,,s7_01_01_d02,False,False,0.5,0.5,0.5,0.0,0.0,0.25,1.0,True,0.0,2.0,9.0,3
Keyword Blocklist,tfidf_word,q_s7_01_01_01,healthcare policy,s7_01_01,near_duplicate,contrastive_attack,s7_01_03_d00|s7_01_00_d00|s7_01_01_d00,s7_01_01_d01|s7_03_01_d01,,s7_01_01_d02,False,False,0.5,0.5,0.5,1.0,0.0625,0.25,1.0,True,0.0,1.0,1.0,3
Metadata Filter,tfidf_word,q_s7_01_01_01,healthcare policy,s7_01_01,near_duplicate,contrastive_attack,s7_01_03_d00|s7_01_00_d00|s7_01_01_d00,s7_01_00_d03|s7_01_01_d01|s7_01_01_d03|s7_01_02_d03|s7_01_03_d03|s7_03_01_d01,,s7_01_01_d02,False,False,0.5,0.5,0.5,1.0,0.1875,0.25,1.0,True,0.0,1.0,1.0,3
GoodForget-RAG,tfidf_word,q_s7_01_01_01,healthcare policy,s7_01_01,near_duplicate,contrastive_attack,s7_01_03_d00|s7_01_00_d00|s7_01_01_d00,,,s7_01_01_d02,False,False,0.5,0.5,0.5,0.0,0.0,0.25,1.0,True,0.0,1.0,9.0,3
GoodForget-RAG hard threshold,tfidf_word,q_s7_01_01_01,healthcare policy,s7_01_01,near_duplicate,contrastive_attack,s7_01_03_d00|s7_01_00_d00|s7_01_01_d00,,,s7_01_01_d02,False,False,0.5,0.5,0.5,0.0,0.0,0.25,1.0,True,0.0,1.0,9.0,3
Negative Vector Baseline,tfidf_word,q_s7_01_01_01,healthcare policy,s7_01_01,near_duplicate,contrastive_attack,s7_01_00_d00|s7_01_01_d00|s7_01_02_d00,,,s7_01_01_d02,False,False,0.5,0.5,0.5,0.0,0.0,0.25,1.0,True,0.0,1.0,9.0,3
Vanilla RAG,tfidf_word,q_s7_01_01_02,healthcare policy,s7_01_01,near_duplicate,indirect_attack,s7_01_00_d00|s7_01_01_d00|s7_01_02_d00,,,s7_01_01_d02,False,False,0.5,0.5,0.5,0.0,0.0,0.25,1.0,True,0.0,5.0,5.0,3
Positive-only RAG,tfidf_word,q_s7_01_01_02,healthcare policy,s7_01_01,near_duplicate,indirect_attack,s7_01_03_d00|s7_01_00_d00|s7_01_01_d00,,,s7_01_01_d02,False,False,0.5,0.5,0.5,0.0,0.0,0.25,1.0,True,0.0,2.0,9.0,3
Query Rewrite RAG,tfidf_word,q_s7_01_01_02,healthcare policy,s7_01_01,near_duplicate,indirect_attack,s7_01_03_d00|s7_01_00_d00|s7_01_01_d00,,,s7_01_01_d02,False,False,0.5,0.5,0.5,0.0,0.0,0.25,1.0,True,0.0,2.0,9.0,3
Keyword Blocklist,tfidf_word,q_s7_01_01_02,healthcare policy,s7_01_01,near_duplicate,indirect_attack,s7_01_00_d00|s7_01_01_d00|s7_01_02_d00,s7_01_00_d01|s7_01_03_d01,,s7_01_01_d02,False,False,0.5,0.5,0.5,1.0,0.0625,0.25,1.0,True,0.0,5.0,5.0,3
Metadata Filter,tfidf_word,q_s7_01_01_02,healthcare policy,s7_01_01,near_duplicate,indirect_attack,s7_01_00_d00|s7_01_01_d00|s7_01_02_d00,s7_01_00_d01|s7_01_00_d03|s7_01_01_d03|s7_01_02_d03|s7_01_03_d01|s7_01_03_d03,,s7_01_01_d02,False,False,0.5,0.5,0.5,1.0,0.1875,0.25,1.0,True,0.0,5.0,5.0,3
GoodForget-RAG,tfidf_word,q_s7_01_01_02,healthcare policy,s7_01_01,near_duplicate,indirect_attack,s7_01_03_d00|s7_01_00_d00|s7_01_01_d00,,,s7_01_01_d02,False,False,0.5,0.5,0.5,0.0,0.0,0.25,1.0,True,0.0,5.0,21.0,3
GoodForget-RAG hard threshold,tfidf_word,q_s7_01_01_02,healthcare policy,s7_01_01,near_duplicate,indirect_attack,s7_01_03_d00|s7_01_00_d00|s7_01_01_d00,,,s7_01_01_d02,False,False,0.5,0.5,0.5,0.0,0.0,0.25,1.0,True,0.0,5.0,21.0,3
Negative Vector Baseline,tfidf_word,q_s7_01_01_02,healthcare policy,s7_01_01,near_duplicate,indirect_attack,s7_01_03_d00|s7_01_00_d00|s7_01_01_d00,,,s7_01_01_d02,False,False,0.5,0.5,0.5,0.0,0.0,0.25,1.0,True,0.0,5.0,9.0,3
Vanilla RAG,tfidf_word,q_s7_01_02_00,healthcare policy,s7_01_02,literal,contrastive_attack,s7_01_02_d01|s7_01_03_d00|s7_01_00_d00,,s7_01_02_d01,s7_01_02_d00|s7_01_02_d02,True,True,0.0,0.0,1.0,0.0,0.0,-1.5,0.6666666666666666,False,0.0,1.0,1.0,3
Positive-only RAG,tfidf_word,q_s7_01_02_00,healthcare policy,s7_01_02,literal,contrastive_attack,s7_01_03_d00|s7_01_00_d00|s7_01_01_d00,,,s7_01_02_d00|s7_01_02_d02,False,False,0.0,0.0,1.0,0.0,0.0,-0.5,1.0,False,0.0,2.0,9.0,3
Query Rewrite RAG,tfidf_word,q_s7_01_02_00,healthcare policy,s7_01_02,literal,contrastive_attack,s7_01_03_d00|s7_01_00_d00|s7_01_01_d00,,,s7_01_02_d00|s7_01_02_d02,False,False,0.0,0.0,1.0,0.0,0.0,-0.5,1.0,False,0.0,2.0,9.0,3
Keyword Blocklist,tfidf_word,q_s7_01_02_00,healthcare policy,s7_01_02,literal,contrastive_attack,s7_01_03_d00|s7_01_00_d00|s7_01_01_d00,s7_01_02_d01,,s7_01_02_d00|s7_01_02_d02,False,False,0.0,0.0,1.0,1.0,0.03125,-0.5,1.0,False,0.0,1.0,1.0,3
Metadata Filter,tfidf_word,q_s7_01_02_00,healthcare policy,s7_01_02,literal,contrastive_attack,s7_01_03_d00|s7_01_00_d00|s7_01_01_d00,s7_01_00_d03|s7_01_01_d03|s7_01_02_d01|s7_01_02_d03|s7_01_03_d03,,s7_01_02_d00|s7_01_02_d02,False,False,0.0,0.0,1.0,1.0,0.15625,-0.5,1.0,False,0.0,1.0,1.0,3
GoodForget-RAG,tfidf_word,q_s7_01_02_00,healthcare policy,s7_01_02,literal,contrastive_attack,s7_01_03_d00|s7_01_00_d00|s7_01_01_d00,,,s7_01_02_d00|s7_01_02_d02,False,False,0.0,0.0,1.0,0.0,0.0,-0.5,1.0,False,0.0,1.0,9.0,3
GoodForget-RAG hard threshold,tfidf_word,q_s7_01_02_00,healthcare policy,s7_01_02,literal,contrastive_attack,s7_01_03_d00|s7_01_00_d00|s7_01_01_d00,,,s7_01_02_d00|s7_01_02_d02,False,False,0.0,0.0,1.0,0.0,0.0,-0.5,1.0,False,0.0,1.0,9.0,3
Negative Vector Baseline,tfidf_word,q_s7_01_02_00,healthcare policy,s7_01_02,literal,contrastive_attack,s7_01_03_d00|s7_01_00_d00|s7_01_01_d00,,,s7_01_02_d00|s7_01_02_d02,False,False,0.0,0.0,1.0,0.0,0.0,-0.5,1.0,False,0.0,1.0,9.0,3
Vanilla RAG,tfidf_word,q_s7_01_02_01,healthcare policy,s7_01_02,paraphrase,indirect_attack,s7_01_00_d00|s7_01_01_d00|s7_01_02_d00,,,s7_01_02_d02,False,False,0.5,0.5,0.5,0.0,0.0,0.25,1.0,True,0.0,5.0,5.0,3
Positive-only RAG,tfidf_word,q_s7_01_02_01,healthcare policy,s7_01_02,paraphrase,indirect_attack,s7_01_03_d00|s7_01_00_d00|s7_01_01_d00,,,s7_01_02_d00|s7_01_02_d02,False,False,0.0,0.0,1.0,0.0,0.0,-0.5,1.0,False,0.0,2.0,9.0,3
Query Rewrite RAG,tfidf_word,q_s7_01_02_01,healthcare policy,s7_01_02,paraphrase,indirect_attack,s7_01_03_d00|s7_01_00_d00|s7_01_01_d00,,,s7_01_02_d00|s7_01_02_d02,False,False,0.0,0.0,1.0,0.0,0.0,-0.5,1.0,False,0.0,2.0,9.0,3
Keyword Blocklist,tfidf_word,q_s7_01_02_01,healthcare policy,s7_01_02,paraphrase,indirect_attack,s7_01_00_d00|s7_01_01_d00|s7_01_02_d00,s7_01_00_d01|s7_01_03_d01,,s7_01_02_d02,False,False,0.5,0.5,0.5,1.0,0.0625,0.25,1.0,True,0.0,5.0,5.0,3
Metadata Filter,tfidf_word,q_s7_01_02_01,healthcare policy,s7_01_02,paraphrase,indirect_attack,s7_01_00_d00|s7_01_01_d00|s7_01_02_d00,s7_01_00_d01|s7_01_00_d03|s7_01_01_d03|s7_01_02_d03|s7_01_03_d01|s7_01_03_d03,,s7_01_02_d02,False,False,0.5,0.5,0.5,1.0,0.1875,0.25,1.0,True,0.0,5.0,5.0,3
GoodForget-RAG,tfidf_word,q_s7_01_02_01,healthcare policy,s7_01_02,paraphrase,indirect_attack,s7_01_03_d00|s7_01_00_d00|s7_01_01_d00,,,s7_01_02_d00|s7_01_02_d02,False,False,0.0,0.0,1.0,0.0,0.0,-0.5,1.0,False,0.0,5.0,21.0,3
GoodForget-RAG hard threshold,tfidf_word,q_s7_01_02_01,healthcare policy,s7_01_02,paraphrase,indirect_attack,s7_01_03_d00|s7_01_00_d00|s7_01_01_d00,,,s7_01_02_d00|s7_01_02_d02,False,False,0.0,0.0,1.0,0.0,0.0,-0.5,1.0,False,0.0,5.0,21.0,3
Negative Vector Baseline,tfidf_word,q_s7_01_02_01,healthcare policy,s7_01_02,paraphrase,indirect_attack,s7_01_03_d00|s7_01_00_d00|s7_01_01_d00,,,s7_01_02_d00|s7_01_02_d02,False,False,0.0,0.0,1.0,0.0,0.0,-0.5,1.0,False,0.0,5.0,9.0,3
Vanilla RAG,tfidf_word,q_s7_01_02_02,healthcare policy,s7_01_02,stale_policy,stale_policy_confusion,s7_01_03_d00|s7_01_00_d00|s7_01_01_d00,,,s7_01_02_d00|s7_01_02_d02,False,False,0.0,0.0,1.0,0.0,0.0,-0.5,1.0,False,0.0,5.0,5.0,3
Positive-only RAG,tfidf_word,q_s7_01_02_02,healthcare policy,s7_01_02,stale_policy,stale_policy_confusion,s7_01_03_d00|s7_01_00_d00|s7_01_01_d00,,,s7_01_02_d00|s7_01_02_d02,False,False,0.0,0.0,1.0,0.0,0.0,-0.5,1.0,False,0.0,2.0,9.0,3
Query Rewrite RAG,tfidf_word,q_s7_01_02_02,healthcare policy,s7_01_02,stale_policy,stale_policy_confusion,s7_01_03_d00|s7_01_00_d00|s7_01_01_d00,,,s7_01_02_d00|s7_01_02_d02,False,False,0.0,0.0,1.0,0.0,0.0,-0.5,1.0,False,0.0,2.0,9.0,3
Keyword Blocklist,tfidf_word,q_s7_01_02_02,healthcare policy,s7_01_02,stale_policy,stale_policy_confusion,s7_01_03_d00|s7_01_00_d00|s7_01_01_d00,,,s7_01_02_d00|s7_01_02_d02,False,False,0.0,0.0,1.0,0.0,0.0,-0.5,1.0,False,0.0,5.0,5.0,3
Metadata Filter,tfidf_word,q_s7_01_02_02,healthcare policy,s7_01_02,stale_policy,stale_policy_confusion,s7_01_03_d00|s7_01_00_d00|s7_01_01_d00,s7_01_00_d03|s7_01_01_d03|s7_01_02_d03|s7_01_03_d03,,s7_01_02_d00|s7_01_02_d02,False,False,0.0,0.0,1.0,1.0,0.125,-0.5,1.0,False,0.0,5.0,5.0,3
GoodForget-RAG,tfidf_word,q_s7_01_02_02,healthcare policy,s7_01_02,stale_policy,stale_policy_confusion,s7_01_03_d00|s7_01_00_d00|s7_01_01_d00,,,s7_01_02_d00|s7_01_02_d02,False,False,0.0,0.0,1.0,0.0,0.0,-0.5,1.0,False,0.0,5.0,21.0,3
GoodForget-RAG hard threshold,tfidf_word,q_s7_01_02_02,healthcare policy,s7_01_02,stale_policy,stale_policy_confusion,s7_01_03_d00|s7_01_00_d00|s7_01_01_d00,,,s7_01_02_d00|s7_01_02_d02,False,False,0.0,0.0,1.0,0.0,0.0,-0.5,1.0,False,0.0,5.0,21.0,3
Negative Vector Baseline,tfidf_word,q_s7_01_02_02,healthcare policy,s7_01_02,stale_policy,stale_policy_confusion,s7_01_03_d00|s7_01_00_d00|s7_01_01_d00,,,s7_01_02_d00|s7_01_02_d02,False,False,0.0,0.0,1.0,0.0,0.0,-0.5,1.0,False,0.0,5.0,21.0,3
Vanilla RAG,tfidf_word,q_s7_01_03_00,healthcare policy,s7_01_03,stale_policy,indirect_attack,s7_01_00_d00|s7_01_01_d00|s7_01_02_d00,,,s7_01_03_d00|s7_01_03_d02,False,False,0.0,0.0,1.0,0.0,0.0,-0.5,1.0,False,0.0,5.0,5.0,3
Positive-only RAG,tfidf_word,q_s7_01_03_00,healthcare policy,s7_01_03,stale_policy,indirect_attack,s7_01_03_d00|s7_01_00_d00|s7_01_01_d00,,,s7_01_03_d02,False,False,0.5,0.5,0.5,0.0,0.0,0.25,1.0,True,0.0,2.0,9.0,3
Query Rewrite RAG,tfidf_word,q_s7_01_03_00,healthcare policy,s7_01_03,stale_policy,indirect_attack,s7_01_03_d00|s7_01_00_d00|s7_01_01_d00,,,s7_01_03_d02,False,False,0.5,0.5,0.5,0.0,0.0,0.25,1.0,True,0.0,2.0,9.0,3
Keyword Blocklist,tfidf_word,q_s7_01_03_00,healthcare policy,s7_01_03,stale_policy,indirect_attack,s7_01_00_d00|s7_01_01_d00|s7_01_02_d00,s7_01_00_d01|s7_01_03_d01,,s7_01_03_d00|s7_01_03_d02,False,False,0.0,0.0,1.0,1.0,0.0625,-0.5,1.0,False,0.0,5.0,5.0,3
Metadata Filter,tfidf_word,q_s7_01_03_00,healthcare policy,s7_01_03,stale_policy,indirect_attack,s7_01_00_d00|s7_01_01_d00|s7_01_02_d00,s7_01_00_d01|s7_01_00_d03|s7_01_01_d03|s7_01_02_d03|s7_01_03_d01|s7_01_03_d03,,s7_01_03_d00|s7_01_03_d02,False,False,0.0,0.0,1.0,1.0,0.1875,-0.5,1.0,False,0.0,5.0,5.0,3
GoodForget-RAG,tfidf_word,q_s7_01_03_00,healthcare policy,s7_01_03,stale_policy,indirect_attack,s7_01_03_d00|s7_01_00_d00|s7_01_01_d00,,,s7_01_03_d02,False,False,0.5,0.5,0.5,0.0,0.0,0.25,1.0,True,0.0,5.0,21.0,3
GoodForget-RAG hard threshold,tfidf_word,q_s7_01_03_00,healthcare policy,s7_01_03,stale_policy,indirect_attack,s7_01_02_d02|s7_01_00_d02|s7_01_01_d02,s7_01_00_d00|s7_01_01_d00|s7_01_02_d00|s7_01_03_d00,,s7_01_03_d00|s7_01_03_d02,False,False,0.0,0.0,1.0,0.0,0.0,-0.5,1.0,False,0.125,5.0,21.0,3
Negative Vector Baseline,tfidf_word,q_s7_01_03_00,healthcare policy,s7_01_03,stale_policy,indirect_attack,s7_01_03_d00|s7_01_00_d00|s7_01_01_d00,,,s7_01_03_d02,False,False,0.5,0.5,0.5,0.0,0.0,0.25,1.0,True,0.0,5.0,9.0,3
Vanilla RAG,tfidf_word,q_s7_01_03_01,healthcare policy,s7_01_03,stale_policy,stale_policy_confusion,s7_01_03_d00|s7_01_00_d00|s7_01_01_d00,,,s7_01_03_d02,False,False,0.5,0.5,0.5,0.0,0.0,0.25,1.0,True,0.0,5.0,5.0,3
Positive-only RAG,tfidf_word,q_s7_01_03_01,healthcare policy,s7_01_03,stale_policy,stale_policy_confusion,s7_01_03_d00|s7_01_00_d00|s7_01_01_d00,,,s7_01_03_d02,False,False,0.5,0.5,0.5,0.0,0.0,0.25,1.0,True,0.0,2.0,9.0,3
Query Rewrite RAG,tfidf_word,q_s7_01_03_01,healthcare policy,s7_01_03,stale_policy,stale_policy_confusion,s7_01_03_d00|s7_01_00_d00|s7_01_01_d00,,,s7_01_03_d02,False,False,0.5,0.5,0.5,0.0,0.0,0.25,1.0,True,0.0,2.0,9.0,3
Keyword Blocklist,tfidf_word,q_s7_01_03_01,healthcare policy,s7_01_03,stale_policy,stale_policy_confusion,s7_01_03_d00|s7_01_00_d00|s7_01_01_d00,,,s7_01_03_d02,False,False,0.5,0.5,0.5,0.0,0.0,0.25,1.0,True,0.0,5.0,5.0,3
Metadata Filter,tfidf_word,q_s7_01_03_01,healthcare policy,s7_01_03,stale_policy,stale_policy_confusion,s7_01_03_d00|s7_01_00_d00|s7_01_01_d00,s7_01_00_d03|s7_01_01_d03|s7_01_02_d03|s7_01_03_d03,,s7_01_03_d02,False,False,0.5,0.5,0.5,1.0,0.125,0.25,1.0,True,0.0,5.0,5.0,3
GoodForget-RAG,tfidf_word,q_s7_01_03_01,healthcare policy,s7_01_03,stale_policy,stale_policy_confusion,s7_01_03_d00|s7_01_00_d00|s7_01_01_d00,,,s7_01_03_d02,False,False,0.5,0.5,0.5,0.0,0.0,0.25,1.0,True,0.0,5.0,21.0,3
GoodForget-RAG hard threshold,tfidf_word,q_s7_01_03_01,healthcare policy,s7_01_03,stale_policy,stale_policy_confusion,s7_03_00_d00|s7_03_01_d00,s7_01_00_d00|s7_01_00_d02|s7_01_01_d00|s7_01_01_d02|s7_01_02_d00|s7_01_02_d02|s7_01_03_d00|s7_01_03_d02,,s7_01_03_d00|s7_01_03_d02,False,False,0.0,0.0,1.0,0.0,0.0,-0.5,1.0,False,0.25,5.0,21.0,2
Negative Vector Baseline,tfidf_word,q_s7_01_03_01,healthcare policy,s7_01_03,stale_policy,stale_policy_confusion,s7_01_03_d00|s7_01_00_d00|s7_01_01_d00,,,s7_01_03_d02,False,False,0.5,0.5,0.5,0.0,0.0,0.25,1.0,True,0.0,5.0,9.0,3
Vanilla RAG,tfidf_word,q_s7_01_03_02,healthcare policy,s7_01_03,noisy_forget_set,noisy_forget,s7_01_00_d00|s7_01_01_d00|s7_01_02_d00,,,s7_01_03_d00|s7_01_03_d02,False,False,0.0,0.0,1.0,0.0,0.0,-0.5,1.0,False,0.0,9.0,9.0,3
Positive-only RAG,tfidf_word,q_s7_01_03_02,healthcare policy,s7_01_03,noisy_forget_set,noisy_forget,s7_01_03_d00|s7_01_00_d00|s7_01_01_d00,,,s7_01_03_d02,False,False,0.5,0.5,0.5,0.0,0.0,0.25,1.0,True,0.0,2.0,9.0,3
Query Rewrite RAG,tfidf_word,q_s7_01_03_02,healthcare policy,s7_01_03,noisy_forget_set,noisy_forget,s7_01_03_d00|s7_01_00_d00|s7_01_01_d00,,,s7_01_03_d02,False,False,0.5,0.5,0.5,0.0,0.0,0.25,1.0,True,0.0,2.0,9.0,3
Keyword Blocklist,tfidf_word,q_s7_01_03_02,healthcare policy,s7_01_03,noisy_forget_set,noisy_forget,s7_01_00_d00|s7_01_01_d00|s7_01_02_d00,,,s7_01_03_d00|s7_01_03_d02,False,False,0.0,0.0,1.0,0.0,0.0,-0.5,1.0,False,0.0,9.0,9.0,3
Metadata Filter,tfidf_word,q_s7_01_03_02,healthcare policy,s7_01_03,noisy_forget_set,noisy_forget,s7_01_00_d00|s7_01_01_d00|s7_01_02_d00,s7_01_01_d03|s7_01_02_d03,,s7_01_03_d00|s7_01_03_d02,False,False,0.0,0.0,1.0,1.0,0.0625,-0.5,1.0,False,0.0,9.0,9.0,3
GoodForget-RAG,tfidf_word,q_s7_01_03_02,healthcare policy,s7_01_03,noisy_forget_set,noisy_forget,s7_01_00_d00|s7_01_01_d00|s7_01_02_d00,,,s7_01_03_d00|s7_01_03_d02,False,False,0.0,0.0,1.0,0.0,0.0,-0.5,1.0,False,0.0,9.0,9.0,3
GoodForget-RAG hard threshold,tfidf_word,q_s7_01_03_02,healthcare policy,s7_01_03,noisy_forget_set,noisy_forget,s7_01_02_d02|s7_01_00_d02|s7_01_01_d02,s7_01_00_d00|s7_01_01_d00|s7_01_02_d00|s7_01_02_d03|s7_01_03_d00,,s7_01_03_d00|s7_01_03_d02,False,False,0.0,0.0,1.0,0.2,0.03125,-0.5,1.0,False,0.125,9.0,9.0,3
Negative Vector Baseline,tfidf_word,q_s7_01_03_02,healthcare policy,s7_01_03,noisy_forget_set,noisy_forget,s7_01_00_d00|s7_01_01_d00|s7_01_02_d00,,,s7_01_03_d00|s7_01_03_d02,False,False,0.0,0.0,1.0,0.0,0.0,-0.5,1.0,False,0.0,9.0,9.0,3
Vanilla RAG,tfidf_word,q_s7_02_00_00,legal compliance,s7_02_00,codeword,codeword_attack,s7_02_00_d03|s7_02_00_d00|s7_02_01_d00,,s7_02_00_d03,s7_02_00_d02,True,True,0.5,0.5,0.5,0.0,0.0,-0.75,0.6666666666666666,True,0.0,1.0,1.0,3
Positive-only RAG,tfidf_word,q_s7_02_00_00,legal compliance,s7_02_00,codeword,codeword_attack,s7_02_00_d00|s7_02_01_d00|s7_02_02_d00,,,s7_02_00_d02,False,False,0.5,0.5,0.5,0.0,0.0,0.25,1.0,True,0.0,2.0,9.0,3
Query Rewrite RAG,tfidf_word,q_s7_02_00_00,legal compliance,s7_02_00,codeword,codeword_attack,s7_02_00_d00|s7_02_01_d00|s7_02_02_d00,,,s7_02_00_d02,False,False,0.5,0.5,0.5,0.0,0.0,0.25,1.0,True,0.0,2.0,9.0,3
Keyword Blocklist,tfidf_word,q_s7_02_00_00,legal compliance,s7_02_00,codeword,codeword_attack,s7_02_00_d03|s7_02_00_d00|s7_02_01_d00,s7_02_00_d01|s7_02_02_d00|s7_02_02_d02,s7_02_00_d03,s7_02_00_d02,True,True,0.5,0.5,0.5,0.3333333333333333,0.03125,-0.75,0.6666666666666666,True,0.0625,1.0,1.0,3
Metadata Filter,tfidf_word,q_s7_02_00_00,legal compliance,s7_02_00,codeword,codeword_attack,s7_02_00_d00|s7_02_01_d00|s7_02_02_d00,s7_02_00_d01|s7_02_00_d03,,s7_02_00_d02,False,False,0.5,0.5,0.5,1.0,0.0625,0.25,1.0,True,0.0,1.0,1.0,3
GoodForget-RAG,tfidf_word,q_s7_02_00_00,legal compliance,s7_02_00,codeword,codeword_attack,s7_02_00_d00|s7_02_01_d00|s7_02_02_d00,,,s7_02_00_d02,False,False,0.5,0.5,0.5,0.0,0.0,0.25,1.0,True,0.0,1.0,9.0,3
GoodForget-RAG hard threshold,tfidf_word,q_s7_02_00_00,legal compliance,s7_02_00,codeword,codeword_attack,s7_02_00_d00|s7_02_01_d00|s7_02_02_d00,,,s7_02_00_d02,False,False,0.5,0.5,0.5,0.0,0.0,0.25,1.0,True,0.0,1.0,9.0,3
Negative Vector Baseline,tfidf_word,q_s7_02_00_00,legal compliance,s7_02_00,codeword,codeword_attack,s7_02_00_d00|s7_02_01_d00|s7_02_02_d00,,,s7_02_00_d02,False,False,0.5,0.5,0.5,0.0,0.0,0.25,1.0,True,0.0,1.0,9.0,3
Vanilla RAG,tfidf_word,q_s7_02_00_01,legal compliance,s7_02_00,literal,contrastive_attack,s7_02_00_d01|s7_02_01_d03|s7_02_00_d03,,s7_02_00_d01|s7_02_00_d03,s7_02_00_d00|s7_02_00_d02,True,True,0.0,0.0,1.0,0.0,0.0,-1.5,0.3333333333333333,False,0.0,1.0,1.0,3
Positive-only RAG,tfidf_word,q_s7_02_00_01,legal compliance,s7_02_00,literal,contrastive_attack,s7_02_00_d00|s7_02_01_d00|s7_02_02_d00,,,s7_02_00_d02,False,False,0.5,0.5,0.5,0.0,0.0,0.25,1.0,True,0.0,2.0,9.0,3
Query Rewrite RAG,tfidf_word,q_s7_02_00_01,legal compliance,s7_02_00,literal,contrastive_attack,s7_02_00_d00|s7_02_01_d00|s7_02_02_d00,,,s7_02_00_d02,False,False,0.5,0.5,0.5,0.0,0.0,0.25,1.0,True,0.0,2.0,9.0,3
Keyword Blocklist,tfidf_word,q_s7_02_00_01,legal compliance,s7_02_00,literal,contrastive_attack,s7_02_01_d03|s7_02_00_d03|s7_02_00_d00,s7_02_00_d01|s7_02_02_d00|s7_02_02_d03,s7_02_00_d03,s7_02_00_d02,True,True,0.5,0.5,0.5,0.6666666666666666,0.0625,-0.75,0.6666666666666666,True,0.03125,1.0,1.0,3
Metadata Filter,tfidf_word,q_s7_02_00_01,legal compliance,s7_02_00,literal,contrastive_attack,s7_02_00_d00|s7_02_01_d00|s7_02_02_d00,s7_02_00_d01|s7_02_00_d03|s7_02_01_d03|s7_02_02_d03|s7_02_03_d03,,s7_02_00_d02,False,False,0.5,0.5,0.5,1.0,0.15625,0.25,1.0,True,0.0,1.0,1.0,3
GoodForget-RAG,tfidf_word,q_s7_02_00_01,legal compliance,s7_02_00,literal,contrastive_attack,s7_02_00_d00|s7_02_01_d00|s7_02_02_d00,,,s7_02_00_d02,False,False,0.5,0.5,0.5,0.0,0.0,0.25,1.0,True,0.0,1.0,9.0,3
GoodForget-RAG hard threshold,tfidf_word,q_s7_02_00_01,legal compliance,s7_02_00,literal,contrastive_attack,,s7_02_00_d00|s7_02_00_d02|s7_02_00_d03|s7_02_01_d00|s7_02_01_d02|s7_02_01_d03|s7_02_02_d00|s7_02_02_d02|s7_02_03_d00|s7_02_03_d02,,s7_02_00_d00|s7_02_00_d02,False,False,0.0,0.0,1.0,0.2,0.0625,-0.5,1.0,False,0.25,1.0,9.0,0
Negative Vector Baseline,tfidf_word,q_s7_02_00_01,legal compliance,s7_02_00,literal,contrastive_attack,s7_02_00_d00|s7_02_01_d00|s7_02_02_d00,,,s7_02_00_d02,False,False,0.5,0.5,0.5,0.0,0.0,0.25,1.0,True,0.0,1.0,9.0,3
Vanilla RAG,tfidf_word,q_s7_02_00_02,legal compliance,s7_02_00,paraphrase,indirect_attack,s7_02_01_d03|s7_02_00_d03|s7_02_02_d03,,s7_02_00_d03,s7_02_00_d00|s7_02_00_d02,True,True,0.0,0.0,1.0,0.0,0.0,-1.5,0.6666666666666666,False,0.0,1.0,1.0,3
Positive-only RAG,tfidf_word,q_s7_02_00_02,legal compliance,s7_02_00,paraphrase,indirect_attack,s7_02_00_d00|s7_02_01_d00|s7_02_02_d00,,,s7_02_00_d02,False,False,0.5,0.5,0.5,0.0,0.0,0.25,1.0,True,0.0,2.0,9.0,3
Query Rewrite RAG,tfidf_word,q_s7_02_00_02,legal compliance,s7_02_00,paraphrase,indirect_attack,s7_02_00_d00|s7_02_01_d00|s7_02_02_d00,,,s7_02_00_d02,False,False,0.5,0.5,0.5,0.0,0.0,0.25,1.0,True,0.0,2.0,9.0,3
Keyword Blocklist,tfidf_word,q_s7_02_00_02,legal compliance,s7_02_00,paraphrase,indirect_attack,s7_02_01_d03|s7_02_00_d03|s7_02_03_d03,s7_02_00_d01|s7_02_01_d01|s7_02_02_d00|s7_02_02_d03,s7_02_00_d03,s7_02_00_d00|s7_02_00_d02,True,True,0.0,0.0,1.0,0.75,0.09375,-1.5,0.6666666666666666,False,0.03125,1.0,1.0,3
Metadata Filter,tfidf_word,q_s7_02_00_02,legal compliance,s7_02_00,paraphrase,indirect_attack,s7_02_00_d00|s7_02_01_d00|s7_02_02_d00,s7_02_00_d01|s7_02_00_d03|s7_02_01_d01|s7_02_01_d03|s7_02_02_d03|s7_02_03_d03,,s7_02_00_d02,False,False,0.5,0.5,0.5,1.0,0.1875,0.25,1.0,True,0.0,1.0,1.0,3
GoodForget-RAG,tfidf_word,q_s7_02_00_02,legal compliance,s7_02_00,paraphrase,indirect_attack,s7_02_00_d00|s7_02_01_d00|s7_02_02_d00,,,s7_02_00_d02,False,False,0.5,0.5,0.5,0.0,0.0,0.25,1.0,True,0.0,1.0,21.0,3
GoodForget-RAG hard threshold,tfidf_word,q_s7_02_00_02,legal compliance,s7_02_00,paraphrase,indirect_attack,s7_03_02_d00|s7_03_03_d00,s7_02_00_d00|s7_02_00_d02|s7_02_01_d00|s7_02_01_d02|s7_02_02_d00|s7_02_02_d02|s7_02_03_d00|s7_02_03_d02,,s7_02_00_d00|s7_02_00_d02,False,False,0.0,0.0,1.0,0.0,0.0,-0.5,1.0,False,0.25,1.0,21.0,2
Negative Vector Baseline,tfidf_word,q_s7_02_00_02,legal compliance,s7_02_00,paraphrase,indirect_attack,s7_02_00_d00|s7_02_01_d00|s7_02_02_d00,,,s7_02_00_d02,False,False,0.5,0.5,0.5,0.0,0.0,0.25,1.0,True,0.0,1.0,9.0,3
Vanilla RAG,tfidf_word,q_s7_02_01_00,legal compliance,s7_02_01,literal,contrastive_attack,s7_02_01_d01|s7_02_02_d01|s7_02_01_d03,,s7_02_01_d01|s7_02_01_d03,s7_02_01_d00|s7_02_01_d02,True,True,0.0,0.0,1.0,0.0,0.0,-1.5,0.3333333333333333,False,0.0,1.0,1.0,3
Positive-only RAG,tfidf_word,q_s7_02_01_00,legal compliance,s7_02_01,literal,contrastive_attack,s7_02_00_d00|s7_02_01_d00|s7_02_02_d00,,,s7_02_01_d02,False,False,0.5,0.5,0.5,0.0,0.0,0.25,1.0,True,0.0,2.0,9.0,3
Query Rewrite RAG,tfidf_word,q_s7_02_01_00,legal compliance,s7_02_01,literal,contrastive_attack,s7_02_00_d00|s7_02_01_d00|s7_02_02_d00,,,s7_02_01_d02,False,False,0.5,0.5,0.5,0.0,0.0,0.25,1.0,True,0.0,2.0,9.0,3
Keyword Blocklist,tfidf_word,q_s7_02_01_00,legal compliance,s7_02_01,literal,contrastive_attack,s7_02_01_d03|s7_02_00_d03|s7_02_00_d00,s7_02_01_d01|s7_02_02_d00|s7_02_02_d01|s7_02_02_d03|s7_02_03_d01,s7_02_01_d03,s7_02_01_d00|s7_02_01_d02,True,True,0.0,0.0,1.0,0.8,0.125,-1.5,0.6666666666666666,False,0.03125,1.0,1.0,3
Metadata Filter,tfidf_word,q_s7_02_01_00,legal compliance,s7_02_01,literal,contrastive_attack,s7_02_00_d00|s7_02_01_d00|s7_02_02_d00,s7_02_00_d03|s7_02_01_d01|s7_02_01_d03|s7_02_02_d01|s7_02_02_d03|s7_02_03_d01,,s7_02_01_d02,False,False,0.5,0.5,0.5,1.0,0.1875,0.25,1.0,True,0.0,1.0,1.0,3
GoodForget-RAG,tfidf_word,q_s7_02_01_00,legal compliance,s7_02_01,literal,contrastive_attack,s7_02_00_d00|s7_02_01_d00|s7_02_02_d00,,,s7_02_01_d02,False,False,0.5,0.5,0.5,0.0,0.0,0.25,1.0,True,0.0,1.0,9.0,3
GoodForget-RAG hard threshold,tfidf_word,q_s7_02_01_00,legal compliance,s7_02_01,literal,contrastive_attack,s7_02_00_d02|s7_02_01_d02|s7_02_02_d02,s7_02_00_d00|s7_02_00_d03|s7_02_01_d00|s7_02_01_d03|s7_02_02_d00|s7_02_03_d00,,s7_02_01_d00,False,False,0.5,0.5,0.5,0.3333333333333333,0.0625,0.25,1.0,True,0.125,1.0,9.0,3
Negative Vector Baseline,tfidf_word,q_s7_02_01_00,legal compliance,s7_02_01,literal,contrastive_attack,s7_02_00_d00|s7_02_01_d00|s7_02_02_d00,,,s7_02_01_d02,False,False,0.5,0.5,0.5,0.0,0.0,0.25,1.0,True,0.0,1.0,9.0,3
Vanilla RAG,tfidf_word,q_s7_02_01_01,legal compliance,s7_02_01,paraphrase,indirect_attack,s7_02_01_d03|s7_02_00_d03|s7_02_02_d03,,s7_02_01_d03,s7_02_01_d00|s7_02_01_d02,True,True,0.0,0.0,1.0,0.0,0.0,-1.5,0.6666666666666666,False,0.0,1.0,1.0,3
Positive-only RAG,tfidf_word,q_s7_02_01_01,legal compliance,s7_02_01,paraphrase,indirect_attack,s7_02_00_d00|s7_02_01_d00|s7_02_02_d00,,,s7_02_01_d02,False,False,0.5,0.5,0.5,0.0,0.0,0.25,1.0,True,0.0,2.0,9.0,3
Query Rewrite RAG,tfidf_word,q_s7_02_01_01,legal compliance,s7_02_01,paraphrase,indirect_attack,s7_02_00_d00|s7_02_01_d00|s7_02_02_d00,,,s7_02_01_d02,False,False,0.5,0.5,0.5,0.0,0.0,0.25,1.0,True,0.0,2.0,9.0,3
Keyword Blocklist,tfidf_word,q_s7_02_01_01,legal compliance,s7_02_01,paraphrase,indirect_attack,s7_02_01_d03|s7_02_00_d03|s7_02_03_d03,s7_02_00_d01|s7_02_01_d01|s7_02_02_d00|s7_02_02_d03,s7_02_01_d03,s7_02_01_d00|s7_02_01_d02,True,True,0.0,0.0,1.0,0.75,0.09375,-1.5,0.6666666666666666,False,0.03125,1.0,1.0,3
Metadata Filter,tfidf_word,q_s7_02_01_01,legal compliance,s7_02_01,paraphrase,indirect_attack,s7_02_00_d00|s7_02_01_d00|s7_02_02_d00,s7_02_00_d01|s7_02_00_d03|s7_02_01_d01|s7_02_01_d03|s7_02_02_d03|s7_02_03_d03,,s7_02_01_d02,False,False,0.5,0.5,0.5,1.0,0.1875,0.25,1.0,True,0.0,1.0,1.0,3
GoodForget-RAG,tfidf_word,q_s7_02_01_01,legal compliance,s7_02_01,paraphrase,indirect_attack,s7_02_00_d00|s7_02_01_d00|s7_02_02_d00,,,s7_02_01_d02,False,False,0.5,0.5,0.5,0.0,0.0,0.25,1.0,True,0.0,1.0,21.0,3
GoodForget-RAG hard threshold,tfidf_word,q_s7_02_01_01,legal compliance,s7_02_01,paraphrase,indirect_attack,s7_02_00_d02|s7_02_01_d02|s7_02_02_d02,s7_02_00_d00|s7_02_01_d00|s7_02_02_d00|s7_02_03_d00,,s7_02_01_d00,False,False,0.5,0.5,0.5,0.0,0.0,0.25,1.0,True,0.125,1.0,21.0,3
Negative Vector Baseline,tfidf_word,q_s7_02_01_01,legal compliance,s7_02_01,paraphrase,indirect_attack,s7_02_00_d00|s7_02_01_d00|s7_02_02_d00,,,s7_02_01_d02,False,False,0.5,0.5,0.5,0.0,0.0,0.25,1.0,True,0.0,1.0,9.0,3
Vanilla RAG,tfidf_word,q_s7_02_01_02,legal compliance,s7_02_01,stale_policy,stale_policy_confusion,s7_02_00_d00|s7_02_01_d00|s7_02_02_d00,,,s7_02_01_d02,False,False,0.5,0.5,0.5,0.0,0.0,0.25,1.0,True,0.0,5.0,5.0,3
Positive-only RAG,tfidf_word,q_s7_02_01_02,legal compliance,s7_02_01,stale_policy,stale_policy_confusion,s7_02_00_d00|s7_02_01_d00|s7_02_02_d00,,,s7_02_01_d02,False,False,0.5,0.5,0.5,0.0,0.0,0.25,1.0,True,0.0,2.0,9.0,3
Query Rewrite RAG,tfidf_word,q_s7_02_01_02,legal compliance,s7_02_01,stale_policy,stale_policy_confusion,s7_02_00_d00|s7_02_01_d00|s7_02_02_d00,,,s7_02_01_d02,False,False,0.5,0.5,0.5,0.0,0.0,0.25,1.0,True,0.0,2.0,9.0,3
Keyword Blocklist,tfidf_word,q_s7_02_01_02,legal compliance,s7_02_01,stale_policy,stale_policy_confusion,s7_02_00_d00|s7_02_01_d00|s7_02_03_d00,s7_02_02_d00|s7_02_02_d03,,s7_02_01_d02,False,False,0.5,0.5,0.5,0.5,0.03125,0.25,1.0,True,0.03125,5.0,5.0,3
Metadata Filter,tfidf_word,q_s7_02_01_02,legal compliance,s7_02_01,stale_policy,stale_policy_confusion,s7_02_00_d00|s7_02_01_d00|s7_02_02_d00,s7_02_00_d03|s7_02_01_d03|s7_02_02_d03|s7_02_03_d03,,s7_02_01_d02,False,False,0.5,0.5,0.5,1.0,0.125,0.25,1.0,True,0.0,5.0,5.0,3
GoodForget-RAG,tfidf_word,q_s7_02_01_02,legal compliance,s7_02_01,stale_policy,stale_policy_confusion,s7_02_00_d00|s7_02_01_d00|s7_02_02_d00,,,s7_02_01_d02,False,False,0.5,0.5,0.5,0.0,0.0,0.25,1.0,True,0.0,5.0,17.0,3
GoodForget-RAG hard threshold,tfidf_word,q_s7_02_01_02,legal compliance,s7_02_01,stale_policy,stale_policy_confusion,s7_02_00_d00|s7_02_01_d00|s7_02_02_d00,,,s7_02_01_d02,False,False,0.5,0.5,0.5,0.0,0.0,0.25,1.0,True,0.0,5.0,17.0,3
Negative Vector Baseline,tfidf_word,q_s7_02_01_02,legal compliance,s7_02_01,stale_policy,stale_policy_confusion,s7_02_00_d00|s7_02_01_d00|s7_02_02_d00,,,s7_02_01_d02,False,False,0.5,0.5,0.5,0.0,0.0,0.25,1.0,True,0.0,5.0,9.0,3
Vanilla RAG,tfidf_word,q_s7_02_02_00,legal compliance,s7_02_02,paraphrase,indirect_attack,s7_02_01_d03|s7_02_00_d03|s7_02_02_d03,,s7_02_02_d03,s7_02_02_d00|s7_02_02_d02,True,True,0.0,0.0,1.0,0.0,0.0,-1.5,0.6666666666666666,False,0.0,1.0,1.0,3
Positive-only RAG,tfidf_word,q_s7_02_02_00,legal compliance,s7_02_02,paraphrase,indirect_attack,s7_02_00_d00|s7_02_01_d00|s7_02_02_d00,,,s7_02_02_d02,False,False,0.5,0.5,0.5,0.0,0.0,0.25,1.0,True,0.0,2.0,9.0,3
Query Rewrite RAG,tfidf_word,q_s7_02_02_00,legal compliance,s7_02_02,paraphrase,indirect_attack,s7_02_00_d00|s7_02_01_d00|s7_02_02_d00,,,s7_02_02_d02,False,False,0.5,0.5,0.5,0.0,0.0,0.25,1.0,True,0.0,2.0,9.0,3
Keyword Blocklist,tfidf_word,q_s7_02_02_00,legal compliance,s7_02_02,paraphrase,indirect_attack,s7_02_01_d03|s7_02_00_d03|s7_02_03_d03,s7_02_00_d01|s7_02_01_d01|s7_02_02_d00|s7_02_02_d03,,s7_02_02_d00|s7_02_02_d02,False,False,0.0,0.0,1.0,0.75,0.09375,-0.5,1.0,False,0.03125,1.0,1.0,3
Metadata Filter,tfidf_word,q_s7_02_02_00,legal compliance,s7_02_02,paraphrase,indirect_attack,s7_02_00_d00|s7_02_01_d00|s7_02_02_d00,s7_02_00_d01|s7_02_00_d03|s7_02_01_d01|s7_02_01_d03|s7_02_02_d03|s7_02_03_d03,,s7_02_02_d02,False,False,0.5,0.5,0.5,1.0,0.1875,0.25,1.0,True,0.0,1.0,1.0,3
GoodForget-RAG,tfidf_word,q_s7_02_02_00,legal compliance,s7_02_02,paraphrase,indirect_attack,s7_02_00_d00|s7_02_01_d00|s7_02_02_d00,,,s7_02_02_d02,False,False,0.5,0.5,0.5,0.0,0.0,0.25,1.0,True,0.0,1.0,21.0,3
GoodForget-RAG hard threshold,tfidf_word,q_s7_02_02_00,legal compliance,s7_02_02,paraphrase,indirect_attack,s7_02_00_d00|s7_02_01_d00|s7_02_02_d00,,,s7_02_02_d02,False,False,0.5,0.5,0.5,0.0,0.0,0.25,1.0,True,0.0,1.0,21.0,3
Negative Vector Baseline,tfidf_word,q_s7_02_02_00,legal compliance,s7_02_02,paraphrase,indirect_attack,s7_02_00_d00|s7_02_01_d00|s7_02_02_d00,,,s7_02_02_d02,False,False,0.5,0.5,0.5,0.0,0.0,0.25,1.0,True,0.0,1.0,9.0,3
Vanilla RAG,tfidf_word,q_s7_02_02_01,legal compliance,s7_02_02,stale_policy,stale_policy_confusion,s7_02_00_d00|s7_02_01_d00|s7_02_02_d00,,,s7_02_02_d02,False,False,0.5,0.5,0.5,0.0,0.0,0.25,1.0,True,0.0,5.0,5.0,3
Positive-only RAG,tfidf_word,q_s7_02_02_01,legal compliance,s7_02_02,stale_policy,stale_policy_confusion,s7_02_00_d00|s7_02_01_d00|s7_02_02_d00,,,s7_02_02_d02,False,False,0.5,0.5,0.5,0.0,0.0,0.25,1.0,True,0.0,2.0,9.0,3
Query Rewrite RAG,tfidf_word,q_s7_02_02_01,legal compliance,s7_02_02,stale_policy,stale_policy_confusion,s7_02_00_d00|s7_02_01_d00|s7_02_02_d00,,,s7_02_02_d02,False,False,0.5,0.5,0.5,0.0,0.0,0.25,1.0,True,0.0,2.0,9.0,3
Keyword Blocklist,tfidf_word,q_s7_02_02_01,legal compliance,s7_02_02,stale_policy,stale_policy_confusion,s7_02_00_d00|s7_02_01_d00|s7_02_03_d00,s7_02_02_d00|s7_02_02_d03,,s7_02_02_d00|s7_02_02_d02,False,False,0.0,0.0,1.0,0.5,0.03125,-0.5,1.0,False,0.03125,5.0,5.0,3
Metadata Filter,tfidf_word,q_s7_02_02_01,legal compliance,s7_02_02,stale_policy,stale_policy_confusion,s7_02_00_d00|s7_02_01_d00|s7_02_02_d00,s7_02_00_d03|s7_02_01_d03|s7_02_02_d03|s7_02_03_d03,,s7_02_02_d02,False,False,0.5,0.5,0.5,1.0,0.125,0.25,1.0,True,0.0,5.0,5.0,3
GoodForget-RAG,tfidf_word,q_s7_02_02_01,legal compliance,s7_02_02,stale_policy,stale_policy_confusion,s7_02_00_d00|s7_02_01_d00|s7_02_02_d00,,,s7_02_02_d02,False,False,0.5,0.5,0.5,0.0,0.0,0.25,1.0,True,0.0,5.0,21.0,3
GoodForget-RAG hard threshold,tfidf_word,q_s7_02_02_01,legal compliance,s7_02_02,stale_policy,stale_policy_confusion,s7_02_00_d00|s7_02_01_d00|s7_02_02_d00,,,s7_02_02_d02,False,False,0.5,0.5,0.5,0.0,0.0,0.25,1.0,True,0.0,5.0,21.0,3
Negative Vector Baseline,tfidf_word,q_s7_02_02_01,legal compliance,s7_02_02,stale_policy,stale_policy_confusion,s7_02_00_d00|s7_02_01_d00|s7_02_02_d00,,,s7_02_02_d02,False,False,0.5,0.5,0.5,0.0,0.0,0.25,1.0,True,0.0,5.0,9.0,3
Vanilla RAG,tfidf_word,q_s7_02_02_02,legal compliance,s7_02_02,noisy_forget_set,noisy_forget,s7_02_00_d00|s7_02_01_d00|s7_02_02_d00,,,s7_02_02_d02,False,False,0.5,0.5,0.5,0.0,0.0,0.25,1.0,True,0.0,9.0,9.0,3
Positive-only RAG,tfidf_word,q_s7_02_02_02,legal compliance,s7_02_02,noisy_forget_set,noisy_forget,s7_02_00_d00|s7_02_01_d00|s7_02_02_d00,,,s7_02_02_d02,False,False,0.5,0.5,0.5,0.0,0.0,0.25,1.0,True,0.0,2.0,9.0,3
Query Rewrite RAG,tfidf_word,q_s7_02_02_02,legal compliance,s7_02_02,noisy_forget_set,noisy_forget,s7_02_00_d00|s7_02_01_d00|s7_02_02_d00,,,s7_02_02_d02,False,False,0.5,0.5,0.5,0.0,0.0,0.25,1.0,True,0.0,2.0,9.0,3
Keyword Blocklist,tfidf_word,q_s7_02_02_02,legal compliance,s7_02_02,noisy_forget_set,noisy_forget,s7_02_00_d00|s7_02_01_d00|s7_02_03_d00,s7_02_02_d00|s7_02_02_d02,,s7_02_02_d00|s7_02_02_d02,False,False,0.0,0.0,1.0,0.0,0.0,-0.5,1.0,False,0.0625,9.0,9.0,3
Metadata Filter,tfidf_word,q_s7_02_02_02,legal compliance,s7_02_02,noisy_forget_set,noisy_forget,s7_02_00_d00|s7_02_01_d00|s7_02_02_d00,s7_02_00_d03|s7_02_01_d03,,s7_02_02_d02,False,False,0.5,0.5,0.5,1.0,0.0625,0.25,1.0,True,0.0,9.0,9.0,3
GoodForget-RAG,tfidf_word,q_s7_02_02_02,legal compliance,s7_02_02,noisy_forget_set,noisy_forget,s7_02_00_d00|s7_02_01_d00|s7_02_02_d00,,,s7_02_02_d02,False,False,0.5,0.5,0.5,0.0,0.0,0.25,1.0,True,0.0,9.0,9.0,3
GoodForget-RAG hard threshold,tfidf_word,q_s7_02_02_02,legal compliance,s7_02_02,noisy_forget_set,noisy_forget,s7_02_00_d00|s7_02_01_d00|s7_02_02_d00,s7_02_01_d03,,s7_02_02_d02,False,False,0.5,0.5,0.5,1.0,0.03125,0.25,1.0,True,0.0,9.0,9.0,3
Negative Vector Baseline,tfidf_word,q_s7_02_02_02,legal compliance,s7_02_02,noisy_forget_set,noisy_forget,s7_02_00_d00|s7_02_01_d00|s7_02_02_d00,,,s7_02_02_d02,False,False,0.5,0.5,0.5,0.0,0.0,0.25,1.0,True,0.0,9.0,9.0,3
Vanilla RAG,tfidf_word,q_s7_02_03_00,legal compliance,s7_02_03,stale_policy,stale_policy_confusion,s7_02_00_d00|s7_02_01_d00|s7_02_02_d00,,,s7_02_03_d00|s7_02_03_d02,False,False,0.0,0.0,1.0,0.0,0.0,-0.5,1.0,False,0.0,5.0,5.0,3
Positive-only RAG,tfidf_word,q_s7_02_03_00,legal compliance,s7_02_03,stale_policy,stale_policy_confusion,s7_02_00_d00|s7_02_01_d00|s7_02_02_d00,,,s7_02_03_d00|s7_02_03_d02,False,False,0.0,0.0,1.0,0.0,0.0,-0.5,1.0,False,0.0,2.0,9.0,3
Query Rewrite RAG,tfidf_word,q_s7_02_03_00,legal compliance,s7_02_03,stale_policy,stale_policy_confusion,s7_02_00_d00|s7_02_01_d00|s7_02_02_d00,,,s7_02_03_d00|s7_02_03_d02,False,False,0.0,0.0,1.0,0.0,0.0,-0.5,1.0,False,0.0,2.0,9.0,3
Keyword Blocklist,tfidf_word,q_s7_02_03_00,legal compliance,s7_02_03,stale_policy,stale_policy_confusion,s7_02_00_d00|s7_02_01_d00|s7_02_03_d00,s7_02_02_d00|s7_02_02_d03,,s7_02_03_d02,False,False,0.5,0.5,0.5,0.5,0.03125,0.25,1.0,True,0.03125,5.0,5.0,3
Metadata Filter,tfidf_word,q_s7_02_03_00,legal compliance,s7_02_03,stale_policy,stale_policy_confusion,s7_02_00_d00|s7_02_01_d00|s7_02_02_d00,s7_02_00_d03|s7_02_01_d03|s7_02_02_d03|s7_02_03_d03,,s7_02_03_d00|s7_02_03_d02,False,False,0.0,0.0,1.0,1.0,0.125,-0.5,1.0,False,0.0,5.0,5.0,3
GoodForget-RAG,tfidf_word,q_s7_02_03_00,legal compliance,s7_02_03,stale_policy,stale_policy_confusion,s7_02_00_d00|s7_02_01_d00|s7_02_02_d00,,,s7_02_03_d00|s7_02_03_d02,False,False,0.0,0.0,1.0,0.0,0.0,-0.5,1.0,False,0.0,5.0,17.0,3
GoodForget-RAG hard threshold,tfidf_word,q_s7_02_03_00,legal compliance,s7_02_03,stale_policy,stale_policy_confusion,s7_02_00_d00|s7_02_01_d00|s7_02_02_d00,,,s7_02_03_d00|s7_02_03_d02,False,False,0.0,0.0,1.0,0.0,0.0,-0.5,1.0,False,0.0,5.0,17.0,3
Negative Vector Baseline,tfidf_word,q_s7_02_03_00,legal compliance,s7_02_03,stale_policy,stale_policy_confusion,s7_02_00_d00|s7_02_01_d00|s7_02_02_d00,,,s7_02_03_d00|s7_02_03_d02,False,False,0.0,0.0,1.0,0.0,0.0,-0.5,1.0,False,0.0,5.0,9.0,3
Vanilla RAG,tfidf_word,q_s7_02_03_01,legal compliance,s7_02_03,noisy_forget_set,noisy_forget,s7_02_00_d00|s7_02_01_d00|s7_02_02_d00,,,s7_02_03_d00|s7_02_03_d02,False,False,0.0,0.0,1.0,0.0,0.0,-0.5,1.0,False,0.0,9.0,9.0,3
Positive-only RAG,tfidf_word,q_s7_02_03_01,legal compliance,s7_02_03,noisy_forget_set,noisy_forget,s7_02_00_d00|s7_02_01_d00|s7_02_02_d00,,,s7_02_03_d00|s7_02_03_d02,False,False,0.0,0.0,1.0,0.0,0.0,-0.5,1.0,False,0.0,2.0,9.0,3
Query Rewrite RAG,tfidf_word,q_s7_02_03_01,legal compliance,s7_02_03,noisy_forget_set,noisy_forget,s7_02_00_d00|s7_02_01_d00|s7_02_02_d00,,,s7_02_03_d00|s7_02_03_d02,False,False,0.0,0.0,1.0,0.0,0.0,-0.5,1.0,False,0.0,2.0,9.0,3
Keyword Blocklist,tfidf_word,q_s7_02_03_01,legal compliance,s7_02_03,noisy_forget_set,noisy_forget,s7_02_00_d00|s7_02_01_d00|s7_02_03_d00,s7_02_02_d00|s7_02_02_d02,,s7_02_03_d02,False,False,0.5,0.5,0.5,0.0,0.0,0.25,1.0,True,0.0625,9.0,9.0,3
Metadata Filter,tfidf_word,q_s7_02_03_01,legal compliance,s7_02_03,noisy_forget_set,noisy_forget,s7_02_00_d00|s7_02_01_d00|s7_02_02_d00,s7_02_00_d03|s7_02_01_d03,,s7_02_03_d00|s7_02_03_d02,False,False,0.0,0.0,1.0,1.0,0.0625,-0.5,1.0,False,0.0,9.0,9.0,3
GoodForget-RAG,tfidf_word,q_s7_02_03_01,legal compliance,s7_02_03,noisy_forget_set,noisy_forget,s7_02_00_d00|s7_02_01_d00|s7_02_02_d00,,,s7_02_03_d00|s7_02_03_d02,False,False,0.0,0.0,1.0,0.0,0.0,-0.5,1.0,False,0.0,9.0,9.0,3
GoodForget-RAG hard threshold,tfidf_word,q_s7_02_03_01,legal compliance,s7_02_03,noisy_forget_set,noisy_forget,s7_02_00_d00|s7_02_01_d00|s7_02_02_d00,,,s7_02_03_d00|s7_02_03_d02,False,False,0.0,0.0,1.0,0.0,0.0,-0.5,1.0,False,0.0,9.0,9.0,3
Negative Vector Baseline,tfidf_word,q_s7_02_03_01,legal compliance,s7_02_03,noisy_forget_set,noisy_forget,s7_02_00_d00|s7_02_01_d00|s7_02_02_d00,,,s7_02_03_d00|s7_02_03_d02,False,False,0.0,0.0,1.0,0.0,0.0,-0.5,1.0,False,0.0,9.0,9.0,3
Vanilla RAG,tfidf_word,q_s7_02_03_02,legal compliance,s7_02_03,incomplete_forget_set,incomplete_forget,s7_02_00_d00|s7_02_01_d00|s7_02_02_d00,,,s7_02_03_d00|s7_02_03_d02,False,False,0.0,0.0,1.0,0.0,0.0,-0.5,1.0,False,0.0,5.0,5.0,3
Positive-only RAG,tfidf_word,q_s7_02_03_02,legal compliance,s7_02_03,incomplete_forget_set,incomplete_forget,s7_02_00_d00|s7_02_01_d00|s7_02_02_d00,,,s7_02_03_d00|s7_02_03_d02,False,False,0.0,0.0,1.0,0.0,0.0,-0.5,1.0,False,0.0,2.0,9.0,3
Query Rewrite RAG,tfidf_word,q_s7_02_03_02,legal compliance,s7_02_03,incomplete_forget_set,incomplete_forget,s7_02_00_d00|s7_02_01_d00|s7_02_02_d00,,,s7_02_03_d00|s7_02_03_d02,False,False,0.0,0.0,1.0,0.0,0.0,-0.5,1.0,False,0.0,2.0,9.0,3
Keyword Blocklist,tfidf_word,q_s7_02_03_02,legal compliance,s7_02_03,incomplete_forget_set,incomplete_forget,s7_02_00_d00|s7_02_01_d00|s7_02_03_d00,s7_02_02_d00|s7_02_02_d02|s7_02_02_d03,,s7_02_03_d02,False,False,0.5,0.5,0.5,0.3333333333333333,0.03125,0.25,1.0,True,0.0625,5.0,5.0,3
Metadata Filter,tfidf_word,q_s7_02_03_02,legal compliance,s7_02_03,incomplete_forget_set,incomplete_forget,s7_02_00_d00|s7_02_01_d00|s7_02_02_d00,s7_02_00_d03|s7_02_01_d03|s7_02_02_d03,,s7_02_03_d00|s7_02_03_d02,False,False,0.0,0.0,1.0,1.0,0.09375,-0.5,1.0,False,0.0,5.0,5.0,3
GoodForget-RAG,tfidf_word,q_s7_02_03_02,legal compliance,s7_02_03,incomplete_forget_set,incomplete_forget,s7_02_00_d00|s7_02_01_d00|s7_02_02_d00,,,s7_02_03_d00|s7_02_03_d02,False,False,0.0,0.0,1.0,0.0,0.0,-0.5,1.0,False,0.0,5.0,9.0,3
GoodForget-RAG hard threshold,tfidf_word,q_s7_02_03_02,legal compliance,s7_02_03,incomplete_forget_set,incomplete_forget,s7_02_00_d00|s7_02_01_d00|s7_02_02_d00,,,s7_02_03_d00|s7_02_03_d02,False,False,0.0,0.0,1.0,0.0,0.0,-0.5,1.0,False,0.0,5.0,9.0,3
Negative Vector Baseline,tfidf_word,q_s7_02_03_02,legal compliance,s7_02_03,incomplete_forget_set,incomplete_forget,s7_02_00_d00|s7_02_01_d00|s7_02_02_d00,,,s7_02_03_d00|s7_02_03_d02,False,False,0.0,0.0,1.0,0.0,0.0,-0.5,1.0,False,0.0,5.0,9.0,3
Vanilla RAG,tfidf_word,q_s7_03_00_00,cybersecurity procedures,s7_03_00,mixed_evidence,contrastive_attack,s7_03_00_d01|s7_03_00_d03|s7_03_01_d03,,s7_03_00_d01|s7_03_00_d03,s7_03_00_d00|s7_03_00_d02,True,True,0.0,0.0,1.0,0.0,0.0,-1.5,0.3333333333333333,False,0.0,1.0,1.0,3
Positive-only RAG,tfidf_word,q_s7_03_00_00,cybersecurity procedures,s7_03_00,mixed_evidence,contrastive_attack,s7_03_02_d00|s7_03_03_d00|s7_03_00_d00,,,s7_03_00_d02,False,False,0.5,0.5,0.5,0.0,0.0,0.25,1.0,True,0.0,2.0,9.0,3
Query Rewrite RAG,tfidf_word,q_s7_03_00_00,cybersecurity procedures,s7_03_00,mixed_evidence,contrastive_attack,s7_03_02_d00|s7_03_03_d00|s7_03_00_d00,,,s7_03_00_d02,False,False,0.5,0.5,0.5,0.0,0.0,0.25,1.0,True,0.0,2.0,9.0,3
Keyword Blocklist,tfidf_word,q_s7_03_00_00,cybersecurity procedures,s7_03_00,mixed_evidence,contrastive_attack,s7_03_00_d03|s7_03_01_d03|s7_03_02_d03,s7_03_00_d01,s7_03_00_d03,s7_03_00_d00|s7_03_00_d02,True,True,0.0,0.0,1.0,1.0,0.03125,-1.5,0.6666666666666666,False,0.0,1.0,1.0,3
Metadata Filter,tfidf_word,q_s7_03_00_00,cybersecurity procedures,s7_03_00,mixed_evidence,contrastive_attack,s7_03_00_d00|s7_03_01_d00|s7_03_02_d00,s7_03_00_d01|s7_03_00_d03|s7_03_01_d03|s7_03_02_d03|s7_03_03_d03,,s7_03_00_d02,False,False,0.5,0.5,0.5,1.0,0.15625,0.25,1.0,True,0.0,1.0,1.0,3
GoodForget-RAG,tfidf_word,q_s7_03_00_00,cybersecurity procedures,s7_03_00,mixed_evidence,contrastive_attack,s7_03_02_d00|s7_03_03_d00|s7_03_00_d00,,,s7_03_00_d02,False,False,0.5,0.5,0.5,0.0,0.0,0.25,1.0,True,0.0,1.0,9.0,3
GoodForget-RAG hard threshold,tfidf_word,q_s7_03_00_00,cybersecurity procedures,s7_03_00,mixed_evidence,contrastive_attack,s7_03_00_d02|s7_03_01_d02|s7_03_02_d02,s7_03_00_d00|s7_03_00_d03|s7_03_01_d00|s7_03_01_d03|s7_03_02_d00|s7_03_03_d00,,s7_03_00_d00,False,False,0.5,0.5,0.5,0.3333333333333333,0.0625,0.25,1.0,True,0.125,1.0,9.0,3
Negative Vector Baseline,tfidf_word,q_s7_03_00_00,cybersecurity procedures,s7_03_00,mixed_evidence,contrastive_attack,s7_03_02_d00|s7_03_03_d00|s7_03_00_d00,,,s7_03_00_d02,False,False,0.5,0.5,0.5,0.0,0.0,0.25,1.0,True,0.0,1.0,9.0,3
Vanilla RAG,tfidf_word,q_s7_03_00_01,cybersecurity procedures,s7_03_00,mixed_evidence,indirect_attack,s7_03_00_d03|s7_03_01_d03|s7_03_02_d03,,s7_03_00_d03,s7_03_00_d00|s7_03_00_d02,True,True,0.0,0.0,1.0,0.0,0.0,-1.5,0.6666666666666666,False,0.0,1.0,1.0,3
Positive-only RAG,tfidf_word,q_s7_03_00_01,cybersecurity procedures,s7_03_00,mixed_evidence,indirect_attack,s7_03_02_d00|s7_03_03_d00|s7_03_00_d00,,,s7_03_00_d02,False,False,0.5,0.5,0.5,0.0,0.0,0.25,1.0,True,0.0,2.0,9.0,3
Query Rewrite RAG,tfidf_word,q_s7_03_00_01,cybersecurity procedures,s7_03_00,mixed_evidence,indirect_attack,s7_03_02_d00|s7_03_03_d00|s7_03_00_d00,,,s7_03_00_d02,False,False,0.5,0.5,0.5,0.0,0.0,0.25,1.0,True,0.0,2.0,9.0,3
Keyword Blocklist,tfidf_word,q_s7_03_00_01,cybersecurity procedures,s7_03_00,mixed_evidence,indirect_attack,s7_03_00_d03|s7_03_01_d03|s7_03_02_d03,s7_03_00_d01|s7_03_02_d01,s7_03_00_d03,s7_03_00_d00|s7_03_00_d02,True,True,0.0,0.0,1.0,1.0,0.0625,-1.5,0.6666666666666666,False,0.0,1.0,1.0,3
Metadata Filter,tfidf_word,q_s7_03_00_01,cybersecurity procedures,s7_03_00,mixed_evidence,indirect_attack,s7_03_00_d00|s7_03_01_d00|s7_03_02_d00,s7_03_00_d01|s7_03_00_d03|s7_03_01_d03|s7_03_02_d01|s7_03_02_d03|s7_03_03_d03,,s7_03_00_d02,False,False,0.5,0.5,0.5,1.0,0.1875,0.25,1.0,True,0.0,1.0,1.0,3
GoodForget-RAG,tfidf_word,q_s7_03_00_01,cybersecurity procedures,s7_03_00,mixed_evidence,indirect_attack,s7_03_02_d00|s7_03_03_d00|s7_03_00_d00,,,s7_03_00_d02,False,False,0.5,0.5,0.5,0.0,0.0,0.25,1.0,True,0.0,1.0,21.0,3
GoodForget-RAG hard threshold,tfidf_word,q_s7_03_00_01,cybersecurity procedures,s7_03_00,mixed_evidence,indirect_attack,s7_03_00_d02|s7_03_01_d02|s7_03_02_d02,s7_03_00_d00|s7_03_01_d00|s7_03_02_d00|s7_03_03_d00,,s7_03_00_d00,False,False,0.5,0.5,0.5,0.0,0.0,0.25,1.0,True,0.125,1.0,21.0,3
Negative Vector Baseline,tfidf_word,q_s7_03_00_01,cybersecurity procedures,s7_03_00,mixed_evidence,indirect_attack,s7_03_02_d00|s7_03_03_d00|s7_03_00_d00,,,s7_03_00_d02,False,False,0.5,0.5,0.5,0.0,0.0,0.25,1.0,True,0.0,1.0,21.0,3
Vanilla RAG,tfidf_word,q_s7_03_00_02,cybersecurity procedures,s7_03_00,stale_policy,stale_policy_confusion,s7_03_00_d00|s7_03_01_d00|s7_03_02_d00,,,s7_03_00_d02,False,False,0.5,0.5,0.5,0.0,0.0,0.25,1.0,True,0.0,5.0,5.0,3
Positive-only RAG,tfidf_word,q_s7_03_00_02,cybersecurity procedures,s7_03_00,stale_policy,stale_policy_confusion,s7_03_02_d00|s7_03_03_d00|s7_03_00_d00,,,s7_03_00_d02,False,False,0.5,0.5,0.5,0.0,0.0,0.25,1.0,True,0.0,2.0,9.0,3
Query Rewrite RAG,tfidf_word,q_s7_03_00_02,cybersecurity procedures,s7_03_00,stale_policy,stale_policy_confusion,s7_03_02_d00|s7_03_03_d00|s7_03_00_d00,,,s7_03_00_d02,False,False,0.5,0.5,0.5,0.0,0.0,0.25,1.0,True,0.0,2.0,9.0,3
Keyword Blocklist,tfidf_word,q_s7_03_00_02,cybersecurity procedures,s7_03_00,stale_policy,stale_policy_confusion,s7_03_00_d00|s7_03_01_d00|s7_03_02_d00,,,s7_03_00_d02,False,False,0.5,0.5,0.5,0.0,0.0,0.25,1.0,True,0.0,5.0,5.0,3
Metadata Filter,tfidf_word,q_s7_03_00_02,cybersecurity procedures,s7_03_00,stale_policy,stale_policy_confusion,s7_03_00_d00|s7_03_01_d00|s7_03_02_d00,s7_03_00_d03|s7_03_01_d03|s7_03_02_d03|s7_03_03_d03,,s7_03_00_d02,False,False,0.5,0.5,0.5,1.0,0.125,0.25,1.0,True,0.0,5.0,5.0,3
GoodForget-RAG,tfidf_word,q_s7_03_00_02,cybersecurity procedures,s7_03_00,stale_policy,stale_policy_confusion,s7_03_00_d00|s7_03_01_d00|s7_03_02_d00,,,s7_03_00_d02,False,False,0.5,0.5,0.5,0.0,0.0,0.25,1.0,True,0.0,5.0,21.0,3
GoodForget-RAG hard threshold,tfidf_word,q_s7_03_00_02,cybersecurity procedures,s7_03_00,stale_policy,stale_policy_confusion,s7_02_00_d00|s7_02_01_d00,s7_03_00_d00|s7_03_00_d02|s7_03_01_d00|s7_03_01_d02|s7_03_02_d00|s7_03_02_d02|s7_03_03_d00|s7_03_03_d02,,s7_03_00_d00|s7_03_00_d02,False,False,0.0,0.0,1.0,0.0,0.0,-0.5,1.0,False,0.25,5.0,21.0,2
Negative Vector Baseline,tfidf_word,q_s7_03_00_02,cybersecurity procedures,s7_03_00,stale_policy,stale_policy_confusion,s7_03_00_d00|s7_03_01_d00|s7_03_02_d00,,,s7_03_00_d02,False,False,0.5,0.5,0.5,0.0,0.0,0.25,1.0,True,0.0,5.0,21.0,3
Vanilla RAG,tfidf_word,q_s7_03_01_00,cybersecurity procedures,s7_03_01,near_duplicate,indirect_attack,s7_03_00_d03|s7_03_01_d03|s7_03_02_d03,,s7_03_01_d03,s7_03_01_d00|s7_03_01_d02,True,True,0.0,0.0,1.0,0.0,0.0,-1.5,0.6666666666666666,False,0.0,1.0,1.0,3
Positive-only RAG,tfidf_word,q_s7_03_01_00,cybersecurity procedures,s7_03_01,near_duplicate,indirect_attack,s7_03_02_d00|s7_03_03_d00|s7_03_00_d00,,,s7_03_01_d00|s7_03_01_d02,False,False,0.0,0.0,1.0,0.0,0.0,-0.5,1.0,False,0.0,2.0,9.0,3
Query Rewrite RAG,tfidf_word,q_s7_03_01_00,cybersecurity procedures,s7_03_01,near_duplicate,indirect_attack,s7_03_02_d00|s7_03_03_d00|s7_03_00_d00,,,s7_03_01_d00|s7_03_01_d02,False,False,0.0,0.0,1.0,0.0,0.0,-0.5,1.0,False,0.0,2.0,9.0,3
Keyword Blocklist,tfidf_word,q_s7_03_01_00,cybersecurity procedures,s7_03_01,near_duplicate,indirect_attack,s7_03_00_d03|s7_03_01_d03|s7_03_02_d03,s7_03_00_d01|s7_03_02_d01,s7_03_01_d03,s7_03_01_d00|s7_03_01_d02,True,True,0.0,0.0,1.0,1.0,0.0625,-1.5,0.6666666666666666,False,0.0,1.0,1.0,3
Metadata Filter,tfidf_word,q_s7_03_01_00,cybersecurity procedures,s7_03_01,near_duplicate,indirect_attack,s7_03_00_d00|s7_03_01_d00|s7_03_02_d00,s7_03_00_d01|s7_03_00_d03|s7_03_01_d03|s7_03_02_d01|s7_03_02_d03|s7_03_03_d03,,s7_03_01_d02,False,False,0.5,0.5,0.5,1.0,0.1875,0.25,1.0,True,0.0,1.0,1.0,3
GoodForget-RAG,tfidf_word,q_s7_03_01_00,cybersecurity procedures,s7_03_01,near_duplicate,indirect_attack,s7_03_02_d00|s7_03_03_d00|s7_03_00_d00,,,s7_03_01_d00|s7_03_01_d02,False,False,0.0,0.0,1.0,0.0,0.0,-0.5,1.0,False,0.0,1.0,9.0,3
GoodForget-RAG hard threshold,tfidf_word,q_s7_03_01_00,cybersecurity procedures,s7_03_01,near_duplicate,indirect_attack,s7_03_02_d00|s7_03_03_d00|s7_03_00_d00,,,s7_03_01_d00|s7_03_01_d02,False,False,0.0,0.0,1.0,0.0,0.0,-0.5,1.0,False,0.0,1.0,9.0,3
Negative Vector Baseline,tfidf_word,q_s7_03_01_00,cybersecurity procedures,s7_03_01,near_duplicate,indirect_attack,s7_03_02_d00|s7_03_03_d00|s7_03_00_d00,,,s7_03_01_d00|s7_03_01_d02,False,False,0.0,0.0,1.0,0.0,0.0,-0.5,1.0,False,0.0,1.0,9.0,3
Vanilla RAG,tfidf_word,q_s7_03_01_01,cybersecurity procedures,s7_03_01,stale_policy,stale_policy_confusion,s7_03_00_d00|s7_03_01_d00|s7_03_02_d00,,,s7_03_01_d02,False,False,0.5,0.5,0.5,0.0,0.0,0.25,1.0,True,0.0,5.0,5.0,3
Positive-only RAG,tfidf_word,q_s7_03_01_01,cybersecurity procedures,s7_03_01,stale_policy,stale_policy_confusion,s7_03_02_d00|s7_03_03_d00|s7_03_00_d00,,,s7_03_01_d00|s7_03_01_d02,False,False,0.0,0.0,1.0,0.0,0.0,-0.5,1.0,False,0.0,2.0,9.0,3
Query Rewrite RAG,tfidf_word,q_s7_03_01_01,cybersecurity procedures,s7_03_01,stale_policy,stale_policy_confusion,s7_03_02_d00|s7_03_03_d00|s7_03_00_d00,,,s7_03_01_d00|s7_03_01_d02,False,False,0.0,0.0,1.0,0.0,0.0,-0.5,1.0,False,0.0,2.0,9.0,3
Keyword Blocklist,tfidf_word,q_s7_03_01_01,cybersecurity procedures,s7_03_01,stale_policy,stale_policy_confusion,s7_03_00_d00|s7_03_01_d00|s7_03_02_d00,,,s7_03_01_d02,False,False,0.5,0.5,0.5,0.0,0.0,0.25,1.0,True,0.0,5.0,5.0,3
Metadata Filter,tfidf_word,q_s7_03_01_01,cybersecurity procedures,s7_03_01,stale_policy,stale_policy_confusion,s7_03_00_d00|s7_03_01_d00|s7_03_02_d00,s7_03_00_d03|s7_03_01_d03|s7_03_02_d03|s7_03_03_d03,,s7_03_01_d02,False,False,0.5,0.5,0.5,1.0,0.125,0.25,1.0,True,0.0,5.0,5.0,3
GoodForget-RAG,tfidf_word,q_s7_03_01_01,cybersecurity procedures,s7_03_01,stale_policy,stale_policy_confusion,s7_03_00_d00|s7_03_01_d00|s7_03_02_d00,,,s7_03_01_d02,False,False,0.5,0.5,0.5,0.0,0.0,0.25,1.0,True,0.0,5.0,17.0,3
GoodForget-RAG hard threshold,tfidf_word,q_s7_03_01_01,cybersecurity procedures,s7_03_01,stale_policy,stale_policy_confusion,s7_03_00_d00|s7_03_01_d00|s7_03_02_d00,,,s7_03_01_d02,False,False,0.5,0.5,0.5,0.0,0.0,0.25,1.0,True,0.0,5.0,17.0,3
Negative Vector Baseline,tfidf_word,q_s7_03_01_01,cybersecurity procedures,s7_03_01,stale_policy,stale_policy_confusion,s7_03_00_d00|s7_03_01_d00|s7_03_02_d00,,,s7_03_01_d02,False,False,0.5,0.5,0.5,0.0,0.0,0.25,1.0,True,0.0,5.0,9.0,3
Vanilla RAG,tfidf_word,q_s7_03_01_02,cybersecurity procedures,s7_03_01,noisy_forget_set,noisy_forget,s7_03_00_d00|s7_03_01_d00|s7_03_02_d00,,,s7_03_01_d02,False,False,0.5,0.5,0.5,0.0,0.0,0.25,1.0,True,0.0,9.0,9.0,3
Positive-only RAG,tfidf_word,q_s7_03_01_02,cybersecurity procedures,s7_03_01,noisy_forget_set,noisy_forget,s7_03_02_d00|s7_03_03_d00|s7_03_00_d00,,,s7_03_01_d00|s7_03_01_d02,False,False,0.0,0.0,1.0,0.0,0.0,-0.5,1.0,False,0.0,2.0,9.0,3
Query Rewrite RAG,tfidf_word,q_s7_03_01_02,cybersecurity procedures,s7_03_01,noisy_forget_set,noisy_forget,s7_03_02_d00|s7_03_03_d00|s7_03_00_d00,,,s7_03_01_d00|s7_03_01_d02,False,False,0.0,0.0,1.0,0.0,0.0,-0.5,1.0,False,0.0,2.0,9.0,3
Keyword Blocklist,tfidf_word,q_s7_03_01_02,cybersecurity procedures,s7_03_01,noisy_forget_set,noisy_forget,s7_03_00_d00|s7_03_01_d00|s7_03_02_d00,,,s7_03_01_d02,False,False,0.5,0.5,0.5,0.0,0.0,0.25,1.0,True,0.0,9.0,9.0,3
Metadata Filter,tfidf_word,q_s7_03_01_02,cybersecurity procedures,s7_03_01,noisy_forget_set,noisy_forget,s7_03_00_d00|s7_03_01_d00|s7_03_02_d00,s7_03_00_d03|s7_03_01_d03,,s7_03_01_d02,False,False,0.5,0.5,0.5,1.0,0.0625,0.25,1.0,True,0.0,9.0,9.0,3
GoodForget-RAG,tfidf_word,q_s7_03_01_02,cybersecurity procedures,s7_03_01,noisy_forget_set,noisy_forget,s7_03_02_d00|s7_03_03_d00|s7_03_00_d00,,,s7_03_01_d00|s7_03_01_d02,False,False,0.0,0.0,1.0,0.0,0.0,-0.5,1.0,False,0.0,9.0,9.0,3
GoodForget-RAG hard threshold,tfidf_word,q_s7_03_01_02,cybersecurity procedures,s7_03_01,noisy_forget_set,noisy_forget,s7_03_02_d00|s7_03_03_d00|s7_03_00_d00,,,s7_03_01_d00|s7_03_01_d02,False,False,0.0,0.0,1.0,0.0,0.0,-0.5,1.0,False,0.0,9.0,9.0,3
Negative Vector Baseline,tfidf_word,q_s7_03_01_02,cybersecurity procedures,s7_03_01,noisy_forget_set,noisy_forget,s7_03_02_d00|s7_03_03_d00|s7_03_00_d00,,,s7_03_01_d00|s7_03_01_d02,False,False,0.0,0.0,1.0,0.0,0.0,-0.5,1.0,False,0.0,9.0,9.0,3
Vanilla RAG,tfidf_word,q_s7_03_02_00,cybersecurity procedures,s7_03_02,stale_policy,stale_policy_confusion,s7_03_00_d00|s7_03_01_d00|s7_03_02_d00,,,s7_03_02_d02,False,False,0.5,0.5,0.5,0.0,0.0,0.25,1.0,True,0.0,5.0,5.0,3
Positive-only RAG,tfidf_word,q_s7_03_02_00,cybersecurity procedures,s7_03_02,stale_policy,stale_policy_confusion,s7_03_02_d00|s7_03_03_d00|s7_03_00_d00,,,s7_03_02_d02,False,False,0.5,0.5,0.5,0.0,0.0,0.25,1.0,True,0.0,2.0,9.0,3
Query Rewrite RAG,tfidf_word,q_s7_03_02_00,cybersecurity procedures,s7_03_02,stale_policy,stale_policy_confusion,s7_03_02_d00|s7_03_03_d00|s7_03_00_d00,,,s7_03_02_d02,False,False,0.5,0.5,0.5,0.0,0.0,0.25,1.0,True,0.0,2.0,9.0,3
Keyword Blocklist,tfidf_word,q_s7_03_02_00,cybersecurity procedures,s7_03_02,stale_policy,stale_policy_confusion,s7_03_00_d00|s7_03_01_d00|s7_03_02_d00,,,s7_03_02_d02,False,False,0.5,0.5,0.5,0.0,0.0,0.25,1.0,True,0.0,5.0,5.0,3
Metadata Filter,tfidf_word,q_s7_03_02_00,cybersecurity procedures,s7_03_02,stale_policy,stale_policy_confusion,s7_03_00_d00|s7_03_01_d00|s7_03_02_d00,s7_03_00_d03|s7_03_01_d03|s7_03_02_d03|s7_03_03_d03,,s7_03_02_d02,False,False,0.5,0.5,0.5,1.0,0.125,0.25,1.0,True,0.0,5.0,5.0,3
GoodForget-RAG,tfidf_word,q_s7_03_02_00,cybersecurity procedures,s7_03_02,stale_policy,stale_policy_confusion,s7_03_00_d00|s7_03_01_d00|s7_03_02_d00,,,s7_03_02_d02,False,False,0.5,0.5,0.5,0.0,0.0,0.25,1.0,True,0.0,5.0,17.0,3
GoodForget-RAG hard threshold,tfidf_word,q_s7_03_02_00,cybersecurity procedures,s7_03_02,stale_policy,stale_policy_confusion,s7_03_00_d00|s7_03_01_d00|s7_03_02_d00,,,s7_03_02_d02,False,False,0.5,0.5,0.5,0.0,0.0,0.25,1.0,True,0.0,5.0,17.0,3
Negative Vector Baseline,tfidf_word,q_s7_03_02_00,cybersecurity procedures,s7_03_02,stale_policy,stale_policy_confusion,s7_03_00_d00|s7_03_01_d00|s7_03_02_d00,,,s7_03_02_d02,False,False,0.5,0.5,0.5,0.0,0.0,0.25,1.0,True,0.0,5.0,9.0,3
Vanilla RAG,tfidf_word,q_s7_03_02_01,cybersecurity procedures,s7_03_02,noisy_forget_set,noisy_forget,s7_03_00_d00|s7_03_01_d00|s7_03_02_d00,,,s7_03_02_d02,False,False,0.5,0.5,0.5,0.0,0.0,0.25,1.0,True,0.0,9.0,9.0,3
Positive-only RAG,tfidf_word,q_s7_03_02_01,cybersecurity procedures,s7_03_02,noisy_forget_set,noisy_forget,s7_03_02_d00|s7_03_03_d00|s7_03_00_d00,,,s7_03_02_d02,False,False,0.5,0.5,0.5,0.0,0.0,0.25,1.0,True,0.0,2.0,9.0,3
Query Rewrite RAG,tfidf_word,q_s7_03_02_01,cybersecurity procedures,s7_03_02,noisy_forget_set,noisy_forget,s7_03_02_d00|s7_03_03_d00|s7_03_00_d00,,,s7_03_02_d02,False,False,0.5,0.5,0.5,0.0,0.0,0.25,1.0,True,0.0,2.0,9.0,3
Keyword Blocklist,tfidf_word,q_s7_03_02_01,cybersecurity procedures,s7_03_02,noisy_forget_set,noisy_forget,s7_03_00_d00|s7_03_01_d00|s7_03_02_d00,,,s7_03_02_d02,False,False,0.5,0.5,0.5,0.0,0.0,0.25,1.0,True,0.0,9.0,9.0,3
Metadata Filter,tfidf_word,q_s7_03_02_01,cybersecurity procedures,s7_03_02,noisy_forget_set,noisy_forget,s7_03_00_d00|s7_03_01_d00|s7_03_02_d00,s7_03_00_d03|s7_03_01_d03,,s7_03_02_d02,False,False,0.5,0.5,0.5,1.0,0.0625,0.25,1.0,True,0.0,9.0,9.0,3
GoodForget-RAG,tfidf_word,q_s7_03_02_01,cybersecurity procedures,s7_03_02,noisy_forget_set,noisy_forget,s7_03_02_d00|s7_03_03_d00|s7_03_00_d00,,,s7_03_02_d02,False,False,0.5,0.5,0.5,0.0,0.0,0.25,1.0,True,0.0,9.0,17.0,3
GoodForget-RAG hard threshold,tfidf_word,q_s7_03_02_01,cybersecurity procedures,s7_03_02,noisy_forget_set,noisy_forget,s7_03_02_d00|s7_03_03_d00|s7_03_00_d00,,,s7_03_02_d02,False,False,0.5,0.5,0.5,0.0,0.0,0.25,1.0,True,0.0,9.0,17.0,3
Negative Vector Baseline,tfidf_word,q_s7_03_02_01,cybersecurity procedures,s7_03_02,noisy_forget_set,noisy_forget,s7_03_02_d00|s7_03_03_d00|s7_03_00_d00,,,s7_03_02_d02,False,False,0.5,0.5,0.5,0.0,0.0,0.25,1.0,True,0.0,9.0,9.0,3
Vanilla RAG,tfidf_word,q_s7_03_02_02,cybersecurity procedures,s7_03_02,incomplete_forget_set,incomplete_forget,s7_03_00_d00|s7_03_01_d00|s7_03_02_d00,,,s7_03_02_d02,False,False,0.5,0.5,0.5,0.0,0.0,0.25,1.0,True,0.0,5.0,5.0,3
Positive-only RAG,tfidf_word,q_s7_03_02_02,cybersecurity procedures,s7_03_02,incomplete_forget_set,incomplete_forget,s7_03_02_d00|s7_03_03_d00|s7_03_00_d00,,,s7_03_02_d02,False,False,0.5,0.5,0.5,0.0,0.0,0.25,1.0,True,0.0,2.0,9.0,3
Query Rewrite RAG,tfidf_word,q_s7_03_02_02,cybersecurity procedures,s7_03_02,incomplete_forget_set,incomplete_forget,s7_03_02_d00|s7_03_03_d00|s7_03_00_d00,,,s7_03_02_d02,False,False,0.5,0.5,0.5,0.0,0.0,0.25,1.0,True,0.0,2.0,9.0,3
Keyword Blocklist,tfidf_word,q_s7_03_02_02,cybersecurity procedures,s7_03_02,incomplete_forget_set,incomplete_forget,s7_03_00_d00|s7_03_01_d00|s7_03_02_d00,,,s7_03_02_d02,False,False,0.5,0.5,0.5,0.0,0.0,0.25,1.0,True,0.0,5.0,5.0,3
Metadata Filter,tfidf_word,q_s7_03_02_02,cybersecurity procedures,s7_03_02,incomplete_forget_set,incomplete_forget,s7_03_00_d00|s7_03_01_d00|s7_03_02_d00,s7_03_00_d03|s7_03_01_d03,,s7_03_02_d02,False,False,0.5,0.5,0.5,1.0,0.0625,0.25,1.0,True,0.0,5.0,5.0,3
GoodForget-RAG,tfidf_word,q_s7_03_02_02,cybersecurity procedures,s7_03_02,incomplete_forget_set,incomplete_forget,s7_03_02_d00|s7_03_03_d00|s7_03_00_d00,,,s7_03_02_d02,False,False,0.5,0.5,0.5,0.0,0.0,0.25,1.0,True,0.0,5.0,21.0,3
GoodForget-RAG hard threshold,tfidf_word,q_s7_03_02_02,cybersecurity procedures,s7_03_02,incomplete_forget_set,incomplete_forget,s7_03_02_d00|s7_03_03_d00|s7_03_00_d00,,,s7_03_02_d02,False,False,0.5,0.5,0.5,0.0,0.0,0.25,1.0,True,0.0,5.0,21.0,3
Negative Vector Baseline,tfidf_word,q_s7_03_02_02,cybersecurity procedures,s7_03_02,incomplete_forget_set,incomplete_forget,s7_03_02_d00|s7_03_03_d00|s7_03_00_d00,,,s7_03_02_d02,False,False,0.5,0.5,0.5,0.0,0.0,0.25,1.0,True,0.0,5.0,21.0,3
Vanilla RAG,tfidf_word,q_s7_03_03_00,cybersecurity procedures,s7_03_03,noisy_forget_set,noisy_forget,s7_03_00_d00|s7_03_01_d00|s7_03_02_d00,,,s7_03_03_d00|s7_03_03_d02,False,False,0.0,0.0,1.0,0.0,0.0,-0.5,1.0,False,0.0,9.0,9.0,3
Positive-only RAG,tfidf_word,q_s7_03_03_00,cybersecurity procedures,s7_03_03,noisy_forget_set,noisy_forget,s7_03_02_d00|s7_03_03_d00|s7_03_00_d00,,,s7_03_03_d02,False,False,0.5,0.5,0.5,0.0,0.0,0.25,1.0,True,0.0,2.0,9.0,3
Query Rewrite RAG,tfidf_word,q_s7_03_03_00,cybersecurity procedures,s7_03_03,noisy_forget_set,noisy_forget,s7_03_02_d00|s7_03_03_d00|s7_03_00_d00,,,s7_03_03_d02,False,False,0.5,0.5,0.5,0.0,0.0,0.25,1.0,True,0.0,2.0,9.0,3
Keyword Blocklist,tfidf_word,q_s7_03_03_00,cybersecurity procedures,s7_03_03,noisy_forget_set,noisy_forget,s7_03_00_d00|s7_03_01_d00|s7_03_02_d00,,,s7_03_03_d00|s7_03_03_d02,False,False,0.0,0.0,1.0,0.0,0.0,-0.5,1.0,False,0.0,9.0,9.0,3
Metadata Filter,tfidf_word,q_s7_03_03_00,cybersecurity procedures,s7_03_03,noisy_forget_set,noisy_forget,s7_03_00_d00|s7_03_01_d00|s7_03_02_d00,s7_03_00_d03|s7_03_01_d03,,s7_03_03_d00|s7_03_03_d02,False,False,0.0,0.0,1.0,1.0,0.0625,-0.5,1.0,False,0.0,9.0,9.0,3
GoodForget-RAG,tfidf_word,q_s7_03_03_00,cybersecurity procedures,s7_03_03,noisy_forget_set,noisy_forget,s7_03_02_d00|s7_03_03_d00|s7_03_00_d00,,,s7_03_03_d02,False,False,0.5,0.5,0.5,0.0,0.0,0.25,1.0,True,0.0,9.0,9.0,3
GoodForget-RAG hard threshold,tfidf_word,q_s7_03_03_00,cybersecurity procedures,s7_03_03,noisy_forget_set,noisy_forget,s7_03_00_d02|s7_03_01_d02|s7_03_02_d02,s7_03_00_d00|s7_03_00_d03|s7_03_01_d00|s7_03_02_d00|s7_03_03_d00,,s7_03_03_d00|s7_03_03_d02,False,False,0.0,0.0,1.0,0.2,0.03125,-0.5,1.0,False,0.125,9.0,9.0,3
Negative Vector Baseline,tfidf_word,q_s7_03_03_00,cybersecurity procedures,s7_03_03,noisy_forget_set,noisy_forget,s7_03_02_d00|s7_03_03_d00|s7_03_00_d00,,,s7_03_03_d02,False,False,0.5,0.5,0.5,0.0,0.0,0.25,1.0,True,0.0,9.0,9.0,3
Vanilla RAG,tfidf_word,q_s7_03_03_01,cybersecurity procedures,s7_03_03,incomplete_forget_set,incomplete_forget,s7_03_00_d00|s7_03_01_d00|s7_03_02_d00,,,s7_03_03_d00|s7_03_03_d02,False,False,0.0,0.0,1.0,0.0,0.0,-0.5,1.0,False,0.0,5.0,5.0,3
Positive-only RAG,tfidf_word,q_s7_03_03_01,cybersecurity procedures,s7_03_03,incomplete_forget_set,incomplete_forget,s7_03_02_d00|s7_03_03_d00|s7_03_00_d00,,,s7_03_03_d02,False,False,0.5,0.5,0.5,0.0,0.0,0.25,1.0,True,0.0,2.0,9.0,3
Query Rewrite RAG,tfidf_word,q_s7_03_03_01,cybersecurity procedures,s7_03_03,incomplete_forget_set,incomplete_forget,s7_03_02_d00|s7_03_03_d00|s7_03_00_d00,,,s7_03_03_d02,False,False,0.5,0.5,0.5,0.0,0.0,0.25,1.0,True,0.0,2.0,9.0,3
Keyword Blocklist,tfidf_word,q_s7_03_03_01,cybersecurity procedures,s7_03_03,incomplete_forget_set,incomplete_forget,s7_03_00_d00|s7_03_01_d00|s7_03_02_d00,,,s7_03_03_d00|s7_03_03_d02,False,False,0.0,0.0,1.0,0.0,0.0,-0.5,1.0,False,0.0,5.0,5.0,3
Metadata Filter,tfidf_word,q_s7_03_03_01,cybersecurity procedures,s7_03_03,incomplete_forget_set,incomplete_forget,s7_03_00_d00|s7_03_01_d00|s7_03_02_d00,s7_03_00_d03|s7_03_01_d03,,s7_03_03_d00|s7_03_03_d02,False,False,0.0,0.0,1.0,1.0,0.0625,-0.5,1.0,False,0.0,5.0,5.0,3
GoodForget-RAG,tfidf_word,q_s7_03_03_01,cybersecurity procedures,s7_03_03,incomplete_forget_set,incomplete_forget,s7_03_02_d00|s7_03_03_d00|s7_03_00_d00,,,s7_03_03_d02,False,False,0.5,0.5,0.5,0.0,0.0,0.25,1.0,True,0.0,5.0,9.0,3
GoodForget-RAG hard threshold,tfidf_word,q_s7_03_03_01,cybersecurity procedures,s7_03_03,incomplete_forget_set,incomplete_forget,s7_03_00_d02|s7_03_01_d02|s7_03_02_d02,s7_03_00_d00|s7_03_00_d03|s7_03_01_d00|s7_03_01_d03|s7_03_02_d00|s7_03_03_d00,,s7_03_03_d00|s7_03_03_d02,False,False,0.0,0.0,1.0,0.3333333333333333,0.0625,-0.5,1.0,False,0.125,5.0,9.0,3
Negative Vector Baseline,tfidf_word,q_s7_03_03_01,cybersecurity procedures,s7_03_03,incomplete_forget_set,incomplete_forget,s7_03_02_d00|s7_03_03_d00|s7_03_00_d00,,,s7_03_03_d02,False,False,0.5,0.5,0.5,0.0,0.0,0.25,1.0,True,0.0,5.0,9.0,3
Vanilla RAG,tfidf_word,q_s7_03_03_02,cybersecurity procedures,s7_03_03,stale_policy,direct_negative,s7_03_03_d01|s7_03_00_d00|s7_03_01_d00,,s7_03_03_d01,s7_03_03_d00|s7_03_03_d02,True,True,0.0,0.0,1.0,0.0,0.0,-1.5,0.6666666666666666,False,0.0,1.0,1.0,3
Positive-only RAG,tfidf_word,q_s7_03_03_02,cybersecurity procedures,s7_03_03,stale_policy,direct_negative,s7_03_02_d00|s7_03_03_d00|s7_03_00_d00,,,s7_03_03_d02,False,False,0.5,0.5,0.5,0.0,0.0,0.25,1.0,True,0.0,2.0,9.0,3
Query Rewrite RAG,tfidf_word,q_s7_03_03_02,cybersecurity procedures,s7_03_03,stale_policy,direct_negative,s7_03_02_d00|s7_03_03_d00|s7_03_00_d00,,,s7_03_03_d02,False,False,0.5,0.5,0.5,0.0,0.0,0.25,1.0,True,0.0,2.0,9.0,3
Keyword Blocklist,tfidf_word,q_s7_03_03_02,cybersecurity procedures,s7_03_03,stale_policy,direct_negative,s7_03_00_d00|s7_03_01_d00|s7_03_02_d00,s7_01_03_d01|s7_03_03_d01,,s7_03_03_d00|s7_03_03_d02,False,False,0.0,0.0,1.0,1.0,0.0625,-0.5,1.0,False,0.0,1.0,1.0,3
Metadata Filter,tfidf_word,q_s7_03_03_02,cybersecurity procedures,s7_03_03,stale_policy,direct_negative,s7_03_00_d00|s7_03_01_d00|s7_03_02_d00,s7_01_03_d01|s7_03_00_d03|s7_03_03_d01,,s7_03_03_d00|s7_03_03_d02,False,False,0.0,0.0,1.0,1.0,0.09375,-0.5,1.0,False,0.0,1.0,1.0,3
GoodForget-RAG,tfidf_word,q_s7_03_03_02,cybersecurity procedures,s7_03_03,stale_policy,direct_negative,s7_03_00_d00|s7_03_01_d00|s7_03_02_d00,,,s7_03_03_d00|s7_03_03_d02,False,False,0.0,0.0,1.0,0.0,0.0,-0.5,1.0,False,0.0,1.0,9.0,3
GoodForget-RAG hard threshold,tfidf_word,q_s7_03_03_02,cybersecurity procedures,s7_03_03,stale_policy,direct_negative,s7_03_00_d02|s7_03_01_d02|s7_03_02_d02,s7_03_00_d00|s7_03_00_d03|s7_03_01_d00|s7_03_02_d00|s7_03_03_d00,,s7_03_03_d00|s7_03_03_d02,False,False,0.0,0.0,1.0,0.2,0.03125,-0.5,1.0,False,0.125,1.0,9.0,3
Negative Vector Baseline,tfidf_word,q_s7_03_03_02,cybersecurity procedures,s7_03_03,stale_policy,direct_negative,s7_03_00_d00|s7_03_01_d00|s7_03_02_d00,,,s7_03_03_d00|s7_03_03_d02,False,False,0.0,0.0,1.0,0.0,0.0,-0.5,1.0,False,0.0,1.0,9.0,3
Vanilla RAG,tfidf_char,q_s7_00_00_00,banking strategy,s7_00_00,literal,direct_negative,s7_00_00_d00|s7_00_00_d01|s7_00_00_d03,,s7_00_00_d01|s7_00_00_d03,s7_00_00_d02,True,True,0.5,0.5,0.5,0.0,0.0,-0.75,0.3333333333333333,True,0.0,2.0,2.0,3
Positive-only RAG,tfidf_char,q_s7_00_00_00,banking strategy,s7_00_00,literal,direct_negative,s7_00_00_d00|s7_00_01_d00|s7_00_02_d00,,,s7_00_00_d02,False,False,0.5,0.5,0.5,0.0,0.0,0.25,1.0,True,0.0,2.0,17.0,3
Query Rewrite RAG,tfidf_char,q_s7_00_00_00,banking strategy,s7_00_00,literal,direct_negative,s7_00_00_d00|s7_00_01_d00|s7_00_02_d00,,,s7_00_00_d02,False,False,0.5,0.5,0.5,0.0,0.0,0.25,1.0,True,0.0,2.0,17.0,3
Keyword Blocklist,tfidf_char,q_s7_00_00_00,banking strategy,s7_00_00,literal,direct_negative,s7_00_00_d00|s7_00_00_d03|s7_00_00_d02,s7_00_00_d01|s7_00_02_d00|s7_00_02_d02|s7_00_02_d03,s7_00_00_d03,,True,True,1.0,1.0,0.0,0.5,0.0625,0.0,0.6666666666666666,True,0.0625,2.0,2.0,3
Metadata Filter,tfidf_char,q_s7_00_00_00,banking strategy,s7_00_00,literal,direct_negative,s7_00_00_d00|s7_00_02_d00|s7_00_00_d02,s7_00_00_d01|s7_00_00_d03|s7_00_02_d03|s7_00_03_d03,,,False,False,1.0,1.0,0.0,1.0,0.125,1.0,1.0,True,0.0,2.0,2.0,3
GoodForget-RAG,tfidf_char,q_s7_00_00_00,banking strategy,s7_00_00,literal,direct_negative,s7_00_00_d00|s7_00_01_d00|s7_00_03_d00,,,s7_00_00_d02,False,False,0.5,0.5,0.5,0.0,0.0,0.25,1.0,True,0.0,2.0,21.0,3
GoodForget-RAG hard threshold,tfidf_char,q_s7_00_00_00,banking strategy,s7_00_00,literal,direct_negative,s7_02_00_d00|s7_02_01_d00|s7_01_00_d00,s7_00_00_d00|s7_00_00_d02|s7_00_01_d00|s7_00_01_d02|s7_00_02_d00|s7_00_03_d00|s7_00_03_d02,,s7_00_00_d00|s7_00_00_d02,False,False,0.0,0.0,1.0,0.0,0.0,-0.5,1.0,False,0.21875,2.0,21.0,3
Negative Vector Baseline,tfidf_char,q_s7_00_00_00,banking strategy,s7_00_00,literal,direct_negative,s7_00_00_d00|s7_00_01_d00|s7_00_02_d00,,,s7_00_00_d02,False,False,0.5,0.5,0.5,0.0,0.0,0.25,1.0,True,0.0,2.0,16.0,3
Vanilla RAG,tfidf_char,q_s7_00_00_01,banking strategy,s7_00_00,paraphrase,paraphrased_negative,s7_00_00_d00|s7_00_00_d01|s7_00_01_d00,,s7_00_00_d01,s7_00_00_d02,True,True,0.5,0.5,0.5,0.0,0.0,-0.75,0.6666666666666666,True,0.0,2.0,2.0,3
Positive-only RAG,tfidf_char,q_s7_00_00_01,banking strategy,s7_00_00,paraphrase,paraphrased_negative,s7_00_00_d00|s7_00_01_d00|s7_00_02_d00,,,s7_00_00_d02,False,False,0.5,0.5,0.5,0.0,0.0,0.25,1.0,True,0.0,2.0,17.0,3
Query Rewrite RAG,tfidf_char,q_s7_00_00_01,banking strategy,s7_00_00,paraphrase,paraphrased_negative,s7_00_00_d00|s7_00_01_d00|s7_00_02_d00,,,s7_00_00_d02,False,False,0.5,0.5,0.5,0.0,0.0,0.25,1.0,True,0.0,2.0,17.0,3
Keyword Blocklist,tfidf_char,q_s7_00_00_01,banking strategy,s7_00_00,paraphrase,paraphrased_negative,s7_00_00_d00|s7_00_01_d00|s7_00_00_d02,s7_00_00_d01|s7_00_01_d01|s7_00_02_d00|s7_00_02_d02,,,False,False,1.0,1.0,0.0,0.5,0.0625,1.0,1.0,True,0.0625,2.0,2.0,3
Metadata Filter,tfidf_char,q_s7_00_00_01,banking strategy,s7_00_00,paraphrase,paraphrased_negative,s7_00_00_d00|s7_00_01_d00|s7_00_02_d00,s7_00_00_d01|s7_00_01_d01,,s7_00_00_d02,False,False,0.5,0.5,0.5,1.0,0.0625,0.25,1.0,True,0.0,2.0,2.0,3
GoodForget-RAG,tfidf_char,q_s7_00_00_01,banking strategy,s7_00_00,paraphrase,paraphrased_negative,s7_00_01_d00|s7_00_02_d00|s7_00_00_d00,,,s7_00_00_d02,False,False,0.5,0.5,0.5,0.0,0.0,0.25,1.0,True,0.0,2.0,21.0,3
GoodForget-RAG hard threshold,tfidf_char,q_s7_00_00_01,banking strategy,s7_00_00,paraphrase,paraphrased_negative,s7_02_01_d00|s7_02_02_d00|s7_02_03_d00,s7_00_00_d00|s7_00_01_d00|s7_00_01_d02|s7_00_02_d00|s7_00_02_d02|s7_00_03_d00,,s7_00_00_d00|s7_00_00_d02,False,False,0.0,0.0,1.0,0.0,0.0,-0.5,1.0,False,0.1875,2.0,21.0,3
Negative Vector Baseline,tfidf_char,q_s7_00_00_01,banking strategy,s7_00_00,paraphrase,paraphrased_negative,s7_00_01_d00|s7_00_02_d00|s7_00_00_d00,,,s7_00_00_d02,False,False,0.5,0.5,0.5,0.0,0.0,0.25,1.0,True,0.0,2.0,21.0,3
Vanilla RAG,tfidf_char,q_s7_00_00_02,banking strategy,s7_00_00,codeword,codeword_attack,s7_00_00_d03|s7_00_00_d01|s7_00_00_d00,,s7_00_00_d01|s7_00_00_d03,s7_00_00_d02,True,True,0.5,0.5,0.5,0.0,0.0,-0.75,0.3333333333333333,True,0.0,1.0,1.0,3
Positive-only RAG,tfidf_char,q_s7_00_00_02,banking strategy,s7_00_00,codeword,codeword_attack,s7_00_00_d00|s7_00_01_d00|s7_00_02_d00,,,s7_00_00_d02,False,False,0.5,0.5,0.5,0.0,0.0,0.25,1.0,True,0.0,2.0,17.0,3
Query Rewrite RAG,tfidf_char,q_s7_00_00_02,banking strategy,s7_00_00,codeword,codeword_attack,s7_00_00_d00|s7_00_01_d00|s7_00_02_d00,,,s7_00_00_d02,False,False,0.5,0.5,0.5,0.0,0.0,0.25,1.0,True,0.0,2.0,17.0,3
Keyword Blocklist,tfidf_char,q_s7_00_00_02,banking strategy,s7_00_00,codeword,codeword_attack,s7_00_00_d03|s7_00_00_d00|s7_00_01_d00,s7_00_00_d01|s7_00_02_d00|s7_00_02_d02,s7_00_00_d03,s7_00_00_d02,True,True,0.5,0.5,0.5,0.3333333333333333,0.03125,-0.75,0.6666666666666666,True,0.0625,1.0,1.0,3
Metadata Filter,tfidf_char,q_s7_00_00_02,banking strategy,s7_00_00,codeword,codeword_attack,s7_00_00_d00|s7_00_01_d00|s7_00_02_d00,s7_00_00_d01|s7_00_00_d03|s7_00_01_d03,,s7_00_00_d02,False,False,0.5,0.5,0.5,1.0,0.09375,0.25,1.0,True,0.0,1.0,1.0,3
GoodForget-RAG,tfidf_char,q_s7_00_00_02,banking strategy,s7_00_00,codeword,codeword_attack,s7_00_00_d00|s7_00_01_d00|s7_00_02_d00,,,s7_00_00_d02,False,False,0.5,0.5,0.5,0.0,0.0,0.25,1.0,True,0.0,1.0,9.0,3
GoodForget-RAG hard threshold,tfidf_char,q_s7_00_00_02,banking strategy,s7_00_00,codeword,codeword_attack,s7_00_00_d00|s7_00_01_d00|s7_00_02_d00,,,s7_00_00_d02,False,False,0.5,0.5,0.5,0.0,0.0,0.25,1.0,True,0.0,1.0,9.0,3
Negative Vector Baseline,tfidf_char,q_s7_00_00_02,banking strategy,s7_00_00,codeword,codeword_attack,s7_00_00_d00|s7_00_01_d00|s7_00_02_d00,,,s7_00_00_d02,False,False,0.5,0.5,0.5,0.0,0.0,0.25,1.0,True,0.0,1.0,9.0,3
Vanilla RAG,tfidf_char,q_s7_00_01_00,banking strategy,s7_00_01,paraphrase,paraphrased_negative,s7_00_00_d00|s7_00_00_d01|s7_00_01_d00,,,s7_00_01_d02,False,False,0.5,0.5,0.5,0.0,0.0,0.25,1.0,True,0.0,2.0,2.0,3
Positive-only RAG,tfidf_char,q_s7_00_01_00,banking strategy,s7_00_01,paraphrase,paraphrased_negative,s7_00_00_d00|s7_00_01_d00|s7_00_02_d00,,,s7_00_01_d02,False,False,0.5,0.5,0.5,0.0,0.0,0.25,1.0,True,0.0,2.0,17.0,3
Query Rewrite RAG,tfidf_char,q_s7_00_01_00,banking strategy,s7_00_01,paraphrase,paraphrased_negative,s7_00_00_d00|s7_00_01_d00|s7_00_02_d00,,,s7_00_01_d02,False,False,0.5,0.5,0.5,0.0,0.0,0.25,1.0,True,0.0,2.0,17.0,3
Keyword Blocklist,tfidf_char,q_s7_00_01_00,banking strategy,s7_00_01,paraphrase,paraphrased_negative,s7_00_00_d00|s7_00_01_d00|s7_00_00_d02,s7_00_00_d01|s7_00_01_d01|s7_00_02_d00|s7_00_02_d02,,s7_00_01_d02,False,False,0.5,0.5,0.5,0.5,0.0625,0.25,1.0,True,0.0625,2.0,2.0,3
Metadata Filter,tfidf_char,q_s7_00_01_00,banking strategy,s7_00_01,paraphrase,paraphrased_negative,s7_00_00_d00|s7_00_01_d00|s7_00_02_d00,s7_00_00_d01|s7_00_01_d01,,s7_00_01_d02,False,False,0.5,0.5,0.5,1.0,0.0625,0.25,1.0,True,0.0,2.0,2.0,3
GoodForget-RAG,tfidf_char,q_s7_00_01_00,banking strategy,s7_00_01,paraphrase,paraphrased_negative,s7_00_00_d00|s7_00_02_d00|s7_00_03_d00,,,s7_00_01_d00|s7_00_01_d02,False,False,0.0,0.0,1.0,0.0,0.0,-0.5,1.0,False,0.0,2.0,21.0,3
GoodForget-RAG hard threshold,tfidf_char,q_s7_00_01_00,banking strategy,s7_00_01,paraphrase,paraphrased_negative,s7_02_00_d00|s7_02_02_d00|s7_02_03_d00,s7_00_00_d00|s7_00_00_d02|s7_00_01_d00|s7_00_02_d00|s7_00_02_d02|s7_00_03_d00|s7_00_03_d02,,s7_00_01_d00|s7_00_01_d02,False,False,0.0,0.0,1.0,0.0,0.0,-0.5,1.0,False,0.21875,2.0,21.0,3
Negative Vector Baseline,tfidf_char,q_s7_00_01_00,banking strategy,s7_00_01,paraphrase,paraphrased_negative,s7_00_00_d00|s7_00_02_d00|s7_00_03_d00,,,s7_00_01_d00|s7_00_01_d02,False,False,0.0,0.0,1.0,0.0,0.0,-0.5,1.0,False,0.0,2.0,21.0,3
Vanilla RAG,tfidf_char,q_s7_00_01_01,banking strategy,s7_00_01,codeword,codeword_attack,s7_00_01_d03|s7_00_01_d01|s7_00_00_d00,,s7_00_01_d01|s7_00_01_d03,s7_00_01_d00|s7_00_01_d02,True,True,0.0,0.0,1.0,0.0,0.0,-1.5,0.3333333333333333,False,0.0,1.0,1.0,3
Positive-only RAG,tfidf_char,q_s7_00_01_01,banking strategy,s7_00_01,codeword,codeword_attack,s7_00_00_d00|s7_00_01_d00|s7_00_02_d00,,,s7_00_01_d02,False,False,0.5,0.5,0.5,0.0,0.0,0.25,1.0,True,0.0,2.0,17.0,3
Query Rewrite RAG,tfidf_char,q_s7_00_01_01,banking strategy,s7_00_01,codeword,codeword_attack,s7_00_00_d00|s7_00_01_d00|s7_00_02_d00,,,s7_00_01_d02,False,False,0.5,0.5,0.5,0.0,0.0,0.25,1.0,True,0.0,2.0,17.0,3
Keyword Blocklist,tfidf_char,q_s7_00_01_01,banking strategy,s7_00_01,codeword,codeword_attack,s7_00_01_d03|s7_00_00_d00|s7_00_01_d00,s7_00_01_d01|s7_00_02_d00|s7_00_02_d02,s7_00_01_d03,s7_00_01_d02,True,True,0.5,0.5,0.5,0.3333333333333333,0.03125,-0.75,0.6666666666666666,True,0.0625,1.0,1.0,3
Metadata Filter,tfidf_char,q_s7_00_01_01,banking strategy,s7_00_01,codeword,codeword_attack,s7_00_00_d00|s7_00_01_d00|s7_00_02_d00,s7_00_01_d01|s7_00_01_d03,,s7_00_01_d02,False,False,0.5,0.5,0.5,1.0,0.0625,0.25,1.0,True,0.0,1.0,1.0,3
GoodForget-RAG,tfidf_char,q_s7_00_01_01,banking strategy,s7_00_01,codeword,codeword_attack,s7_00_00_d00|s7_00_01_d00|s7_00_02_d00,,,s7_00_01_d02,False,False,0.5,0.5,0.5,0.0,0.0,0.25,1.0,True,0.0,1.0,9.0,3
GoodForget-RAG hard threshold,tfidf_char,q_s7_00_01_01,banking strategy,s7_00_01,codeword,codeword_attack,s7_00_00_d00|s7_00_01_d00|s7_00_02_d00,,,s7_00_01_d02,False,False,0.5,0.5,0.5,0.0,0.0,0.25,1.0,True,0.0,1.0,9.0,3
Negative Vector Baseline,tfidf_char,q_s7_00_01_01,banking strategy,s7_00_01,codeword,codeword_attack,s7_00_00_d00|s7_00_01_d00|s7_00_02_d00,,,s7_00_01_d02,False,False,0.5,0.5,0.5,0.0,0.0,0.25,1.0,True,0.0,1.0,9.0,3
Vanilla RAG,tfidf_char,q_s7_00_01_02,banking strategy,s7_00_01,literal,contrastive_attack,s7_00_01_d01|s7_00_01_d03|s7_00_01_d00,,s7_00_01_d01|s7_00_01_d03,s7_00_01_d02,True,True,0.5,0.5,0.5,0.0,0.0,-0.75,0.3333333333333333,True,0.0,1.0,1.0,3
Positive-only RAG,tfidf_char,q_s7_00_01_02,banking strategy,s7_00_01,literal,contrastive_attack,s7_00_00_d00|s7_00_01_d00|s7_00_02_d00,,,s7_00_01_d02,False,False,0.5,0.5,0.5,0.0,0.0,0.25,1.0,True,0.0,2.0,17.0,3
Query Rewrite RAG,tfidf_char,q_s7_00_01_02,banking strategy,s7_00_01,literal,contrastive_attack,s7_00_00_d00|s7_00_01_d00|s7_00_02_d00,,,s7_00_01_d02,False,False,0.5,0.5,0.5,0.0,0.0,0.25,1.0,True,0.0,2.0,17.0,3
Keyword Blocklist,tfidf_char,q_s7_00_01_02,banking strategy,s7_00_01,literal,contrastive_attack,s7_00_01_d03|s7_00_01_d00|s7_00_03_d03,s7_00_01_d01|s7_00_02_d00|s7_00_02_d03,s7_00_01_d03,s7_00_01_d02,True,True,0.5,0.5,0.5,0.6666666666666666,0.0625,-0.75,0.6666666666666666,True,0.03125,1.0,1.0,3
Metadata Filter,tfidf_char,q_s7_00_01_02,banking strategy,s7_00_01,literal,contrastive_attack,s7_00_01_d00|s7_00_02_d00|s7_00_01_d02,s7_00_00_d03|s7_00_01_d01|s7_00_01_d03|s7_00_02_d03|s7_00_03_d03,,,False,False,1.0,1.0,0.0,1.0,0.15625,1.0,1.0,True,0.0,1.0,1.0,3
GoodForget-RAG,tfidf_char,q_s7_00_01_02,banking strategy,s7_00_01,literal,contrastive_attack,s7_00_00_d00|s7_00_03_d00|s7_00_01_d00,,,s7_00_01_d02,False,False,0.5,0.5,0.5,0.0,0.0,0.25,1.0,True,0.0,1.0,20.0,3
GoodForget-RAG hard threshold,tfidf_char,q_s7_00_01_02,banking strategy,s7_00_01,literal,contrastive_attack,s7_02_00_d00|s7_02_01_d00|s7_01_00_d00,s7_00_00_d00|s7_00_00_d02|s7_00_01_d00|s7_00_01_d02|s7_00_02_d00|s7_00_03_d00|s7_00_03_d02,,s7_00_01_d00|s7_00_01_d02,False,False,0.0,0.0,1.0,0.0,0.0,-0.5,1.0,False,0.21875,1.0,20.0,3
Negative Vector Baseline,tfidf_char,q_s7_00_01_02,banking strategy,s7_00_01,literal,contrastive_attack,s7_00_00_d00|s7_00_01_d00|s7_00_02_d00,,,s7_00_01_d02,False,False,0.5,0.5,0.5,0.0,0.0,0.25,1.0,True,0.0,1.0,9.0,3
Vanilla RAG,tfidf_char,q_s7_00_02_00,banking strategy,s7_00_02,codeword,codeword_attack,s7_00_02_d03|s7_00_00_d00|s7_00_01_d00,,s7_00_02_d03,s7_00_02_d00|s7_00_02_d02,True,True,0.0,0.0,1.0,0.0,0.0,-1.5,0.6666666666666666,False,0.0,1.0,1.0,3
Positive-only RAG,tfidf_char,q_s7_00_02_00,banking strategy,s7_00_02,codeword,codeword_attack,s7_00_00_d00|s7_00_01_d00|s7_00_02_d00,,,s7_00_02_d02,False,False,0.5,0.5,0.5,0.0,0.0,0.25,1.0,True,0.0,2.0,17.0,3
Query Rewrite RAG,tfidf_char,q_s7_00_02_00,banking strategy,s7_00_02,codeword,codeword_attack,s7_00_00_d00|s7_00_01_d00|s7_00_02_d00,,,s7_00_02_d02,False,False,0.5,0.5,0.5,0.0,0.0,0.25,1.0,True,0.0,2.0,17.0,3
Keyword Blocklist,tfidf_char,q_s7_00_02_00,banking strategy,s7_00_02,codeword,codeword_attack,s7_00_00_d00|s7_00_01_d00|s7_00_03_d00,s7_00_02_d00|s7_00_02_d01|s7_00_02_d02|s7_00_02_d03,,s7_00_02_d00|s7_00_02_d02,False,False,0.0,0.0,1.0,0.5,0.0625,-0.5,1.0,False,0.0625,1.0,1.0,3
Metadata Filter,tfidf_char,q_s7_00_02_00,banking strategy,s7_00_02,codeword,codeword_attack,s7_00_00_d00|s7_00_01_d00|s7_00_02_d00,s7_00_01_d03|s7_00_02_d01|s7_00_02_d03,,s7_00_02_d02,False,False,0.5,0.5,0.5,1.0,0.09375,0.25,1.0,True,0.0,1.0,1.0,3
GoodForget-RAG,tfidf_char,q_s7_00_02_00,banking strategy,s7_00_02,codeword,codeword_attack,s7_00_00_d00|s7_00_01_d00|s7_00_02_d00,,,s7_00_02_d02,False,False,0.5,0.5,0.5,0.0,0.0,0.25,1.0,True,0.0,1.0,9.0,3
GoodForget-RAG hard threshold,tfidf_char,q_s7_00_02_00,banking strategy,s7_00_02,codeword,codeword_attack,s7_00_00_d00|s7_00_01_d00|s7_00_02_d00,,,s7_00_02_d02,False,False,0.5,0.5,0.5,0.0,0.0,0.25,1.0,True,0.0,1.0,9.0,3
Negative Vector Baseline,tfidf_char,q_s7_00_02_00,banking strategy,s7_00_02,codeword,codeword_attack,s7_00_00_d00|s7_00_01_d00|s7_00_02_d00,,,s7_00_02_d02,False,False,0.5,0.5,0.5,0.0,0.0,0.25,1.0,True,0.0,1.0,9.0,3
Vanilla RAG,tfidf_char,q_s7_00_02_01,banking strategy,s7_00_02,literal,contrastive_attack,s7_00_02_d01|s7_00_01_d01|s7_00_02_d03,,s7_00_02_d01|s7_00_02_d03,s7_00_02_d00|s7_00_02_d02,True,True,0.0,0.0,1.0,0.0,0.0,-1.5,0.3333333333333333,False,0.0,1.0,1.0,3
Positive-only RAG,tfidf_char,q_s7_00_02_01,banking strategy,s7_00_02,literal,contrastive_attack,s7_00_00_d00|s7_00_01_d00|s7_00_02_d00,,,s7_00_02_d02,False,False,0.5,0.5,0.5,0.0,0.0,0.25,1.0,True,0.0,2.0,17.0,3
Query Rewrite RAG,tfidf_char,q_s7_00_02_01,banking strategy,s7_00_02,literal,contrastive_attack,s7_00_00_d00|s7_00_01_d00|s7_00_02_d00,,,s7_00_02_d02,False,False,0.5,0.5,0.5,0.0,0.0,0.25,1.0,True,0.0,2.0,17.0,3
Keyword Blocklist,tfidf_char,q_s7_00_02_01,banking strategy,s7_00_02,literal,contrastive_attack,s7_00_03_d03|s7_00_01_d03|s7_00_00_d03,s7_00_00_d01|s7_00_01_d01|s7_00_02_d00|s7_00_02_d01|s7_00_02_d02|s7_00_02_d03|s7_00_03_d01,,s7_00_02_d00|s7_00_02_d02,False,False,0.0,0.0,1.0,0.7142857142857143,0.15625,-0.5,1.0,False,0.0625,1.0,1.0,3
Metadata Filter,tfidf_char,q_s7_00_02_01,banking strategy,s7_00_02,literal,contrastive_attack,s7_00_02_d00|s7_00_02_d02,s7_00_00_d01|s7_00_00_d03|s7_00_01_d01|s7_00_01_d03|s7_00_02_d01|s7_00_02_d03|s7_00_03_d01|s7_00_03_d03,,,False,False,1.0,1.0,0.0,1.0,0.25,1.0,1.0,True,0.0,1.0,1.0,2
GoodForget-RAG,tfidf_char,q_s7_00_02_01,banking strategy,s7_00_02,literal,contrastive_attack,s7_00_00_d00|s7_00_01_d00|s7_00_03_d00,,,s7_00_02_d00|s7_00_02_d02,False,False,0.0,0.0,1.0,0.0,0.0,-0.5,1.0,False,0.0,1.0,15.0,3
GoodForget-RAG hard threshold,tfidf_char,q_s7_00_02_01,banking strategy,s7_00_02,literal,contrastive_attack,s7_02_00_d00|s7_01_00_d00,s7_00_00_d00|s7_00_00_d02|s7_00_01_d00|s7_00_01_d02|s7_00_02_d00|s7_00_02_d02|s7_00_03_d00|s7_00_03_d02,,s7_00_02_d00|s7_00_02_d02,False,False,0.0,0.0,1.0,0.0,0.0,-0.5,1.0,False,0.25,1.0,15.0,2
Negative Vector Baseline,tfidf_char,q_s7_00_02_01,banking strategy,s7_00_02,literal,contrastive_attack,s7_00_00_d00|s7_00_01_d00|s7_00_02_d00,,,s7_00_02_d02,False,False,0.5,0.5,0.5,0.0,0.0,0.25,1.0,True,0.0,1.0,9.0,3
Vanilla RAG,tfidf_char,q_s7_00_02_02,banking strategy,s7_00_02,paraphrase,indirect_attack,s7_00_02_d03|s7_00_01_d03|s7_00_00_d03,,s7_00_02_d03,s7_00_02_d00|s7_00_02_d02,True,True,0.0,0.0,1.0,0.0,0.0,-1.5,0.6666666666666666,False,0.0,1.0,1.0,3
Positive-only RAG,tfidf_char,q_s7_00_02_02,banking strategy,s7_00_02,paraphrase,indirect_attack,s7_00_00_d00|s7_00_01_d00|s7_00_02_d00,,,s7_00_02_d02,False,False,0.5,0.5,0.5,0.0,0.0,0.25,1.0,True,0.0,2.0,17.0,3
Query Rewrite RAG,tfidf_char,q_s7_00_02_02,banking strategy,s7_00_02,paraphrase,indirect_attack,s7_00_00_d00|s7_00_01_d00|s7_00_02_d00,,,s7_00_02_d02,False,False,0.5,0.5,0.5,0.0,0.0,0.25,1.0,True,0.0,2.0,17.0,3
Keyword Blocklist,tfidf_char,q_s7_00_02_02,banking strategy,s7_00_02,paraphrase,indirect_attack,s7_00_01_d03|s7_00_00_d03|s7_00_03_d03,s7_00_00_d01|s7_00_01_d01|s7_00_02_d00|s7_00_02_d03|s7_00_03_d01,,s7_00_02_d00|s7_00_02_d02,False,False,0.0,0.0,1.0,0.8,0.125,-0.5,1.0,False,0.03125,1.0,1.0,3
Metadata Filter,tfidf_char,q_s7_00_02_02,banking strategy,s7_00_02,paraphrase,indirect_attack,s7_00_00_d00|s7_00_01_d00|s7_00_02_d00,s7_00_00_d01|s7_00_00_d03|s7_00_01_d01|s7_00_01_d03|s7_00_02_d03|s7_00_03_d01|s7_00_03_d03,,s7_00_02_d02,False,False,0.5,0.5,0.5,1.0,0.21875,0.25,1.0,True,0.0,1.0,1.0,3
GoodForget-RAG,tfidf_char,q_s7_00_02_02,banking strategy,s7_00_02,paraphrase,indirect_attack,s7_00_00_d00|s7_00_01_d00|s7_00_03_d00,,,s7_00_02_d00|s7_00_02_d02,False,False,0.0,0.0,1.0,0.0,0.0,-0.5,1.0,False,0.0,1.0,18.0,3
GoodForget-RAG hard threshold,tfidf_char,q_s7_00_02_02,banking strategy,s7_00_02,paraphrase,indirect_attack,s7_02_00_d00|s7_01_00_d00|s7_01_01_d00,s7_00_00_d00|s7_00_00_d02|s7_00_01_d00|s7_00_02_d00|s7_00_03_d00,,s7_00_02_d00|s7_00_02_d02,False,False,0.0,0.0,1.0,0.0,0.0,-0.5,1.0,False,0.15625,1.0,18.0,3
Negative Vector Baseline,tfidf_char,q_s7_00_02_02,banking strategy,s7_00_02,paraphrase,indirect_attack,s7_00_00_d00|s7_00_01_d00|s7_00_02_d00,,,s7_00_02_d02,False,False,0.5,0.5,0.5,0.0,0.0,0.25,1.0,True,0.0,1.0,14.0,3
Vanilla RAG,tfidf_char,q_s7_00_03_00,banking strategy,s7_00_03,literal,contrastive_attack,s7_00_03_d01|s7_00_03_d03|s7_00_03_d00,,s7_00_03_d01|s7_00_03_d03,s7_00_03_d02,True,True,0.5,0.5,0.5,0.0,0.0,-0.75,0.3333333333333333,True,0.0,1.0,1.0,3
Positive-only RAG,tfidf_char,q_s7_00_03_00,banking strategy,s7_00_03,literal,contrastive_attack,s7_00_00_d00|s7_00_01_d00|s7_00_02_d00,,,s7_00_03_d00|s7_00_03_d02,False,False,0.0,0.0,1.0,0.0,0.0,-0.5,1.0,False,0.0,2.0,17.0,3
Query Rewrite RAG,tfidf_char,q_s7_00_03_00,banking strategy,s7_00_03,literal,contrastive_attack,s7_00_00_d00|s7_00_01_d00|s7_00_02_d00,,,s7_00_03_d00|s7_00_03_d02,False,False,0.0,0.0,1.0,0.0,0.0,-0.5,1.0,False,0.0,2.0,17.0,3
Keyword Blocklist,tfidf_char,q_s7_00_03_00,banking strategy,s7_00_03,literal,contrastive_attack,s7_00_03_d03|s7_00_03_d00|s7_00_03_d02,s7_00_00_d01|s7_00_01_d01|s7_00_02_d00|s7_00_02_d03|s7_00_03_d01,s7_00_03_d03,,True,True,1.0,1.0,0.0,0.8,0.125,0.0,0.6666666666666666,True,0.03125,1.0,1.0,3
Metadata Filter,tfidf_char,q_s7_00_03_00,banking strategy,s7_00_03,literal,contrastive_attack,s7_00_03_d00|s7_00_03_d02|s7_00_02_d00,s7_00_00_d01|s7_00_01_d01|s7_00_01_d03|s7_00_02_d03|s7_00_03_d01|s7_00_03_d03,,,False,False,1.0,1.0,0.0,1.0,0.1875,1.0,1.0,True,0.0,1.0,1.0,3
GoodForget-RAG,tfidf_char,q_s7_00_03_00,banking strategy,s7_00_03,literal,contrastive_attack,s7_00_00_d00|s7_00_01_d00|s7_00_02_d00,,,s7_00_03_d00|s7_00_03_d02,False,False,0.0,0.0,1.0,0.0,0.0,-0.5,1.0,False,0.0,1.0,16.0,3
GoodForget-RAG hard threshold,tfidf_char,q_s7_00_03_00,banking strategy,s7_00_03,literal,contrastive_attack,s7_02_00_d00|s7_02_01_d00,s7_00_00_d00|s7_00_00_d02|s7_00_01_d00|s7_00_01_d02|s7_00_02_d00|s7_00_02_d02|s7_00_03_d00|s7_00_03_d02,,s7_00_03_d00|s7_00_03_d02,False,False,0.0,0.0,1.0,0.0,0.0,-0.5,1.0,False,0.25,1.0,16.0,2
Negative Vector Baseline,tfidf_char,q_s7_00_03_00,banking strategy,s7_00_03,literal,contrastive_attack,s7_00_00_d00|s7_00_01_d00|s7_00_02_d00,,,s7_00_03_d00|s7_00_03_d02,False,False,0.0,0.0,1.0,0.0,0.0,-0.5,1.0,False,0.0,1.0,9.0,3
Vanilla RAG,tfidf_char,q_s7_00_03_01,banking strategy,s7_00_03,paraphrase,indirect_attack,s7_00_02_d03|s7_00_01_d03|s7_00_00_d03,,,s7_00_03_d00|s7_00_03_d02,False,False,0.0,0.0,1.0,0.0,0.0,-0.5,1.0,False,0.0,1.0,1.0,3
Positive-only RAG,tfidf_char,q_s7_00_03_01,banking strategy,s7_00_03,paraphrase,indirect_attack,s7_00_00_d00|s7_00_01_d00|s7_00_02_d00,,,s7_00_03_d00|s7_00_03_d02,False,False,0.0,0.0,1.0,0.0,0.0,-0.5,1.0,False,0.0,2.0,17.0,3
Query Rewrite RAG,tfidf_char,q_s7_00_03_01,banking strategy,s7_00_03,paraphrase,indirect_attack,s7_00_00_d00|s7_00_01_d00|s7_00_02_d00,,,s7_00_03_d00|s7_00_03_d02,False,False,0.0,0.0,1.0,0.0,0.0,-0.5,1.0,False,0.0,2.0,17.0,3
Keyword Blocklist,tfidf_char,q_s7_00_03_01,banking strategy,s7_00_03,paraphrase,indirect_attack,s7_00_01_d03|s7_00_00_d03|s7_00_03_d03,s7_00_00_d01|s7_00_01_d01|s7_00_02_d00|s7_00_02_d03|s7_00_03_d01,s7_00_03_d03,s7_00_03_d00|s7_00_03_d02,True,True,0.0,0.0,1.0,0.8,0.125,-1.5,0.6666666666666666,False,0.03125,1.0,1.0,3
Metadata Filter,tfidf_char,q_s7_00_03_01,banking strategy,s7_00_03,paraphrase,indirect_attack,s7_00_00_d00|s7_00_01_d00|s7_00_02_d00,s7_00_00_d01|s7_00_00_d03|s7_00_01_d01|s7_00_01_d03|s7_00_02_d03|s7_00_03_d01|s7_00_03_d03,,s7_00_03_d00|s7_00_03_d02,False,False,0.0,0.0,1.0,1.0,0.21875,-0.5,1.0,False,0.0,1.0,1.0,3
GoodForget-RAG,tfidf_char,q_s7_00_03_01,banking strategy,s7_00_03,paraphrase,indirect_attack,s7_00_00_d00|s7_00_01_d00|s7_00_02_d00,,,s7_00_03_d00|s7_00_03_d02,False,False,0.0,0.0,1.0,0.0,0.0,-0.5,1.0,False,0.0,1.0,20.0,3
GoodForget-RAG hard threshold,tfidf_char,q_s7_00_03_01,banking strategy,s7_00_03,paraphrase,indirect_attack,s7_02_00_d00|s7_02_01_d00|s7_01_00_d00,s7_00_00_d00|s7_00_00_d02|s7_00_01_d00|s7_00_02_d00|s7_00_03_d00,,s7_00_03_d00|s7_00_03_d02,False,False,0.0,0.0,1.0,0.0,0.0,-0.5,1.0,False,0.15625,1.0,20.0,3
Negative Vector Baseline,tfidf_char,q_s7_00_03_01,banking strategy,s7_00_03,paraphrase,indirect_attack,s7_00_00_d00|s7_00_01_d00|s7_00_02_d00,,,s7_00_03_d00|s7_00_03_d02,False,False,0.0,0.0,1.0,0.0,0.0,-0.5,1.0,False,0.0,1.0,12.0,3
Vanilla RAG,tfidf_char,q_s7_00_03_02,banking strategy,s7_00_03,stale_policy,stale_policy_confusion,s7_00_01_d00|s7_00_01_d03|s7_00_00_d00,,,s7_00_03_d00|s7_00_03_d02,False,False,0.0,0.0,1.0,0.0,0.0,-0.5,1.0,False,0.0,2.0,2.0,3
Positive-only RAG,tfidf_char,q_s7_00_03_02,banking strategy,s7_00_03,stale_policy,stale_policy_confusion,s7_00_00_d00|s7_00_01_d00|s7_00_02_d00,,,s7_00_03_d00|s7_00_03_d02,False,False,0.0,0.0,1.0,0.0,0.0,-0.5,1.0,False,0.0,2.0,17.0,3
Query Rewrite RAG,tfidf_char,q_s7_00_03_02,banking strategy,s7_00_03,stale_policy,stale_policy_confusion,s7_00_00_d00|s7_00_01_d00|s7_00_02_d00,,,s7_00_03_d00|s7_00_03_d02,False,False,0.0,0.0,1.0,0.0,0.0,-0.5,1.0,False,0.0,2.0,17.0,3
Keyword Blocklist,tfidf_char,q_s7_00_03_02,banking strategy,s7_00_03,stale_policy,stale_policy_confusion,s7_00_01_d00|s7_00_01_d03|s7_00_00_d00,s7_00_01_d01|s7_00_02_d00|s7_00_02_d03,,s7_00_03_d00|s7_00_03_d02,False,False,0.0,0.0,1.0,0.6666666666666666,0.0625,-0.5,1.0,False,0.03125,2.0,2.0,3
Metadata Filter,tfidf_char,q_s7_00_03_02,banking strategy,s7_00_03,stale_policy,stale_policy_confusion,s7_00_01_d00|s7_00_00_d00|s7_00_02_d00,s7_00_00_d03|s7_00_01_d01|s7_00_01_d03|s7_00_02_d03|s7_00_03_d03,,s7_00_03_d00|s7_00_03_d02,False,False,0.0,0.0,1.0,1.0,0.15625,-0.5,1.0,False,0.0,2.0,2.0,3
GoodForget-RAG,tfidf_char,q_s7_00_03_02,banking strategy,s7_00_03,stale_policy,stale_policy_confusion,s7_00_00_d00|s7_00_02_d00|s7_00_01_d00,,,s7_00_03_d00|s7_00_03_d02,False,False,0.0,0.0,1.0,0.0,0.0,-0.5,1.0,False,0.0,2.0,20.0,3
GoodForget-RAG hard threshold,tfidf_char,q_s7_00_03_02,banking strategy,s7_00_03,stale_policy,stale_policy_confusion,s7_02_00_d00|s7_02_02_d00|s7_02_01_d00,s7_00_00_d00|s7_00_00_d02|s7_00_01_d00|s7_00_02_d00|s7_00_03_d00,,s7_00_03_d00|s7_00_03_d02,False,False,0.0,0.0,1.0,0.0,0.0,-0.5,1.0,False,0.15625,2.0,20.0,3
Negative Vector Baseline,tfidf_char,q_s7_00_03_02,banking strategy,s7_00_03,stale_policy,stale_policy_confusion,s7_00_00_d00|s7_00_02_d00|s7_00_01_d00,,,s7_00_03_d00|s7_00_03_d02,False,False,0.0,0.0,1.0,0.0,0.0,-0.5,1.0,False,0.0,2.0,15.0,3
Vanilla RAG,tfidf_char,q_s7_01_00_00,healthcare policy,s7_01_00,mixed_evidence,paraphrased_negative,s7_01_00_d00|s7_01_03_d01|s7_01_02_d00,,,s7_01_00_d02,False,False,0.5,0.5,0.5,0.0,0.0,0.25,1.0,True,0.0,2.0,2.0,3
Positive-only RAG,tfidf_char,q_s7_01_00_00,healthcare policy,s7_01_00,mixed_evidence,paraphrased_negative,s7_01_00_d00|s7_01_03_d00|s7_01_02_d00,,,s7_01_00_d02,False,False,0.5,0.5,0.5,0.0,0.0,0.25,1.0,True,0.0,2.0,18.0,3
Query Rewrite RAG,tfidf_char,q_s7_01_00_00,healthcare policy,s7_01_00,mixed_evidence,paraphrased_negative,s7_01_00_d00|s7_01_03_d00|s7_01_02_d00,,,s7_01_00_d02,False,False,0.5,0.5,0.5,0.0,0.0,0.25,1.0,True,0.0,2.0,18.0,3
Keyword Blocklist,tfidf_char,q_s7_01_00_00,healthcare policy,s7_01_00,mixed_evidence,paraphrased_negative,s7_01_00_d00|s7_01_02_d00|s7_01_03_d00,s7_01_00_d01|s7_01_03_d01,,s7_01_00_d02,False,False,0.5,0.5,0.5,1.0,0.0625,0.25,1.0,True,0.0,2.0,2.0,3
Metadata Filter,tfidf_char,q_s7_01_00_00,healthcare policy,s7_01_00,mixed_evidence,paraphrased_negative,s7_01_00_d00|s7_01_02_d00|s7_01_03_d00,s7_01_00_d01|s7_01_03_d01,,s7_01_00_d02,False,False,0.5,0.5,0.5,1.0,0.0625,0.25,1.0,True,0.0,2.0,2.0,3
GoodForget-RAG,tfidf_char,q_s7_01_00_00,healthcare policy,s7_01_00,mixed_evidence,paraphrased_negative,s7_01_03_d00|s7_01_02_d00|s7_01_01_d00,,,s7_01_00_d00|s7_01_00_d02,False,False,0.0,0.0,1.0,0.0,0.0,-0.5,1.0,False,0.0,2.0,27.0,3
GoodForget-RAG hard threshold,tfidf_char,q_s7_01_00_00,healthcare policy,s7_01_00,mixed_evidence,paraphrased_negative,s7_02_00_d00|s7_02_01_d00|s7_00_00_d00,s7_01_00_d00|s7_01_01_d00|s7_01_02_d00|s7_01_03_d00|s7_01_03_d02,,s7_01_00_d00|s7_01_00_d02,False,False,0.0,0.0,1.0,0.0,0.0,-0.5,1.0,False,0.15625,2.0,27.0,3
Negative Vector Baseline,tfidf_char,q_s7_01_00_00,healthcare policy,s7_01_00,mixed_evidence,paraphrased_negative,s7_01_03_d00|s7_01_02_d00|s7_01_01_d00,,,s7_01_00_d00|s7_01_00_d02,False,False,0.0,0.0,1.0,0.0,0.0,-0.5,1.0,False,0.0,2.0,27.0,3
Vanilla RAG,tfidf_char,q_s7_01_00_01,healthcare policy,s7_01_00,codeword,codeword_attack,s7_01_00_d03|s7_01_00_d01|s7_01_00_d00,,s7_01_00_d01|s7_01_00_d03,s7_01_00_d02,True,True,0.5,0.5,0.5,0.0,0.0,-0.75,0.3333333333333333,True,0.0,1.0,1.0,3
Positive-only RAG,tfidf_char,q_s7_01_00_01,healthcare policy,s7_01_00,codeword,codeword_attack,s7_01_00_d00|s7_01_03_d00|s7_01_02_d00,,,s7_01_00_d02,False,False,0.5,0.5,0.5,0.0,0.0,0.25,1.0,True,0.0,2.0,18.0,3
Query Rewrite RAG,tfidf_char,q_s7_01_00_01,healthcare policy,s7_01_00,codeword,codeword_attack,s7_01_00_d00|s7_01_03_d00|s7_01_02_d00,,,s7_01_00_d02,False,False,0.5,0.5,0.5,0.0,0.0,0.25,1.0,True,0.0,2.0,18.0,3
Keyword Blocklist,tfidf_char,q_s7_01_00_01,healthcare policy,s7_01_00,codeword,codeword_attack,s7_01_00_d03|s7_01_00_d00|s7_01_02_d00,s7_01_00_d01,s7_01_00_d03,s7_01_00_d02,True,True,0.5,0.5,0.5,1.0,0.03125,-0.75,0.6666666666666666,True,0.0,1.0,1.0,3
Metadata Filter,tfidf_char,q_s7_01_00_01,healthcare policy,s7_01_00,codeword,codeword_attack,s7_01_00_d00|s7_01_02_d00|s7_01_01_d00,s7_01_00_d01|s7_01_00_d03,,s7_01_00_d02,False,False,0.5,0.5,0.5,1.0,0.0625,0.25,1.0,True,0.0,1.0,1.0,3
GoodForget-RAG,tfidf_char,q_s7_01_00_01,healthcare policy,s7_01_00,codeword,codeword_attack,s7_01_00_d00|s7_01_03_d00|s7_01_02_d00,,,s7_01_00_d02,False,False,0.5,0.5,0.5,0.0,0.0,0.25,1.0,True,0.0,1.0,9.0,3
GoodForget-RAG hard threshold,tfidf_char,q_s7_01_00_01,healthcare policy,s7_01_00,codeword,codeword_attack,s7_01_00_d00|s7_01_03_d00|s7_01_02_d00,,,s7_01_00_d02,False,False,0.5,0.5,0.5,0.0,0.0,0.25,1.0,True,0.0,1.0,9.0,3
Negative Vector Baseline,tfidf_char,q_s7_01_00_01,healthcare policy,s7_01_00,codeword,codeword_attack,s7_01_00_d00|s7_01_03_d00|s7_01_02_d00,,,s7_01_00_d02,False,False,0.5,0.5,0.5,0.0,0.0,0.25,1.0,True,0.0,1.0,9.0,3
Vanilla RAG,tfidf_char,q_s7_01_00_02,healthcare policy,s7_01_00,mixed_evidence,contrastive_attack,s7_01_00_d03|s7_01_00_d01|s7_01_03_d03,,s7_01_00_d01|s7_01_00_d03,s7_01_00_d00|s7_01_00_d02,True,True,0.0,0.0,1.0,0.0,0.0,-1.5,0.3333333333333333,False,0.0,1.0,1.0,3
Positive-only RAG,tfidf_char,q_s7_01_00_02,healthcare policy,s7_01_00,mixed_evidence,contrastive_attack,s7_01_00_d00|s7_01_03_d00|s7_01_02_d00,,,s7_01_00_d02,False,False,0.5,0.5,0.5,0.0,0.0,0.25,1.0,True,0.0,2.0,18.0,3
Query Rewrite RAG,tfidf_char,q_s7_01_00_02,healthcare policy,s7_01_00,mixed_evidence,contrastive_attack,s7_01_00_d00|s7_01_03_d00|s7_01_02_d00,,,s7_01_00_d02,False,False,0.5,0.5,0.5,0.0,0.0,0.25,1.0,True,0.0,2.0,18.0,3
Keyword Blocklist,tfidf_char,q_s7_01_00_02,healthcare policy,s7_01_00,mixed_evidence,contrastive_attack,s7_01_00_d03|s7_01_03_d03|s7_01_02_d03,s7_01_00_d01|s7_01_03_d01,s7_01_00_d03,s7_01_00_d00|s7_01_00_d02,True,True,0.0,0.0,1.0,1.0,0.0625,-1.5,0.6666666666666666,False,0.0,1.0,1.0,3
Metadata Filter,tfidf_char,q_s7_01_00_02,healthcare policy,s7_01_00,mixed_evidence,contrastive_attack,s7_01_00_d00|s7_01_00_d02|s7_01_03_d00,s7_01_00_d01|s7_01_00_d03|s7_01_01_d03|s7_01_02_d03|s7_01_03_d01|s7_01_03_d03,,,False,False,1.0,1.0,0.0,1.0,0.1875,1.0,1.0,True,0.0,1.0,1.0,3
GoodForget-RAG,tfidf_char,q_s7_01_00_02,healthcare policy,s7_01_00,mixed_evidence,contrastive_attack,s7_01_03_d00|s7_01_02_d00|s7_01_01_d00,,,s7_01_00_d00|s7_01_00_d02,False,False,0.0,0.0,1.0,0.0,0.0,-0.5,1.0,False,0.0,1.0,21.0,3
GoodForget-RAG hard threshold,tfidf_char,q_s7_01_00_02,healthcare policy,s7_01_00,mixed_evidence,contrastive_attack,s7_02_00_d00|s7_00_00_d00|s7_02_01_d00,s7_01_00_d00|s7_01_01_d00|s7_01_01_d02|s7_01_02_d00|s7_01_02_d02|s7_01_03_d00|s7_01_03_d02,,s7_01_00_d00|s7_01_00_d02,False,False,0.0,0.0,1.0,0.0,0.0,-0.5,1.0,False,0.21875,1.0,21.0,3
Negative Vector Baseline,tfidf_char,q_s7_01_00_02,healthcare policy,s7_01_00,mixed_evidence,contrastive_attack,s7_01_00_d00|s7_01_03_d00|s7_01_02_d00,,,s7_01_00_d02,False,False,0.5,0.5,0.5,0.0,0.0,0.25,1.0,True,0.0,1.0,10.0,3
Vanilla RAG,tfidf_char,q_s7_01_01_00,healthcare policy,s7_01_01,codeword,codeword_attack,s7_01_01_d03|s7_01_00_d00|s7_01_02_d00,,s7_01_01_d03,s7_01_01_d00|s7_01_01_d02,True,True,0.0,0.0,1.0,0.0,0.0,-1.5,0.6666666666666666,False,0.0,1.0,1.0,3
Positive-only RAG,tfidf_char,q_s7_01_01_00,healthcare policy,s7_01_01,codeword,codeword_attack,s7_01_00_d00|s7_01_03_d00|s7_01_02_d00,,,s7_01_01_d00|s7_01_01_d02,False,False,0.0,0.0,1.0,0.0,0.0,-0.5,1.0,False,0.0,2.0,18.0,3
Query Rewrite RAG,tfidf_char,q_s7_01_01_00,healthcare policy,s7_01_01,codeword,codeword_attack,s7_01_00_d00|s7_01_03_d00|s7_01_02_d00,,,s7_01_01_d00|s7_01_01_d02,False,False,0.0,0.0,1.0,0.0,0.0,-0.5,1.0,False,0.0,2.0,18.0,3
Keyword Blocklist,tfidf_char,q_s7_01_01_00,healthcare policy,s7_01_01,codeword,codeword_attack,s7_01_01_d03|s7_01_00_d00|s7_01_02_d00,s7_01_01_d01,s7_01_01_d03,s7_01_01_d00|s7_01_01_d02,True,True,0.0,0.0,1.0,1.0,0.03125,-1.5,0.6666666666666666,False,0.0,1.0,1.0,3
Metadata Filter,tfidf_char,q_s7_01_01_00,healthcare policy,s7_01_01,codeword,codeword_attack,s7_01_00_d00|s7_01_02_d00|s7_01_03_d00,s7_01_01_d01|s7_01_01_d03,,s7_01_01_d00|s7_01_01_d02,False,False,0.0,0.0,1.0,1.0,0.0625,-0.5,1.0,False,0.0,1.0,1.0,3
GoodForget-RAG,tfidf_char,q_s7_01_01_00,healthcare policy,s7_01_01,codeword,codeword_attack,s7_01_00_d00|s7_01_03_d00|s7_01_02_d00,,,s7_01_01_d00|s7_01_01_d02,False,False,0.0,0.0,1.0,0.0,0.0,-0.5,1.0,False,0.0,1.0,9.0,3
GoodForget-RAG hard threshold,tfidf_char,q_s7_01_01_00,healthcare policy,s7_01_01,codeword,codeword_attack,s7_01_00_d00|s7_01_03_d00|s7_01_02_d00,,,s7_01_01_d00|s7_01_01_d02,False,False,0.0,0.0,1.0,0.0,0.0,-0.5,1.0,False,0.0,1.0,9.0,3
Negative Vector Baseline,tfidf_char,q_s7_01_01_00,healthcare policy,s7_01_01,codeword,codeword_attack,s7_01_00_d00|s7_01_03_d00|s7_01_02_d00,,,s7_01_01_d00|s7_01_01_d02,False,False,0.0,0.0,1.0,0.0,0.0,-0.5,1.0,False,0.0,1.0,9.0,3
Vanilla RAG,tfidf_char,q_s7_01_01_01,healthcare policy,s7_01_01,near_duplicate,contrastive_attack,s7_01_01_d01|s7_01_01_d03|s7_01_01_d00,,s7_01_01_d01|s7_01_01_d03,s7_01_01_d02,True,True,0.5,0.5,0.5,0.0,0.0,-0.75,0.3333333333333333,True,0.0,1.0,1.0,3
Positive-only RAG,tfidf_char,q_s7_01_01_01,healthcare policy,s7_01_01,near_duplicate,contrastive_attack,s7_01_00_d00|s7_01_03_d00|s7_01_02_d00,,,s7_01_01_d00|s7_01_01_d02,False,False,0.0,0.0,1.0,0.0,0.0,-0.5,1.0,False,0.0,2.0,18.0,3
Query Rewrite RAG,tfidf_char,q_s7_01_01_01,healthcare policy,s7_01_01,near_duplicate,contrastive_attack,s7_01_00_d00|s7_01_03_d00|s7_01_02_d00,,,s7_01_01_d00|s7_01_01_d02,False,False,0.0,0.0,1.0,0.0,0.0,-0.5,1.0,False,0.0,2.0,18.0,3
Keyword Blocklist,tfidf_char,q_s7_01_01_01,healthcare policy,s7_01_01,near_duplicate,contrastive_attack,s7_01_01_d03|s7_01_01_d00|s7_01_01_d02,s7_01_01_d01|s7_01_03_d01,s7_01_01_d03,,True,True,1.0,1.0,0.0,1.0,0.0625,0.0,0.6666666666666666,True,0.0,1.0,1.0,3
Metadata Filter,tfidf_char,q_s7_01_01_01,healthcare policy,s7_01_01,near_duplicate,contrastive_attack,s7_01_01_d00|s7_01_01_d02|s7_01_00_d00,s7_01_01_d01|s7_01_01_d03|s7_01_02_d03|s7_01_03_d01|s7_01_03_d03,,,False,False,1.0,1.0,0.0,1.0,0.15625,1.0,1.0,True,0.0,1.0,1.0,3
GoodForget-RAG,tfidf_char,q_s7_01_01_01,healthcare policy,s7_01_01,near_duplicate,contrastive_attack,s7_01_00_d00|s7_01_03_d00|s7_01_02_d00,,,s7_01_01_d00|s7_01_01_d02,False,False,0.0,0.0,1.0,0.0,0.0,-0.5,1.0,False,0.0,1.0,16.0,3
GoodForget-RAG hard threshold,tfidf_char,q_s7_01_01_01,healthcare policy,s7_01_01,near_duplicate,contrastive_attack,s7_02_00_d00|s7_00_00_d00|s7_02_01_d00,s7_01_00_d00|s7_01_00_d02|s7_01_01_d00|s7_01_02_d00|s7_01_02_d02|s7_01_03_d00|s7_01_03_d02,,s7_01_01_d00|s7_01_01_d02,False,False,0.0,0.0,1.0,0.0,0.0,-0.5,1.0,False,0.21875,1.0,16.0,3
Negative Vector Baseline,tfidf_char,q_s7_01_01_01,healthcare policy,s7_01_01,near_duplicate,contrastive_attack,s7_01_00_d00|s7_01_03_d00|s7_01_02_d00,,,s7_01_01_d00|s7_01_01_d02,False,False,0.0,0.0,1.0,0.0,0.0,-0.5,1.0,False,0.0,1.0,9.0,3
Vanilla RAG,tfidf_char,q_s7_01_01_02,healthcare policy,s7_01_01,near_duplicate,indirect_attack,s7_01_01_d03|s7_01_03_d01|s7_01_01_d01,,s7_01_01_d01|s7_01_01_d03,s7_01_01_d00|s7_01_01_d02,True,True,0.0,0.0,1.0,0.0,0.0,-1.5,0.3333333333333333,False,0.0,1.0,1.0,3
Positive-only RAG,tfidf_char,q_s7_01_01_02,healthcare policy,s7_01_01,near_duplicate,indirect_attack,s7_01_00_d00|s7_01_03_d00|s7_01_02_d00,,,s7_01_01_d00|s7_01_01_d02,False,False,0.0,0.0,1.0,0.0,0.0,-0.5,1.0,False,0.0,2.0,18.0,3
Query Rewrite RAG,tfidf_char,q_s7_01_01_02,healthcare policy,s7_01_01,near_duplicate,indirect_attack,s7_01_00_d00|s7_01_03_d00|s7_01_02_d00,,,s7_01_01_d00|s7_01_01_d02,False,False,0.0,0.0,1.0,0.0,0.0,-0.5,1.0,False,0.0,2.0,18.0,3
Keyword Blocklist,tfidf_char,q_s7_01_01_02,healthcare policy,s7_01_01,near_duplicate,indirect_attack,s7_01_01_d03|s7_01_03_d03|s7_01_02_d03,s7_01_00_d01|s7_01_01_d01|s7_01_03_d01,s7_01_01_d03,s7_01_01_d00|s7_01_01_d02,True,True,0.0,0.0,1.0,1.0,0.09375,-1.5,0.6666666666666666,False,0.0,1.0,1.0,3
Metadata Filter,tfidf_char,q_s7_01_01_02,healthcare policy,s7_01_01,near_duplicate,indirect_attack,s7_01_01_d00|s7_01_00_d00|s7_01_01_d02,s7_01_00_d01|s7_01_00_d03|s7_01_01_d01|s7_01_01_d03|s7_01_02_d03|s7_01_03_d01|s7_01_03_d03,,,False,False,1.0,1.0,0.0,1.0,0.21875,1.0,1.0,True,0.0,1.0,1.0,3
GoodForget-RAG,tfidf_char,q_s7_01_01_02,healthcare policy,s7_01_01,near_duplicate,indirect_attack,s7_01_00_d00|s7_01_03_d00|s7_01_02_d00,,,s7_01_01_d00|s7_01_01_d02,False,False,0.0,0.0,1.0,0.0,0.0,-0.5,1.0,False,0.0,1.0,19.0,3
GoodForget-RAG hard threshold,tfidf_char,q_s7_01_01_02,healthcare policy,s7_01_01,near_duplicate,indirect_attack,s7_02_00_d00|s7_00_00_d00|s7_02_01_d00,s7_01_00_d00|s7_01_00_d02|s7_01_01_d00|s7_01_02_d00|s7_01_03_d00|s7_01_03_d02,,s7_01_01_d00|s7_01_01_d02,False,False,0.0,0.0,1.0,0.0,0.0,-0.5,1.0,False,0.1875,1.0,19.0,3
Negative Vector Baseline,tfidf_char,q_s7_01_01_02,healthcare policy,s7_01_01,near_duplicate,indirect_attack,s7_01_00_d00|s7_01_03_d00|s7_01_02_d00,,,s7_01_01_d00|s7_01_01_d02,False,False,0.0,0.0,1.0,0.0,0.0,-0.5,1.0,False,0.0,1.0,14.0,3
Vanilla RAG,tfidf_char,q_s7_01_02_00,healthcare policy,s7_01_02,literal,contrastive_attack,s7_01_02_d01|s7_01_02_d03|s7_01_02_d00,,s7_01_02_d01|s7_01_02_d03,s7_01_02_d02,True,True,0.5,0.5,0.5,0.0,0.0,-0.75,0.3333333333333333,True,0.0,1.0,1.0,3
Positive-only RAG,tfidf_char,q_s7_01_02_00,healthcare policy,s7_01_02,literal,contrastive_attack,s7_01_00_d00|s7_01_03_d00|s7_01_02_d00,,,s7_01_02_d02,False,False,0.5,0.5,0.5,0.0,0.0,0.25,1.0,True,0.0,2.0,18.0,3
Query Rewrite RAG,tfidf_char,q_s7_01_02_00,healthcare policy,s7_01_02,literal,contrastive_attack,s7_01_00_d00|s7_01_03_d00|s7_01_02_d00,,,s7_01_02_d02,False,False,0.5,0.5,0.5,0.0,0.0,0.25,1.0,True,0.0,2.0,18.0,3
Keyword Blocklist,tfidf_char,q_s7_01_02_00,healthcare policy,s7_01_02,literal,contrastive_attack,s7_01_02_d03|s7_01_02_d00|s7_01_02_d02,s7_01_02_d01|s7_01_03_d01,s7_01_02_d03,,True,True,1.0,1.0,0.0,1.0,0.0625,0.0,0.6666666666666666,True,0.0,1.0,1.0,3
Metadata Filter,tfidf_char,q_s7_01_02_00,healthcare policy,s7_01_02,literal,contrastive_attack,s7_01_02_d00|s7_01_02_d02|s7_01_00_d00,s7_01_01_d03|s7_01_02_d01|s7_01_02_d03|s7_01_03_d01|s7_01_03_d03,,,False,False,1.0,1.0,0.0,1.0,0.15625,1.0,1.0,True,0.0,1.0,1.0,3
GoodForget-RAG,tfidf_char,q_s7_01_02_00,healthcare policy,s7_01_02,literal,contrastive_attack,s7_01_00_d00|s7_01_03_d00|s7_01_01_d00,,,s7_01_02_d00|s7_01_02_d02,False,False,0.0,0.0,1.0,0.0,0.0,-0.5,1.0,False,0.0,1.0,15.0,3
GoodForget-RAG hard threshold,tfidf_char,q_s7_01_02_00,healthcare policy,s7_01_02,literal,contrastive_attack,s7_02_00_d00|s7_02_01_d00|s7_00_00_d00,s7_01_00_d00|s7_01_00_d02|s7_01_01_d00|s7_01_01_d02|s7_01_02_d00|s7_01_03_d00|s7_01_03_d02,,s7_01_02_d00|s7_01_02_d02,False,False,0.0,0.0,1.0,0.0,0.0,-0.5,1.0,False,0.21875,1.0,15.0,3
Negative Vector Baseline,tfidf_char,q_s7_01_02_00,healthcare policy,s7_01_02,literal,contrastive_attack,s7_01_00_d00|s7_01_03_d00|s7_01_02_d00,,,s7_01_02_d02,False,False,0.5,0.5,0.5,0.0,0.0,0.25,1.0,True,0.0,1.0,9.0,3
Vanilla RAG,tfidf_char,q_s7_01_02_01,healthcare policy,s7_01_02,paraphrase,indirect_attack,s7_01_01_d03|s7_01_03_d01|s7_01_01_d01,,,s7_01_02_d00|s7_01_02_d02,False,False,0.0,0.0,1.0,0.0,0.0,-0.5,1.0,False,0.0,1.0,1.0,3
Positive-only RAG,tfidf_char,q_s7_01_02_01,healthcare policy,s7_01_02,paraphrase,indirect_attack,s7_01_00_d00|s7_01_03_d00|s7_01_02_d00,,,s7_01_02_d02,False,False,0.5,0.5,0.5,0.0,0.0,0.25,1.0,True,0.0,2.0,18.0,3
Query Rewrite RAG,tfidf_char,q_s7_01_02_01,healthcare policy,s7_01_02,paraphrase,indirect_attack,s7_01_00_d00|s7_01_03_d00|s7_01_02_d00,,,s7_01_02_d02,False,False,0.5,0.5,0.5,0.0,0.0,0.25,1.0,True,0.0,2.0,18.0,3
Keyword Blocklist,tfidf_char,q_s7_01_02_01,healthcare policy,s7_01_02,paraphrase,indirect_attack,s7_01_01_d03|s7_01_03_d03|s7_01_02_d03,s7_01_00_d01|s7_01_01_d01|s7_01_03_d01,s7_01_02_d03,s7_01_02_d00|s7_01_02_d02,True,True,0.0,0.0,1.0,1.0,0.09375,-1.5,0.6666666666666666,False,0.0,1.0,1.0,3
Metadata Filter,tfidf_char,q_s7_01_02_01,healthcare policy,s7_01_02,paraphrase,indirect_attack,s7_01_01_d00|s7_01_00_d00|s7_01_01_d02,s7_01_00_d01|s7_01_00_d03|s7_01_01_d01|s7_01_01_d03|s7_01_02_d03|s7_01_03_d01|s7_01_03_d03,,s7_01_02_d00|s7_01_02_d02,False,False,0.0,0.0,1.0,1.0,0.21875,-0.5,1.0,False,0.0,1.0,1.0,3
GoodForget-RAG,tfidf_char,q_s7_01_02_01,healthcare policy,s7_01_02,paraphrase,indirect_attack,s7_01_00_d00|s7_01_03_d00|s7_01_01_d00,,,s7_01_02_d00|s7_01_02_d02,False,False,0.0,0.0,1.0,0.0,0.0,-0.5,1.0,False,0.0,1.0,18.0,3
GoodForget-RAG hard threshold,tfidf_char,q_s7_01_02_01,healthcare policy,s7_01_02,paraphrase,indirect_attack,s7_02_00_d00|s7_02_01_d00|s7_00_00_d00,s7_01_00_d00|s7_01_00_d02|s7_01_01_d00|s7_01_02_d00|s7_01_03_d00|s7_01_03_d02,,s7_01_02_d00|s7_01_02_d02,False,False,0.0,0.0,1.0,0.0,0.0,-0.5,1.0,False,0.1875,1.0,18.0,3
Negative Vector Baseline,tfidf_char,q_s7_01_02_01,healthcare policy,s7_01_02,paraphrase,indirect_attack,s7_01_00_d00|s7_01_03_d00|s7_01_01_d00,,,s7_01_02_d00|s7_01_02_d02,False,False,0.0,0.0,1.0,0.0,0.0,-0.5,1.0,False,0.0,1.0,13.0,3
Vanilla RAG,tfidf_char,q_s7_01_02_02,healthcare policy,s7_01_02,stale_policy,stale_policy_confusion,s7_01_03_d00|s7_01_00_d00|s7_01_03_d03,,,s7_01_02_d00|s7_01_02_d02,False,False,0.0,0.0,1.0,0.0,0.0,-0.5,1.0,False,0.0,3.0,3.0,3
Positive-only RAG,tfidf_char,q_s7_01_02_02,healthcare policy,s7_01_02,stale_policy,stale_policy_confusion,s7_01_00_d00|s7_01_03_d00|s7_01_02_d00,,,s7_01_02_d02,False,False,0.5,0.5,0.5,0.0,0.0,0.25,1.0,True,0.0,2.0,18.0,3
Query Rewrite RAG,tfidf_char,q_s7_01_02_02,healthcare policy,s7_01_02,stale_policy,stale_policy_confusion,s7_01_00_d00|s7_01_03_d00|s7_01_02_d00,,,s7_01_02_d02,False,False,0.5,0.5,0.5,0.0,0.0,0.25,1.0,True,0.0,2.0,18.0,3
Keyword Blocklist,tfidf_char,q_s7_01_02_02,healthcare policy,s7_01_02,stale_policy,stale_policy_confusion,s7_01_03_d00|s7_01_00_d00|s7_01_03_d03,s7_01_03_d01,,s7_01_02_d00|s7_01_02_d02,False,False,0.0,0.0,1.0,1.0,0.03125,-0.5,1.0,False,0.0,3.0,3.0,3
Metadata Filter,tfidf_char,q_s7_01_02_02,healthcare policy,s7_01_02,stale_policy,stale_policy_confusion,s7_01_03_d00|s7_01_00_d00|s7_01_02_d00,s7_01_00_d03|s7_01_01_d03|s7_01_02_d03|s7_01_03_d01|s7_01_03_d03,,s7_01_02_d02,False,False,0.5,0.5,0.5,1.0,0.15625,0.25,1.0,True,0.0,3.0,3.0,3
GoodForget-RAG,tfidf_char,q_s7_01_02_02,healthcare policy,s7_01_02,stale_policy,stale_policy_confusion,s7_01_00_d00|s7_01_03_d00|s7_01_01_d00,,,s7_01_02_d00|s7_01_02_d02,False,False,0.0,0.0,1.0,0.0,0.0,-0.5,1.0,False,0.0,3.0,19.0,3
GoodForget-RAG hard threshold,tfidf_char,q_s7_01_02_02,healthcare policy,s7_01_02,stale_policy,stale_policy_confusion,s7_02_00_d00|s7_02_01_d00|s7_00_00_d00,s7_01_00_d00|s7_01_01_d00|s7_01_02_d00|s7_01_03_d00,,s7_01_02_d00|s7_01_02_d02,False,False,0.0,0.0,1.0,0.0,0.0,-0.5,1.0,False,0.125,3.0,19.0,3
Negative Vector Baseline,tfidf_char,q_s7_01_02_02,healthcare policy,s7_01_02,stale_policy,stale_policy_confusion,s7_01_00_d00|s7_01_01_d00|s7_01_03_d00,,,s7_01_02_d00|s7_01_02_d02,False,False,0.0,0.0,1.0,0.0,0.0,-0.5,1.0,False,0.0,3.0,19.0,3
Vanilla RAG,tfidf_char,q_s7_01_03_00,healthcare policy,s7_01_03,stale_policy,indirect_attack,s7_01_01_d03|s7_01_03_d01|s7_01_01_d01,,s7_01_03_d01,s7_01_03_d00|s7_01_03_d02,True,True,0.0,0.0,1.0,0.0,0.0,-1.5,0.6666666666666666,False,0.0,1.0,1.0,3
Positive-only RAG,tfidf_char,q_s7_01_03_00,healthcare policy,s7_01_03,stale_policy,indirect_attack,s7_01_00_d00|s7_01_03_d00|s7_01_02_d00,,,s7_01_03_d02,False,False,0.5,0.5,0.5,0.0,0.0,0.25,1.0,True,0.0,2.0,18.0,3
Query Rewrite RAG,tfidf_char,q_s7_01_03_00,healthcare policy,s7_01_03,stale_policy,indirect_attack,s7_01_00_d00|s7_01_03_d00|s7_01_02_d00,,,s7_01_03_d02,False,False,0.5,0.5,0.5,0.0,0.0,0.25,1.0,True,0.0,2.0,18.0,3
Keyword Blocklist,tfidf_char,q_s7_01_03_00,healthcare policy,s7_01_03,stale_policy,indirect_attack,s7_01_01_d03|s7_01_03_d03|s7_01_02_d03,s7_01_00_d01|s7_01_01_d01|s7_01_03_d01,s7_01_03_d03,s7_01_03_d00|s7_01_03_d02,True,True,0.0,0.0,1.0,1.0,0.09375,-1.5,0.6666666666666666,False,0.0,1.0,1.0,3
Metadata Filter,tfidf_char,q_s7_01_03_00,healthcare policy,s7_01_03,stale_policy,indirect_attack,s7_01_01_d00|s7_01_00_d00|s7_01_01_d02,s7_01_00_d01|s7_01_00_d03|s7_01_01_d01|s7_01_01_d03|s7_01_02_d03|s7_01_03_d01|s7_01_03_d03,,s7_01_03_d00|s7_01_03_d02,False,False,0.0,0.0,1.0,1.0,0.21875,-0.5,1.0,False,0.0,1.0,1.0,3
GoodForget-RAG,tfidf_char,q_s7_01_03_00,healthcare policy,s7_01_03,stale_policy,indirect_attack,s7_01_00_d00|s7_01_01_d00|s7_01_02_d00,,,s7_01_03_d00|s7_01_03_d02,False,False,0.0,0.0,1.0,0.0,0.0,-0.5,1.0,False,0.0,1.0,24.0,3
GoodForget-RAG hard threshold,tfidf_char,q_s7_01_03_00,healthcare policy,s7_01_03,stale_policy,indirect_attack,s7_02_00_d00|s7_00_00_d00|s7_02_01_d00,s7_01_00_d00|s7_01_01_d00|s7_01_02_d00|s7_01_03_d00|s7_02_03_d00,,s7_01_03_d00|s7_01_03_d02,False,False,0.0,0.0,1.0,0.0,0.0,-0.5,1.0,False,0.15625,1.0,24.0,3
Negative Vector Baseline,tfidf_char,q_s7_01_03_00,healthcare policy,s7_01_03,stale_policy,indirect_attack,s7_01_00_d00|s7_01_01_d00|s7_01_02_d00,,,s7_01_03_d00|s7_01_03_d02,False,False,0.0,0.0,1.0,0.0,0.0,-0.5,1.0,False,0.0,1.0,19.0,3
Vanilla RAG,tfidf_char,q_s7_01_03_01,healthcare policy,s7_01_03,stale_policy,stale_policy_confusion,s7_01_03_d00|s7_01_00_d00|s7_01_03_d03,,s7_01_03_d03,s7_01_03_d02,True,True,0.5,0.5,0.5,0.0,0.0,-0.75,0.6666666666666666,True,0.0,3.0,3.0,3
Positive-only RAG,tfidf_char,q_s7_01_03_01,healthcare policy,s7_01_03,stale_policy,stale_policy_confusion,s7_01_00_d00|s7_01_03_d00|s7_01_02_d00,,,s7_01_03_d02,False,False,0.5,0.5,0.5,0.0,0.0,0.25,1.0,True,0.0,2.0,18.0,3
Query Rewrite RAG,tfidf_char,q_s7_01_03_01,healthcare policy,s7_01_03,stale_policy,stale_policy_confusion,s7_01_00_d00|s7_01_03_d00|s7_01_02_d00,,,s7_01_03_d02,False,False,0.5,0.5,0.5,0.0,0.0,0.25,1.0,True,0.0,2.0,18.0,3
Keyword Blocklist,tfidf_char,q_s7_01_03_01,healthcare policy,s7_01_03,stale_policy,stale_policy_confusion,s7_01_03_d00|s7_01_00_d00|s7_01_03_d03,s7_01_03_d01,s7_01_03_d03,s7_01_03_d02,True,True,0.5,0.5,0.5,1.0,0.03125,-0.75,0.6666666666666666,True,0.0,3.0,3.0,3
Metadata Filter,tfidf_char,q_s7_01_03_01,healthcare policy,s7_01_03,stale_policy,stale_policy_confusion,s7_01_03_d00|s7_01_00_d00|s7_01_02_d00,s7_01_00_d03|s7_01_01_d03|s7_01_02_d03|s7_01_03_d01|s7_01_03_d03,,s7_01_03_d02,False,False,0.5,0.5,0.5,1.0,0.15625,0.25,1.0,True,0.0,3.0,3.0,3
GoodForget-RAG,tfidf_char,q_s7_01_03_01,healthcare policy,s7_01_03,stale_policy,stale_policy_confusion,s7_01_00_d00|s7_01_02_d00|s7_01_01_d00,,,s7_01_03_d00|s7_01_03_d02,False,False,0.0,0.0,1.0,0.0,0.0,-0.5,1.0,False,0.0,3.0,23.0,3
GoodForget-RAG hard threshold,tfidf_char,q_s7_01_03_01,healthcare policy,s7_01_03,stale_policy,stale_policy_confusion,s7_02_00_d00|s7_00_00_d00|s7_02_02_d00,s7_01_00_d00|s7_01_01_d00|s7_01_02_d00|s7_01_03_d00|s7_02_01_d00,,s7_01_03_d00|s7_01_03_d02,False,False,0.0,0.0,1.0,0.0,0.0,-0.5,1.0,False,0.15625,3.0,23.0,3
Negative Vector Baseline,tfidf_char,q_s7_01_03_01,healthcare policy,s7_01_03,stale_policy,stale_policy_confusion,s7_01_00_d00|s7_01_02_d00|s7_01_01_d00,,,s7_01_03_d00|s7_01_03_d02,False,False,0.0,0.0,1.0,0.0,0.0,-0.5,1.0,False,0.0,3.0,21.0,3
Vanilla RAG,tfidf_char,q_s7_01_03_02,healthcare policy,s7_01_03,noisy_forget_set,noisy_forget,s7_01_00_d00|s7_01_03_d00|s7_01_02_d00,,,s7_01_03_d02,False,False,0.5,0.5,0.5,0.0,0.0,0.25,1.0,True,0.0,7.0,7.0,3
Positive-only RAG,tfidf_char,q_s7_01_03_02,healthcare policy,s7_01_03,noisy_forget_set,noisy_forget,s7_01_00_d00|s7_01_03_d00|s7_01_02_d00,,,s7_01_03_d02,False,False,0.5,0.5,0.5,0.0,0.0,0.25,1.0,True,0.0,2.0,18.0,3
Query Rewrite RAG,tfidf_char,q_s7_01_03_02,healthcare policy,s7_01_03,noisy_forget_set,noisy_forget,s7_01_00_d00|s7_01_03_d00|s7_01_02_d00,,,s7_01_03_d02,False,False,0.5,0.5,0.5,0.0,0.0,0.25,1.0,True,0.0,2.0,18.0,3
Keyword Blocklist,tfidf_char,q_s7_01_03_02,healthcare policy,s7_01_03,noisy_forget_set,noisy_forget,s7_01_00_d00|s7_01_03_d00|s7_01_02_d00,,,s7_01_03_d02,False,False,0.5,0.5,0.5,0.0,0.0,0.25,1.0,True,0.0,7.0,7.0,3
Metadata Filter,tfidf_char,q_s7_01_03_02,healthcare policy,s7_01_03,noisy_forget_set,noisy_forget,s7_01_00_d00|s7_01_03_d00|s7_01_02_d00,s7_01_02_d03|s7_01_03_d03,,s7_01_03_d02,False,False,0.5,0.5,0.5,1.0,0.0625,0.25,1.0,True,0.0,7.0,7.0,3
GoodForget-RAG,tfidf_char,q_s7_01_03_02,healthcare policy,s7_01_03,noisy_forget_set,noisy_forget,s7_01_00_d00|s7_01_02_d00|s7_01_01_d00,,,s7_01_03_d00|s7_01_03_d02,False,False,0.0,0.0,1.0,0.0,0.0,-0.5,1.0,False,0.0,7.0,25.0,3
GoodForget-RAG hard threshold,tfidf_char,q_s7_01_03_02,healthcare policy,s7_01_03,noisy_forget_set,noisy_forget,s7_02_00_d00|s7_02_01_d00|s7_00_00_d00,s7_01_00_d00|s7_01_01_d00|s7_01_02_d00|s7_01_03_d00|s7_02_02_d00|s7_02_03_d00,,s7_01_03_d00|s7_01_03_d02,False,False,0.0,0.0,1.0,0.0,0.0,-0.5,1.0,False,0.1875,7.0,25.0,3
Negative Vector Baseline,tfidf_char,q_s7_01_03_02,healthcare policy,s7_01_03,noisy_forget_set,noisy_forget,s7_01_00_d00|s7_01_02_d00|s7_01_03_d00,,,s7_01_03_d02,False,False,0.5,0.5,0.5,0.0,0.0,0.25,1.0,True,0.0,7.0,20.0,3
Vanilla RAG,tfidf_char,q_s7_02_00_00,legal compliance,s7_02_00,codeword,codeword_attack,s7_02_00_d03|s7_02_00_d01|s7_02_00_d00,,s7_02_00_d01|s7_02_00_d03,s7_02_00_d02,True,True,0.5,0.5,0.5,0.0,0.0,-0.75,0.3333333333333333,True,0.0,1.0,1.0,3
Positive-only RAG,tfidf_char,q_s7_02_00_00,legal compliance,s7_02_00,codeword,codeword_attack,s7_02_00_d00|s7_02_01_d00|s7_02_02_d00,,,s7_02_00_d02,False,False,0.5,0.5,0.5,0.0,0.0,0.25,1.0,True,0.0,2.0,17.0,3
Query Rewrite RAG,tfidf_char,q_s7_02_00_00,legal compliance,s7_02_00,codeword,codeword_attack,s7_02_00_d00|s7_02_01_d00|s7_02_02_d00,,,s7_02_00_d02,False,False,0.5,0.5,0.5,0.0,0.0,0.25,1.0,True,0.0,2.0,17.0,3
Keyword Blocklist,tfidf_char,q_s7_02_00_00,legal compliance,s7_02_00,codeword,codeword_attack,s7_02_00_d03|s7_02_00_d00|s7_02_01_d00,s7_02_00_d01|s7_02_02_d00|s7_02_02_d02,s7_02_00_d03,s7_02_00_d02,True,True,0.5,0.5,0.5,0.3333333333333333,0.03125,-0.75,0.6666666666666666,True,0.0625,1.0,1.0,3
Metadata Filter,tfidf_char,q_s7_02_00_00,legal compliance,s7_02_00,codeword,codeword_attack,s7_02_00_d00|s7_02_02_d00|s7_02_01_d00,s7_02_00_d01|s7_02_00_d03,,s7_02_00_d02,False,False,0.5,0.5,0.5,1.0,0.0625,0.25,1.0,True,0.0,1.0,1.0,3
GoodForget-RAG,tfidf_char,q_s7_02_00_00,legal compliance,s7_02_00,codeword,codeword_attack,s7_02_00_d00|s7_02_01_d00|s7_02_02_d00,,,s7_02_00_d02,False,False,0.5,0.5,0.5,0.0,0.0,0.25,1.0,True,0.0,1.0,9.0,3
GoodForget-RAG hard threshold,tfidf_char,q_s7_02_00_00,legal compliance,s7_02_00,codeword,codeword_attack,s7_02_00_d00|s7_02_01_d00|s7_02_02_d00,,,s7_02_00_d02,False,False,0.5,0.5,0.5,0.0,0.0,0.25,1.0,True,0.0,1.0,9.0,3
Negative Vector Baseline,tfidf_char,q_s7_02_00_00,legal compliance,s7_02_00,codeword,codeword_attack,s7_02_00_d00|s7_02_01_d00|s7_02_02_d00,,,s7_02_00_d02,False,False,0.5,0.5,0.5,0.0,0.0,0.25,1.0,True,0.0,1.0,9.0,3
Vanilla RAG,tfidf_char,q_s7_02_00_01,legal compliance,s7_02_00,literal,contrastive_attack,s7_02_00_d01|s7_02_00_d03|s7_02_00_d00,,s7_02_00_d01|s7_02_00_d03,s7_02_00_d02,True,True,0.5,0.5,0.5,0.0,0.0,-0.75,0.3333333333333333,True,0.0,1.0,1.0,3
Positive-only RAG,tfidf_char,q_s7_02_00_01,legal compliance,s7_02_00,literal,contrastive_attack,s7_02_00_d00|s7_02_01_d00|s7_02_02_d00,,,s7_02_00_d02,False,False,0.5,0.5,0.5,0.0,0.0,0.25,1.0,True,0.0,2.0,17.0,3
Query Rewrite RAG,tfidf_char,q_s7_02_00_01,legal compliance,s7_02_00,literal,contrastive_attack,s7_02_00_d00|s7_02_01_d00|s7_02_02_d00,,,s7_02_00_d02,False,False,0.5,0.5,0.5,0.0,0.0,0.25,1.0,True,0.0,2.0,17.0,3
Keyword Blocklist,tfidf_char,q_s7_02_00_01,legal compliance,s7_02_00,literal,contrastive_attack,s7_02_00_d03|s7_02_00_d00|s7_02_01_d03,s7_02_00_d01|s7_02_02_d00|s7_02_02_d03,s7_02_00_d03,s7_02_00_d02,True,True,0.5,0.5,0.5,0.6666666666666666,0.0625,-0.75,0.6666666666666666,True,0.03125,1.0,1.0,3
Metadata Filter,tfidf_char,q_s7_02_00_01,legal compliance,s7_02_00,literal,contrastive_attack,s7_02_00_d00|s7_02_00_d02|s7_02_02_d00,s7_02_00_d01|s7_02_00_d03|s7_02_01_d03|s7_02_02_d03|s7_02_03_d03,,,False,False,1.0,1.0,0.0,1.0,0.15625,1.0,1.0,True,0.0,1.0,1.0,3
GoodForget-RAG,tfidf_char,q_s7_02_00_01,legal compliance,s7_02_00,literal,contrastive_attack,s7_02_00_d00|s7_02_01_d00|s7_02_03_d00,,,s7_02_00_d02,False,False,0.5,0.5,0.5,0.0,0.0,0.25,1.0,True,0.0,1.0,21.0,3
GoodForget-RAG hard threshold,tfidf_char,q_s7_02_00_01,legal compliance,s7_02_00,literal,contrastive_attack,s7_00_00_d00|s7_00_01_d00|s7_01_00_d00,s7_02_00_d00|s7_02_00_d02|s7_02_01_d00|s7_02_01_d02|s7_02_02_d00|s7_02_03_d00|s7_02_03_d02,,s7_02_00_d00|s7_02_00_d02,False,False,0.0,0.0,1.0,0.0,0.0,-0.5,1.0,False,0.21875,1.0,21.0,3
Negative Vector Baseline,tfidf_char,q_s7_02_00_01,legal compliance,s7_02_00,literal,contrastive_attack,s7_02_00_d00|s7_02_01_d00|s7_02_02_d00,,,s7_02_00_d02,False,False,0.5,0.5,0.5,0.0,0.0,0.25,1.0,True,0.0,1.0,14.0,3
Vanilla RAG,tfidf_char,q_s7_02_00_02,legal compliance,s7_02_00,paraphrase,indirect_attack,s7_02_00_d03|s7_02_00_d01|s7_02_01_d03,,s7_02_00_d01|s7_02_00_d03,s7_02_00_d00|s7_02_00_d02,True,True,0.0,0.0,1.0,0.0,0.0,-1.5,0.3333333333333333,False,0.0,1.0,1.0,3
Positive-only RAG,tfidf_char,q_s7_02_00_02,legal compliance,s7_02_00,paraphrase,indirect_attack,s7_02_00_d00|s7_02_01_d00|s7_02_02_d00,,,s7_02_00_d02,False,False,0.5,0.5,0.5,0.0,0.0,0.25,1.0,True,0.0,2.0,17.0,3
Query Rewrite RAG,tfidf_char,q_s7_02_00_02,legal compliance,s7_02_00,paraphrase,indirect_attack,s7_02_00_d00|s7_02_01_d00|s7_02_02_d00,,,s7_02_00_d02,False,False,0.5,0.5,0.5,0.0,0.0,0.25,1.0,True,0.0,2.0,17.0,3
Keyword Blocklist,tfidf_char,q_s7_02_00_02,legal compliance,s7_02_00,paraphrase,indirect_attack,s7_02_00_d03|s7_02_01_d03|s7_02_03_d03,s7_02_00_d01|s7_02_01_d01|s7_02_02_d00|s7_02_02_d03|s7_02_03_d01,s7_02_00_d03,s7_02_00_d00|s7_02_00_d02,True,True,0.0,0.0,1.0,0.8,0.125,-1.5,0.6666666666666666,False,0.03125,1.0,1.0,3
Metadata Filter,tfidf_char,q_s7_02_00_02,legal compliance,s7_02_00,paraphrase,indirect_attack,s7_02_00_d00|s7_02_01_d00|s7_02_02_d00,s7_02_00_d01|s7_02_00_d03|s7_02_01_d01|s7_02_01_d03|s7_02_02_d03|s7_02_03_d01|s7_02_03_d03,,s7_02_00_d02,False,False,0.5,0.5,0.5,1.0,0.21875,0.25,1.0,True,0.0,1.0,1.0,3
GoodForget-RAG,tfidf_char,q_s7_02_00_02,legal compliance,s7_02_00,paraphrase,indirect_attack,s7_02_01_d00|s7_02_03_d00|s7_02_00_d00,,,s7_02_00_d02,False,False,0.5,0.5,0.5,0.0,0.0,0.25,1.0,True,0.0,1.0,26.0,3
GoodForget-RAG hard threshold,tfidf_char,q_s7_02_00_02,legal compliance,s7_02_00,paraphrase,indirect_attack,s7_00_01_d00|s7_01_00_d00|s7_01_03_d00,s7_02_00_d00|s7_02_01_d00|s7_02_02_d00|s7_02_03_d00,,s7_02_00_d00|s7_02_00_d02,False,False,0.0,0.0,1.0,0.0,0.0,-0.5,1.0,False,0.125,1.0,26.0,3
Negative Vector Baseline,tfidf_char,q_s7_02_00_02,legal compliance,s7_02_00,paraphrase,indirect_attack,s7_02_00_d00|s7_02_01_d00|s7_02_02_d00,,,s7_02_00_d02,False,False,0.5,0.5,0.5,0.0,0.0,0.25,1.0,True,0.0,1.0,21.0,3
Vanilla RAG,tfidf_char,q_s7_02_01_00,legal compliance,s7_02_01,literal,contrastive_attack,s7_02_01_d01|s7_02_01_d03|s7_02_02_d03,,s7_02_01_d01|s7_02_01_d03,s7_02_01_d00|s7_02_01_d02,True,True,0.0,0.0,1.0,0.0,0.0,-1.5,0.3333333333333333,False,0.0,1.0,1.0,3
Positive-only RAG,tfidf_char,q_s7_02_01_00,legal compliance,s7_02_01,literal,contrastive_attack,s7_02_00_d00|s7_02_01_d00|s7_02_02_d00,,,s7_02_01_d02,False,False,0.5,0.5,0.5,0.0,0.0,0.25,1.0,True,0.0,2.0,17.0,3
Query Rewrite RAG,tfidf_char,q_s7_02_01_00,legal compliance,s7_02_01,literal,contrastive_attack,s7_02_00_d00|s7_02_01_d00|s7_02_02_d00,,,s7_02_01_d02,False,False,0.5,0.5,0.5,0.0,0.0,0.25,1.0,True,0.0,2.0,17.0,3
Keyword Blocklist,tfidf_char,q_s7_02_01_00,legal compliance,s7_02_01,literal,contrastive_attack,s7_02_01_d03|s7_02_01_d00|s7_02_00_d03,s7_02_01_d01|s7_02_02_d00|s7_02_02_d03,s7_02_01_d03,s7_02_01_d02,True,True,0.5,0.5,0.5,0.6666666666666666,0.0625,-0.75,0.6666666666666666,True,0.03125,1.0,1.0,3
Metadata Filter,tfidf_char,q_s7_02_01_00,legal compliance,s7_02_01,literal,contrastive_attack,s7_02_01_d00|s7_02_02_d00|s7_02_01_d02,s7_02_00_d03|s7_02_01_d01|s7_02_01_d03|s7_02_02_d03|s7_02_03_d03,,,False,False,1.0,1.0,0.0,1.0,0.15625,1.0,1.0,True,0.0,1.0,1.0,3
GoodForget-RAG,tfidf_char,q_s7_02_01_00,legal compliance,s7_02_01,literal,contrastive_attack,s7_02_00_d00|s7_02_03_d00|s7_02_01_d00,,,s7_02_01_d02,False,False,0.5,0.5,0.5,0.0,0.0,0.25,1.0,True,0.0,1.0,20.0,3
GoodForget-RAG hard threshold,tfidf_char,q_s7_02_01_00,legal compliance,s7_02_01,literal,contrastive_attack,s7_00_00_d00|s7_01_00_d00|s7_00_01_d00,s7_02_00_d00|s7_02_00_d02|s7_02_01_d00|s7_02_01_d02|s7_02_02_d00|s7_02_03_d00|s7_02_03_d02,,s7_02_01_d00|s7_02_01_d02,False,False,0.0,0.0,1.0,0.0,0.0,-0.5,1.0,False,0.21875,1.0,20.0,3
Negative Vector Baseline,tfidf_char,q_s7_02_01_00,legal compliance,s7_02_01,literal,contrastive_attack,s7_02_00_d00|s7_02_01_d00|s7_02_02_d00,,,s7_02_01_d02,False,False,0.5,0.5,0.5,0.0,0.0,0.25,1.0,True,0.0,1.0,9.0,3
Vanilla RAG,tfidf_char,q_s7_02_01_01,legal compliance,s7_02_01,paraphrase,indirect_attack,s7_02_00_d03|s7_02_00_d01|s7_02_01_d03,,s7_02_01_d03,s7_02_01_d00|s7_02_01_d02,True,True,0.0,0.0,1.0,0.0,0.0,-1.5,0.6666666666666666,False,0.0,1.0,1.0,3
Positive-only RAG,tfidf_char,q_s7_02_01_01,legal compliance,s7_02_01,paraphrase,indirect_attack,s7_02_00_d00|s7_02_01_d00|s7_02_02_d00,,,s7_02_01_d02,False,False,0.5,0.5,0.5,0.0,0.0,0.25,1.0,True,0.0,2.0,17.0,3
Query Rewrite RAG,tfidf_char,q_s7_02_01_01,legal compliance,s7_02_01,paraphrase,indirect_attack,s7_02_00_d00|s7_02_01_d00|s7_02_02_d00,,,s7_02_01_d02,False,False,0.5,0.5,0.5,0.0,0.0,0.25,1.0,True,0.0,2.0,17.0,3
Keyword Blocklist,tfidf_char,q_s7_02_01_01,legal compliance,s7_02_01,paraphrase,indirect_attack,s7_02_00_d03|s7_02_01_d03|s7_02_03_d03,s7_02_00_d01|s7_02_01_d01|s7_02_02_d00|s7_02_02_d03|s7_02_03_d01,s7_02_01_d03,s7_02_01_d00|s7_02_01_d02,True,True,0.0,0.0,1.0,0.8,0.125,-1.5,0.6666666666666666,False,0.03125,1.0,1.0,3
Metadata Filter,tfidf_char,q_s7_02_01_01,legal compliance,s7_02_01,paraphrase,indirect_attack,s7_02_00_d00|s7_02_01_d00|s7_02_02_d00,s7_02_00_d01|s7_02_00_d03|s7_02_01_d01|s7_02_01_d03|s7_02_02_d03|s7_02_03_d01|s7_02_03_d03,,s7_02_01_d02,False,False,0.5,0.5,0.5,1.0,0.21875,0.25,1.0,True,0.0,1.0,1.0,3
GoodForget-RAG,tfidf_char,q_s7_02_01_01,legal compliance,s7_02_01,paraphrase,indirect_attack,s7_02_00_d00|s7_02_03_d00|s7_02_01_d00,,,s7_02_01_d02,False,False,0.5,0.5,0.5,0.0,0.0,0.25,1.0,True,0.0,1.0,21.0,3
GoodForget-RAG hard threshold,tfidf_char,q_s7_02_01_01,legal compliance,s7_02_01,paraphrase,indirect_attack,s7_00_00_d00|s7_01_00_d00|s7_03_00_d00,s7_02_00_d00|s7_02_00_d02|s7_02_01_d00|s7_02_02_d00|s7_02_03_d00,,s7_02_01_d00|s7_02_01_d02,False,False,0.0,0.0,1.0,0.0,0.0,-0.5,1.0,False,0.15625,1.0,21.0,3
Negative Vector Baseline,tfidf_char,q_s7_02_01_01,legal compliance,s7_02_01,paraphrase,indirect_attack,s7_02_00_d00|s7_02_01_d00|s7_02_02_d00,,,s7_02_01_d02,False,False,0.5,0.5,0.5,0.0,0.0,0.25,1.0,True,0.0,1.0,18.0,3
Vanilla RAG,tfidf_char,q_s7_02_01_02,legal compliance,s7_02_01,stale_policy,stale_policy_confusion,s7_02_01_d00|s7_02_01_d03|s7_02_00_d00,,s7_02_01_d03,s7_02_01_d02,True,True,0.5,0.5,0.5,0.0,0.0,-0.75,0.6666666666666666,True,0.0,2.0,2.0,3
Positive-only RAG,tfidf_char,q_s7_02_01_02,legal compliance,s7_02_01,stale_policy,stale_policy_confusion,s7_02_00_d00|s7_02_01_d00|s7_02_02_d00,,,s7_02_01_d02,False,False,0.5,0.5,0.5,0.0,0.0,0.25,1.0,True,0.0,2.0,17.0,3
Query Rewrite RAG,tfidf_char,q_s7_02_01_02,legal compliance,s7_02_01,stale_policy,stale_policy_confusion,s7_02_00_d00|s7_02_01_d00|s7_02_02_d00,,,s7_02_01_d02,False,False,0.5,0.5,0.5,0.0,0.0,0.25,1.0,True,0.0,2.0,17.0,3
Keyword Blocklist,tfidf_char,q_s7_02_01_02,legal compliance,s7_02_01,stale_policy,stale_policy_confusion,s7_02_01_d00|s7_02_01_d03|s7_02_00_d00,s7_02_01_d01|s7_02_02_d00|s7_02_02_d03,s7_02_01_d03,s7_02_01_d02,True,True,0.5,0.5,0.5,0.6666666666666666,0.0625,-0.75,0.6666666666666666,True,0.03125,2.0,2.0,3
Metadata Filter,tfidf_char,q_s7_02_01_02,legal compliance,s7_02_01,stale_policy,stale_policy_confusion,s7_02_01_d00|s7_02_00_d00|s7_02_02_d00,s7_02_00_d03|s7_02_01_d01|s7_02_01_d03|s7_02_02_d03|s7_02_03_d03,,s7_02_01_d02,False,False,0.5,0.5,0.5,1.0,0.15625,0.25,1.0,True,0.0,2.0,2.0,3
GoodForget-RAG,tfidf_char,q_s7_02_01_02,legal compliance,s7_02_01,stale_policy,stale_policy_confusion,s7_02_00_d00|s7_02_02_d00|s7_02_03_d00,,,s7_02_01_d00|s7_02_01_d02,False,False,0.0,0.0,1.0,0.0,0.0,-0.5,1.0,False,0.0,2.0,21.0,3
GoodForget-RAG hard threshold,tfidf_char,q_s7_02_01_02,legal compliance,s7_02_01,stale_policy,stale_policy_confusion,s7_00_00_d00|s7_00_02_d00|s7_03_00_d00,s7_02_00_d00|s7_02_00_d02|s7_02_01_d00|s7_02_02_d00|s7_02_03_d00,,s7_02_01_d00|s7_02_01_d02,False,False,0.0,0.0,1.0,0.0,0.0,-0.5,1.0,False,0.15625,2.0,21.0,3
Negative Vector Baseline,tfidf_char,q_s7_02_01_02,legal compliance,s7_02_01,stale_policy,stale_policy_confusion,s7_02_00_d00|s7_02_02_d00|s7_02_03_d00,,,s7_02_01_d00|s7_02_01_d02,False,False,0.0,0.0,1.0,0.0,0.0,-0.5,1.0,False,0.0,2.0,14.0,3
Vanilla RAG,tfidf_char,q_s7_02_02_00,legal compliance,s7_02_02,paraphrase,indirect_attack,s7_02_00_d03|s7_02_00_d01|s7_02_01_d03,,,s7_02_02_d00|s7_02_02_d02,False,False,0.0,0.0,1.0,0.0,0.0,-0.5,1.0,False,0.0,1.0,1.0,3
Positive-only RAG,tfidf_char,q_s7_02_02_00,legal compliance,s7_02_02,paraphrase,indirect_attack,s7_02_00_d00|s7_02_01_d00|s7_02_02_d00,,,s7_02_02_d02,False,False,0.5,0.5,0.5,0.0,0.0,0.25,1.0,True,0.0,2.0,17.0,3
Query Rewrite RAG,tfidf_char,q_s7_02_02_00,legal compliance,s7_02_02,paraphrase,indirect_attack,s7_02_00_d00|s7_02_01_d00|s7_02_02_d00,,,s7_02_02_d02,False,False,0.5,0.5,0.5,0.0,0.0,0.25,1.0,True,0.0,2.0,17.0,3
Keyword Blocklist,tfidf_char,q_s7_02_02_00,legal compliance,s7_02_02,paraphrase,indirect_attack,s7_02_00_d03|s7_02_01_d03|s7_02_03_d03,s7_02_00_d01|s7_02_01_d01|s7_02_02_d00|s7_02_02_d03|s7_02_03_d01,,s7_02_02_d00|s7_02_02_d02,False,False,0.0,0.0,1.0,0.8,0.125,-0.5,1.0,False,0.03125,1.0,1.0,3
Metadata Filter,tfidf_char,q_s7_02_02_00,legal compliance,s7_02_02,paraphrase,indirect_attack,s7_02_00_d00|s7_02_01_d00|s7_02_02_d00,s7_02_00_d01|s7_02_00_d03|s7_02_01_d01|s7_02_01_d03|s7_02_02_d03|s7_02_03_d01|s7_02_03_d03,,s7_02_02_d02,False,False,0.5,0.5,0.5,1.0,0.21875,0.25,1.0,True,0.0,1.0,1.0,3
GoodForget-RAG,tfidf_char,q_s7_02_02_00,legal compliance,s7_02_02,paraphrase,indirect_attack,s7_02_00_d00|s7_02_01_d00|s7_02_03_d00,,,s7_02_02_d00|s7_02_02_d02,False,False,0.0,0.0,1.0,0.0,0.0,-0.5,1.0,False,0.0,1.0,18.0,3
GoodForget-RAG hard threshold,tfidf_char,q_s7_02_02_00,legal compliance,s7_02_02,paraphrase,indirect_attack,s7_00_00_d00|s7_01_00_d00|s7_01_01_d00,s7_02_00_d00|s7_02_00_d02|s7_02_01_d00|s7_02_02_d00|s7_02_03_d00,,s7_02_02_d00|s7_02_02_d02,False,False,0.0,0.0,1.0,0.0,0.0,-0.5,1.0,False,0.15625,1.0,18.0,3
Negative Vector Baseline,tfidf_char,q_s7_02_02_00,legal compliance,s7_02_02,paraphrase,indirect_attack,s7_02_00_d00|s7_02_01_d00|s7_02_02_d00,,,s7_02_02_d02,False,False,0.5,0.5,0.5,0.0,0.0,0.25,1.0,True,0.0,1.0,15.0,3
Vanilla RAG,tfidf_char,q_s7_02_02_01,legal compliance,s7_02_02,stale_policy,stale_policy_confusion,s7_02_01_d00|s7_02_01_d03|s7_02_00_d00,,,s7_02_02_d00|s7_02_02_d02,False,False,0.0,0.0,1.0,0.0,0.0,-0.5,1.0,False,0.0,2.0,2.0,3
Positive-only RAG,tfidf_char,q_s7_02_02_01,legal compliance,s7_02_02,stale_policy,stale_policy_confusion,s7_02_00_d00|s7_02_01_d00|s7_02_02_d00,,,s7_02_02_d02,False,False,0.5,0.5,0.5,0.0,0.0,0.25,1.0,True,0.0,2.0,17.0,3
Query Rewrite RAG,tfidf_char,q_s7_02_02_01,legal compliance,s7_02_02,stale_policy,stale_policy_confusion,s7_02_00_d00|s7_02_01_d00|s7_02_02_d00,,,s7_02_02_d02,False,False,0.5,0.5,0.5,0.0,0.0,0.25,1.0,True,0.0,2.0,17.0,3
Keyword Blocklist,tfidf_char,q_s7_02_02_01,legal compliance,s7_02_02,stale_policy,stale_policy_confusion,s7_02_01_d00|s7_02_01_d03|s7_02_00_d00,s7_02_01_d01|s7_02_02_d00|s7_02_02_d03,,s7_02_02_d00|s7_02_02_d02,False,False,0.0,0.0,1.0,0.6666666666666666,0.0625,-0.5,1.0,False,0.03125,2.0,2.0,3
Metadata Filter,tfidf_char,q_s7_02_02_01,legal compliance,s7_02_02,stale_policy,stale_policy_confusion,s7_02_01_d00|s7_02_00_d00|s7_02_02_d00,s7_02_00_d03|s7_02_01_d01|s7_02_01_d03|s7_02_02_d03|s7_02_03_d03,,s7_02_02_d02,False,False,0.5,0.5,0.5,1.0,0.15625,0.25,1.0,True,0.0,2.0,2.0,3
GoodForget-RAG,tfidf_char,q_s7_02_02_01,legal compliance,s7_02_02,stale_policy,stale_policy_confusion,s7_02_00_d00|s7_02_01_d00|s7_02_03_d00,,,s7_02_02_d00|s7_02_02_d02,False,False,0.0,0.0,1.0,0.0,0.0,-0.5,1.0,False,0.0,2.0,21.0,3
GoodForget-RAG hard threshold,tfidf_char,q_s7_02_02_01,legal compliance,s7_02_02,stale_policy,stale_policy_confusion,s7_00_00_d00|s7_00_01_d00|s7_03_00_d00,s7_02_00_d00|s7_02_00_d02|s7_02_01_d00|s7_02_02_d00|s7_02_03_d00,,s7_02_02_d00|s7_02_02_d02,False,False,0.0,0.0,1.0,0.0,0.0,-0.5,1.0,False,0.15625,2.0,21.0,3
Negative Vector Baseline,tfidf_char,q_s7_02_02_01,legal compliance,s7_02_02,stale_policy,stale_policy_confusion,s7_02_00_d00|s7_02_01_d00|s7_02_03_d00,,,s7_02_02_d00|s7_02_02_d02,False,False,0.0,0.0,1.0,0.0,0.0,-0.5,1.0,False,0.0,2.0,20.0,3
Vanilla RAG,tfidf_char,q_s7_02_02_02,legal compliance,s7_02_02,noisy_forget_set,noisy_forget,s7_02_00_d00|s7_02_01_d00|s7_02_02_d00,,,s7_02_02_d02,False,False,0.5,0.5,0.5,0.0,0.0,0.25,1.0,True,0.0,6.0,6.0,3
Positive-only RAG,tfidf_char,q_s7_02_02_02,legal compliance,s7_02_02,noisy_forget_set,noisy_forget,s7_02_00_d00|s7_02_01_d00|s7_02_02_d00,,,s7_02_02_d02,False,False,0.5,0.5,0.5,0.0,0.0,0.25,1.0,True,0.0,2.0,17.0,3
Query Rewrite RAG,tfidf_char,q_s7_02_02_02,legal compliance,s7_02_02,noisy_forget_set,noisy_forget,s7_02_00_d00|s7_02_01_d00|s7_02_02_d00,,,s7_02_02_d02,False,False,0.5,0.5,0.5,0.0,0.0,0.25,1.0,True,0.0,2.0,17.0,3
Keyword Blocklist,tfidf_char,q_s7_02_02_02,legal compliance,s7_02_02,noisy_forget_set,noisy_forget,s7_02_00_d00|s7_02_01_d00|s7_02_03_d00,s7_02_02_d00|s7_02_02_d02,,s7_02_02_d00|s7_02_02_d02,False,False,0.0,0.0,1.0,0.0,0.0,-0.5,1.0,False,0.0625,6.0,6.0,3
Metadata Filter,tfidf_char,q_s7_02_02_02,legal compliance,s7_02_02,noisy_forget_set,noisy_forget,s7_02_00_d00|s7_02_01_d00|s7_02_02_d00,s7_02_00_d03|s7_02_01_d03,,s7_02_02_d02,False,False,0.5,0.5,0.5,1.0,0.0625,0.25,1.0,True,0.0,6.0,6.0,3
GoodForget-RAG,tfidf_char,q_s7_02_02_02,legal compliance,s7_02_02,noisy_forget_set,noisy_forget,s7_02_00_d00|s7_02_01_d00|s7_02_03_d00,,,s7_02_02_d00|s7_02_02_d02,False,False,0.0,0.0,1.0,0.0,0.0,-0.5,1.0,False,0.0,6.0,19.0,3
GoodForget-RAG hard threshold,tfidf_char,q_s7_02_02_02,legal compliance,s7_02_02,noisy_forget_set,noisy_forget,s7_00_00_d00|s7_01_00_d00|s7_01_03_d00,s7_02_00_d00|s7_02_00_d02|s7_02_01_d00|s7_02_01_d02|s7_02_02_d00|s7_02_03_d00,,s7_02_02_d00|s7_02_02_d02,False,False,0.0,0.0,1.0,0.0,0.0,-0.5,1.0,False,0.1875,6.0,19.0,3
Negative Vector Baseline,tfidf_char,q_s7_02_02_02,legal compliance,s7_02_02,noisy_forget_set,noisy_forget,s7_02_00_d00|s7_02_01_d00|s7_02_02_d00,,,s7_02_02_d02,False,False,0.5,0.5,0.5,0.0,0.0,0.25,1.0,True,0.0,6.0,14.0,3
Vanilla RAG,tfidf_char,q_s7_02_03_00,legal compliance,s7_02_03,stale_policy,stale_policy_confusion,s7_02_01_d00|s7_02_01_d03|s7_02_00_d00,,,s7_02_03_d00|s7_02_03_d02,False,False,0.0,0.0,1.0,0.0,0.0,-0.5,1.0,False,0.0,2.0,2.0,3
Positive-only RAG,tfidf_char,q_s7_02_03_00,legal compliance,s7_02_03,stale_policy,stale_policy_confusion,s7_02_00_d00|s7_02_01_d00|s7_02_02_d00,,,s7_02_03_d00|s7_02_03_d02,False,False,0.0,0.0,1.0,0.0,0.0,-0.5,1.0,False,0.0,2.0,17.0,3
Query Rewrite RAG,tfidf_char,q_s7_02_03_00,legal compliance,s7_02_03,stale_policy,stale_policy_confusion,s7_02_00_d00|s7_02_01_d00|s7_02_02_d00,,,s7_02_03_d00|s7_02_03_d02,False,False,0.0,0.0,1.0,0.0,0.0,-0.5,1.0,False,0.0,2.0,17.0,3
Keyword Blocklist,tfidf_char,q_s7_02_03_00,legal compliance,s7_02_03,stale_policy,stale_policy_confusion,s7_02_01_d00|s7_02_01_d03|s7_02_00_d00,s7_02_01_d01|s7_02_02_d00|s7_02_02_d03,,s7_02_03_d00|s7_02_03_d02,False,False,0.0,0.0,1.0,0.6666666666666666,0.0625,-0.5,1.0,False,0.03125,2.0,2.0,3
Metadata Filter,tfidf_char,q_s7_02_03_00,legal compliance,s7_02_03,stale_policy,stale_policy_confusion,s7_02_01_d00|s7_02_00_d00|s7_02_02_d00,s7_02_00_d03|s7_02_01_d01|s7_02_01_d03|s7_02_02_d03|s7_02_03_d03,,s7_02_03_d00|s7_02_03_d02,False,False,0.0,0.0,1.0,1.0,0.15625,-0.5,1.0,False,0.0,2.0,2.0,3
GoodForget-RAG,tfidf_char,q_s7_02_03_00,legal compliance,s7_02_03,stale_policy,stale_policy_confusion,s7_02_00_d00|s7_02_02_d00|s7_02_01_d00,,,s7_02_03_d00|s7_02_03_d02,False,False,0.0,0.0,1.0,0.0,0.0,-0.5,1.0,False,0.0,2.0,20.0,3
GoodForget-RAG hard threshold,tfidf_char,q_s7_02_03_00,legal compliance,s7_02_03,stale_policy,stale_policy_confusion,s7_00_00_d00|s7_00_02_d00|s7_03_00_d00,s7_02_00_d00|s7_02_00_d02|s7_02_01_d00|s7_02_02_d00|s7_02_03_d00,,s7_02_03_d00|s7_02_03_d02,False,False,0.0,0.0,1.0,0.0,0.0,-0.5,1.0,False,0.15625,2.0,20.0,3
Negative Vector Baseline,tfidf_char,q_s7_02_03_00,legal compliance,s7_02_03,stale_policy,stale_policy_confusion,s7_02_00_d00|s7_02_02_d00|s7_02_01_d00,,,s7_02_03_d00|s7_02_03_d02,False,False,0.0,0.0,1.0,0.0,0.0,-0.5,1.0,False,0.0,2.0,12.0,3
Vanilla RAG,tfidf_char,q_s7_02_03_01,legal compliance,s7_02_03,noisy_forget_set,noisy_forget,s7_02_00_d00|s7_02_01_d00|s7_02_02_d00,,,s7_02_03_d00|s7_02_03_d02,False,False,0.0,0.0,1.0,0.0,0.0,-0.5,1.0,False,0.0,6.0,6.0,3
Positive-only RAG,tfidf_char,q_s7_02_03_01,legal compliance,s7_02_03,noisy_forget_set,noisy_forget,s7_02_00_d00|s7_02_01_d00|s7_02_02_d00,,,s7_02_03_d00|s7_02_03_d02,False,False,0.0,0.0,1.0,0.0,0.0,-0.5,1.0,False,0.0,2.0,17.0,3
Query Rewrite RAG,tfidf_char,q_s7_02_03_01,legal compliance,s7_02_03,noisy_forget_set,noisy_forget,s7_02_00_d00|s7_02_01_d00|s7_02_02_d00,,,s7_02_03_d00|s7_02_03_d02,False,False,0.0,0.0,1.0,0.0,0.0,-0.5,1.0,False,0.0,2.0,17.0,3
Keyword Blocklist,tfidf_char,q_s7_02_03_01,legal compliance,s7_02_03,noisy_forget_set,noisy_forget,s7_02_00_d00|s7_02_01_d00|s7_02_03_d00,s7_02_02_d00|s7_02_02_d02,,s7_02_03_d02,False,False,0.5,0.5,0.5,0.0,0.0,0.25,1.0,True,0.0625,6.0,6.0,3
Metadata Filter,tfidf_char,q_s7_02_03_01,legal compliance,s7_02_03,noisy_forget_set,noisy_forget,s7_02_00_d00|s7_02_01_d00|s7_02_02_d00,s7_02_00_d03|s7_02_01_d03,,s7_02_03_d00|s7_02_03_d02,False,False,0.0,0.0,1.0,1.0,0.0625,-0.5,1.0,False,0.0,6.0,6.0,3
GoodForget-RAG,tfidf_char,q_s7_02_03_01,legal compliance,s7_02_03,noisy_forget_set,noisy_forget,s7_02_00_d00|s7_02_01_d00|s7_02_02_d00,,,s7_02_03_d00|s7_02_03_d02,False,False,0.0,0.0,1.0,0.0,0.0,-0.5,1.0,False,0.0,6.0,21.0,3
GoodForget-RAG hard threshold,tfidf_char,q_s7_02_03_01,legal compliance,s7_02_03,noisy_forget_set,noisy_forget,s7_00_00_d00|s7_01_00_d00|s7_01_03_d00,s7_02_00_d00|s7_02_00_d02|s7_02_01_d00|s7_02_02_d00|s7_02_03_d00,,s7_02_03_d00|s7_02_03_d02,False,False,0.0,0.0,1.0,0.0,0.0,-0.5,1.0,False,0.15625,6.0,21.0,3
Negative Vector Baseline,tfidf_char,q_s7_02_03_01,legal compliance,s7_02_03,noisy_forget_set,noisy_forget,s7_02_00_d00|s7_02_01_d00|s7_02_02_d00,,,s7_02_03_d00|s7_02_03_d02,False,False,0.0,0.0,1.0,0.0,0.0,-0.5,1.0,False,0.0,6.0,13.0,3
Vanilla RAG,tfidf_char,q_s7_02_03_02,legal compliance,s7_02_03,incomplete_forget_set,incomplete_forget,s7_02_02_d00|s7_02_00_d00|s7_02_00_d01,,,s7_02_03_d00|s7_02_03_d02,False,False,0.0,0.0,1.0,0.0,0.0,-0.5,1.0,False,0.0,3.0,3.0,3
Positive-only RAG,tfidf_char,q_s7_02_03_02,legal compliance,s7_02_03,incomplete_forget_set,incomplete_forget,s7_02_00_d00|s7_02_01_d00|s7_02_02_d00,,,s7_02_03_d00|s7_02_03_d02,False,False,0.0,0.0,1.0,0.0,0.0,-0.5,1.0,False,0.0,2.0,17.0,3
Query Rewrite RAG,tfidf_char,q_s7_02_03_02,legal compliance,s7_02_03,incomplete_forget_set,incomplete_forget,s7_02_00_d00|s7_02_01_d00|s7_02_02_d00,,,s7_02_03_d00|s7_02_03_d02,False,False,0.0,0.0,1.0,0.0,0.0,-0.5,1.0,False,0.0,2.0,17.0,3
Keyword Blocklist,tfidf_char,q_s7_02_03_02,legal compliance,s7_02_03,incomplete_forget_set,incomplete_forget,s7_02_00_d00|s7_02_01_d00|s7_02_03_d00,s7_02_00_d01|s7_02_02_d00|s7_02_02_d01|s7_02_02_d02|s7_02_02_d03,,s7_02_03_d02,False,False,0.5,0.5,0.5,0.6,0.09375,0.25,1.0,True,0.0625,3.0,3.0,3
Metadata Filter,tfidf_char,q_s7_02_03_02,legal compliance,s7_02_03,incomplete_forget_set,incomplete_forget,s7_02_02_d00|s7_02_00_d00|s7_02_01_d00,s7_02_00_d01|s7_02_00_d03|s7_02_01_d03|s7_02_02_d01|s7_02_02_d03,,s7_02_03_d00|s7_02_03_d02,False,False,0.0,0.0,1.0,1.0,0.15625,-0.5,1.0,False,0.0,3.0,3.0,3
GoodForget-RAG,tfidf_char,q_s7_02_03_02,legal compliance,s7_02_03,incomplete_forget_set,incomplete_forget,s7_02_00_d00|s7_02_01_d00|s7_02_02_d00,,,s7_02_03_d00|s7_02_03_d02,False,False,0.0,0.0,1.0,0.0,0.0,-0.5,1.0,False,0.0,3.0,20.0,3
GoodForget-RAG hard threshold,tfidf_char,q_s7_02_03_02,legal compliance,s7_02_03,incomplete_forget_set,incomplete_forget,s7_00_00_d00|s7_01_00_d00|s7_01_02_d00,s7_02_00_d00|s7_02_00_d02|s7_02_01_d00|s7_02_02_d00|s7_02_03_d00,,s7_02_03_d00|s7_02_03_d02,False,False,0.0,0.0,1.0,0.0,0.0,-0.5,1.0,False,0.15625,3.0,20.0,3
Negative Vector Baseline,tfidf_char,q_s7_02_03_02,legal compliance,s7_02_03,incomplete_forget_set,incomplete_forget,s7_02_00_d00|s7_02_01_d00|s7_02_02_d00,,,s7_02_03_d00|s7_02_03_d02,False,False,0.0,0.0,1.0,0.0,0.0,-0.5,1.0,False,0.0,3.0,20.0,3
Vanilla RAG,tfidf_char,q_s7_03_00_00,cybersecurity procedures,s7_03_00,mixed_evidence,contrastive_attack,s7_03_00_d03|s7_03_00_d01|s7_03_01_d03,,s7_03_00_d01|s7_03_00_d03,s7_03_00_d00|s7_03_00_d02,True,True,0.0,0.0,1.0,0.0,0.0,-1.5,0.3333333333333333,False,0.0,1.0,1.0,3
Positive-only RAG,tfidf_char,q_s7_03_00_00,cybersecurity procedures,s7_03_00,mixed_evidence,contrastive_attack,s7_03_00_d00|s7_03_03_d00|s7_03_02_d00,,,s7_03_00_d02,False,False,0.5,0.5,0.5,0.0,0.0,0.25,1.0,True,0.0,2.0,9.0,3
Query Rewrite RAG,tfidf_char,q_s7_03_00_00,cybersecurity procedures,s7_03_00,mixed_evidence,contrastive_attack,s7_03_00_d00|s7_03_03_d00|s7_03_02_d00,,,s7_03_00_d02,False,False,0.5,0.5,0.5,0.0,0.0,0.25,1.0,True,0.0,2.0,9.0,3
Keyword Blocklist,tfidf_char,q_s7_03_00_00,cybersecurity procedures,s7_03_00,mixed_evidence,contrastive_attack,s7_03_00_d03|s7_03_01_d03|s7_03_03_d03,s7_03_00_d01,s7_03_00_d03,s7_03_00_d00|s7_03_00_d02,True,True,0.0,0.0,1.0,1.0,0.03125,-1.5,0.6666666666666666,False,0.0,1.0,1.0,3
Metadata Filter,tfidf_char,q_s7_03_00_00,cybersecurity procedures,s7_03_00,mixed_evidence,contrastive_attack,s7_03_00_d00|s7_03_00_d02|s7_03_02_d00,s7_03_00_d01|s7_03_00_d03|s7_03_01_d03|s7_03_02_d03|s7_03_03_d03,,,False,False,1.0,1.0,0.0,1.0,0.15625,1.0,1.0,True,0.0,1.0,1.0,3
GoodForget-RAG,tfidf_char,q_s7_03_00_00,cybersecurity procedures,s7_03_00,mixed_evidence,contrastive_attack,s7_03_03_d00|s7_03_02_d00|s7_03_01_d00,,,s7_03_00_d00|s7_03_00_d02,False,False,0.0,0.0,1.0,0.0,0.0,-0.5,1.0,False,0.0,1.0,10.0,3
GoodForget-RAG hard threshold,tfidf_char,q_s7_03_00_00,cybersecurity procedures,s7_03_00,mixed_evidence,contrastive_attack,s7_02_00_d00,s7_03_00_d00|s7_03_00_d02|s7_03_01_d00|s7_03_01_d02|s7_03_02_d00|s7_03_02_d02|s7_03_03_d00|s7_03_03_d02|s7_03_03_d03,,s7_03_00_d00|s7_03_00_d02,False,False,0.0,0.0,1.0,0.1111111111111111,0.03125,-0.5,1.0,False,0.25,1.0,10.0,1
Negative Vector Baseline,tfidf_char,q_s7_03_00_00,cybersecurity procedures,s7_03_00,mixed_evidence,contrastive_attack,s7_03_00_d00|s7_03_03_d00|s7_03_02_d00,,,s7_03_00_d02,False,False,0.5,0.5,0.5,0.0,0.0,0.25,1.0,True,0.0,1.0,9.0,3
Vanilla RAG,tfidf_char,q_s7_03_00_01,cybersecurity procedures,s7_03_00,mixed_evidence,indirect_attack,s7_03_01_d03|s7_03_00_d03|s7_03_03_d03,,s7_03_00_d03,s7_03_00_d00|s7_03_00_d02,True,True,0.0,0.0,1.0,0.0,0.0,-1.5,0.6666666666666666,False,0.0,1.0,1.0,3
Positive-only RAG,tfidf_char,q_s7_03_00_01,cybersecurity procedures,s7_03_00,mixed_evidence,indirect_attack,s7_03_00_d00|s7_03_03_d00|s7_03_02_d00,,,s7_03_00_d02,False,False,0.5,0.5,0.5,0.0,0.0,0.25,1.0,True,0.0,2.0,9.0,3
Query Rewrite RAG,tfidf_char,q_s7_03_00_01,cybersecurity procedures,s7_03_00,mixed_evidence,indirect_attack,s7_03_00_d00|s7_03_03_d00|s7_03_02_d00,,,s7_03_00_d02,False,False,0.5,0.5,0.5,0.0,0.0,0.25,1.0,True,0.0,2.0,9.0,3
Keyword Blocklist,tfidf_char,q_s7_03_00_01,cybersecurity procedures,s7_03_00,mixed_evidence,indirect_attack,s7_03_01_d03|s7_03_00_d03|s7_03_03_d03,s7_03_00_d01|s7_03_01_d01|s7_03_03_d01,s7_03_00_d03,s7_03_00_d00|s7_03_00_d02,True,True,0.0,0.0,1.0,1.0,0.09375,-1.5,0.6666666666666666,False,0.0,1.0,1.0,3
Metadata Filter,tfidf_char,q_s7_03_00_01,cybersecurity procedures,s7_03_00,mixed_evidence,indirect_attack,s7_03_01_d00|s7_03_01_d02|s7_03_00_d00,s7_03_00_d01|s7_03_00_d03|s7_03_01_d01|s7_03_01_d03|s7_03_02_d03|s7_03_03_d01|s7_03_03_d03,,s7_03_00_d02,False,False,0.5,0.5,0.5,1.0,0.21875,0.25,1.0,True,0.0,1.0,1.0,3
GoodForget-RAG,tfidf_char,q_s7_03_00_01,cybersecurity procedures,s7_03_00,mixed_evidence,indirect_attack,s7_03_03_d00|s7_03_01_d00|s7_03_02_d00,,,s7_03_00_d00|s7_03_00_d02,False,False,0.0,0.0,1.0,0.0,0.0,-0.5,1.0,False,0.0,1.0,21.0,3
GoodForget-RAG hard threshold,tfidf_char,q_s7_03_00_01,cybersecurity procedures,s7_03_00,mixed_evidence,indirect_attack,s7_02_00_d00|s7_02_01_d00|s7_00_00_d00,s7_03_00_d00|s7_03_01_d00|s7_03_01_d02|s7_03_02_d00|s7_03_02_d02|s7_03_03_d00|s7_03_03_d02,,s7_03_00_d00|s7_03_00_d02,False,False,0.0,0.0,1.0,0.0,0.0,-0.5,1.0,False,0.21875,1.0,21.0,3
Negative Vector Baseline,tfidf_char,q_s7_03_00_01,cybersecurity procedures,s7_03_00,mixed_evidence,indirect_attack,s7_03_03_d00|s7_03_01_d00|s7_03_02_d00,,,s7_03_00_d00|s7_03_00_d02,False,False,0.0,0.0,1.0,0.0,0.0,-0.5,1.0,False,0.0,1.0,11.0,3
Vanilla RAG,tfidf_char,q_s7_03_00_02,cybersecurity procedures,s7_03_00,stale_policy,stale_policy_confusion,s7_03_00_d00|s7_03_03_d00|s7_03_02_d00,,,s7_03_00_d02,False,False,0.5,0.5,0.5,0.0,0.0,0.25,1.0,True,0.0,4.0,4.0,3
Positive-only RAG,tfidf_char,q_s7_03_00_02,cybersecurity procedures,s7_03_00,stale_policy,stale_policy_confusion,s7_03_00_d00|s7_03_03_d00|s7_03_02_d00,,,s7_03_00_d02,False,False,0.5,0.5,0.5,0.0,0.0,0.25,1.0,True,0.0,2.0,9.0,3
Query Rewrite RAG,tfidf_char,q_s7_03_00_02,cybersecurity procedures,s7_03_00,stale_policy,stale_policy_confusion,s7_03_00_d00|s7_03_03_d00|s7_03_02_d00,,,s7_03_00_d02,False,False,0.5,0.5,0.5,0.0,0.0,0.25,1.0,True,0.0,2.0,9.0,3
Keyword Blocklist,tfidf_char,q_s7_03_00_02,cybersecurity procedures,s7_03_00,stale_policy,stale_policy_confusion,s7_03_00_d00|s7_03_03_d00|s7_03_02_d00,,,s7_03_00_d02,False,False,0.5,0.5,0.5,0.0,0.0,0.25,1.0,True,0.0,4.0,4.0,3
Metadata Filter,tfidf_char,q_s7_03_00_02,cybersecurity procedures,s7_03_00,stale_policy,stale_policy_confusion,s7_03_00_d00|s7_03_03_d00|s7_03_02_d00,s7_03_00_d03|s7_03_01_d03|s7_03_02_d03|s7_03_03_d03,,s7_03_00_d02,False,False,0.5,0.5,0.5,1.0,0.125,0.25,1.0,True,0.0,4.0,4.0,3
GoodForget-RAG,tfidf_char,q_s7_03_00_02,cybersecurity procedures,s7_03_00,stale_policy,stale_policy_confusion,s7_03_03_d00|s7_03_02_d00|s7_03_01_d00,,,s7_03_00_d00|s7_03_00_d02,False,False,0.0,0.0,1.0,0.0,0.0,-0.5,1.0,False,0.0,4.0,21.0,3
GoodForget-RAG hard threshold,tfidf_char,q_s7_03_00_02,cybersecurity procedures,s7_03_00,stale_policy,stale_policy_confusion,s7_02_00_d00|s7_00_00_d00|s7_02_02_d00,s7_03_00_d00|s7_03_01_d00|s7_03_02_d00|s7_03_03_d00|s7_03_03_d02,,s7_03_00_d00|s7_03_00_d02,False,False,0.0,0.0,1.0,0.0,0.0,-0.5,1.0,False,0.15625,4.0,21.0,3
Negative Vector Baseline,tfidf_char,q_s7_03_00_02,cybersecurity procedures,s7_03_00,stale_policy,stale_policy_confusion,s7_03_02_d00|s7_03_01_d00|s7_03_00_d00,,,s7_03_00_d02,False,False,0.5,0.5,0.5,0.0,0.0,0.25,1.0,True,0.0,4.0,17.0,3
Vanilla RAG,tfidf_char,q_s7_03_01_00,cybersecurity procedures,s7_03_01,near_duplicate,indirect_attack,s7_03_01_d03|s7_03_00_d03|s7_03_03_d03,,s7_03_01_d03,s7_03_01_d00|s7_03_01_d02,True,True,0.0,0.0,1.0,0.0,0.0,-1.5,0.6666666666666666,False,0.0,1.0,1.0,3
Positive-only RAG,tfidf_char,q_s7_03_01_00,cybersecurity procedures,s7_03_01,near_duplicate,indirect_attack,s7_03_00_d00|s7_03_03_d00|s7_03_02_d00,,,s7_03_01_d00|s7_03_01_d02,False,False,0.0,0.0,1.0,0.0,0.0,-0.5,1.0,False,0.0,2.0,9.0,3
Query Rewrite RAG,tfidf_char,q_s7_03_01_00,cybersecurity procedures,s7_03_01,near_duplicate,indirect_attack,s7_03_00_d00|s7_03_03_d00|s7_03_02_d00,,,s7_03_01_d00|s7_03_01_d02,False,False,0.0,0.0,1.0,0.0,0.0,-0.5,1.0,False,0.0,2.0,9.0,3
Keyword Blocklist,tfidf_char,q_s7_03_01_00,cybersecurity procedures,s7_03_01,near_duplicate,indirect_attack,s7_03_01_d03|s7_03_00_d03|s7_03_03_d03,s7_03_00_d01|s7_03_01_d01|s7_03_03_d01,s7_03_01_d03,s7_03_01_d00|s7_03_01_d02,True,True,0.0,0.0,1.0,1.0,0.09375,-1.5,0.6666666666666666,False,0.0,1.0,1.0,3
Metadata Filter,tfidf_char,q_s7_03_01_00,cybersecurity procedures,s7_03_01,near_duplicate,indirect_attack,s7_03_01_d00|s7_03_01_d02|s7_03_00_d00,s7_03_00_d01|s7_03_00_d03|s7_03_01_d01|s7_03_01_d03|s7_03_02_d03|s7_03_03_d01|s7_03_03_d03,,,False,False,1.0,1.0,0.0,1.0,0.21875,1.0,1.0,True,0.0,1.0,1.0,3
GoodForget-RAG,tfidf_char,q_s7_03_01_00,cybersecurity procedures,s7_03_01,near_duplicate,indirect_attack,s7_03_00_d00|s7_03_03_d00|s7_03_02_d00,,,s7_03_01_d00|s7_03_01_d02,False,False,0.0,0.0,1.0,0.0,0.0,-0.5,1.0,False,0.0,1.0,15.0,3
GoodForget-RAG hard threshold,tfidf_char,q_s7_03_01_00,cybersecurity procedures,s7_03_01,near_duplicate,indirect_attack,s7_02_00_d00|s7_00_00_d00|s7_01_00_d00,s7_03_00_d00|s7_03_00_d02|s7_03_01_d00|s7_03_02_d00|s7_03_02_d02|s7_03_03_d00|s7_03_03_d02,,s7_03_01_d00|s7_03_01_d02,False,False,0.0,0.0,1.0,0.0,0.0,-0.5,1.0,False,0.21875,1.0,15.0,3
Negative Vector Baseline,tfidf_char,q_s7_03_01_00,cybersecurity procedures,s7_03_01,near_duplicate,indirect_attack,s7_03_00_d00|s7_03_03_d00|s7_03_02_d00,,,s7_03_01_d00|s7_03_01_d02,False,False,0.0,0.0,1.0,0.0,0.0,-0.5,1.0,False,0.0,1.0,9.0,3
Vanilla RAG,tfidf_char,q_s7_03_01_01,cybersecurity procedures,s7_03_01,stale_policy,stale_policy_confusion,s7_03_00_d00|s7_03_03_d00|s7_03_02_d00,,,s7_03_01_d00|s7_03_01_d02,False,False,0.0,0.0,1.0,0.0,0.0,-0.5,1.0,False,0.0,4.0,4.0,3
Positive-only RAG,tfidf_char,q_s7_03_01_01,cybersecurity procedures,s7_03_01,stale_policy,stale_policy_confusion,s7_03_00_d00|s7_03_03_d00|s7_03_02_d00,,,s7_03_01_d00|s7_03_01_d02,False,False,0.0,0.0,1.0,0.0,0.0,-0.5,1.0,False,0.0,2.0,9.0,3
Query Rewrite RAG,tfidf_char,q_s7_03_01_01,cybersecurity procedures,s7_03_01,stale_policy,stale_policy_confusion,s7_03_00_d00|s7_03_03_d00|s7_03_02_d00,,,s7_03_01_d00|s7_03_01_d02,False,False,0.0,0.0,1.0,0.0,0.0,-0.5,1.0,False,0.0,2.0,9.0,3
Keyword Blocklist,tfidf_char,q_s7_03_01_01,cybersecurity procedures,s7_03_01,stale_policy,stale_policy_confusion,s7_03_00_d00|s7_03_03_d00|s7_03_02_d00,,,s7_03_01_d00|s7_03_01_d02,False,False,0.0,0.0,1.0,0.0,0.0,-0.5,1.0,False,0.0,4.0,4.0,3
Metadata Filter,tfidf_char,q_s7_03_01_01,cybersecurity procedures,s7_03_01,stale_policy,stale_policy_confusion,s7_03_00_d00|s7_03_03_d00|s7_03_02_d00,s7_03_00_d03|s7_03_01_d03|s7_03_02_d03|s7_03_03_d03,,s7_03_01_d00|s7_03_01_d02,False,False,0.0,0.0,1.0,1.0,0.125,-0.5,1.0,False,0.0,4.0,4.0,3
GoodForget-RAG,tfidf_char,q_s7_03_01_01,cybersecurity procedures,s7_03_01,stale_policy,stale_policy_confusion,s7_03_00_d00|s7_03_03_d00|s7_03_02_d00,,,s7_03_01_d00|s7_03_01_d02,False,False,0.0,0.0,1.0,0.0,0.0,-0.5,1.0,False,0.0,4.0,16.0,3
GoodForget-RAG hard threshold,tfidf_char,q_s7_03_01_01,cybersecurity procedures,s7_03_01,stale_policy,stale_policy_confusion,s7_02_00_d00|s7_00_00_d00|s7_02_01_d00,s7_03_00_d00|s7_03_00_d02|s7_03_01_d00|s7_03_02_d00|s7_03_02_d02|s7_03_03_d00|s7_03_03_d02,,s7_03_01_d00|s7_03_01_d02,False,False,0.0,0.0,1.0,0.0,0.0,-0.5,1.0,False,0.21875,4.0,16.0,3
Negative Vector Baseline,tfidf_char,q_s7_03_01_01,cybersecurity procedures,s7_03_01,stale_policy,stale_policy_confusion,s7_03_00_d00|s7_03_02_d00|s7_03_03_d00,,,s7_03_01_d00|s7_03_01_d02,False,False,0.0,0.0,1.0,0.0,0.0,-0.5,1.0,False,0.0,4.0,8.0,3
Vanilla RAG,tfidf_char,q_s7_03_01_02,cybersecurity procedures,s7_03_01,noisy_forget_set,noisy_forget,s7_03_00_d00|s7_03_02_d00|s7_03_01_d00,,,s7_03_01_d02,False,False,0.5,0.5,0.5,0.0,0.0,0.25,1.0,True,0.0,9.0,9.0,3
Positive-only RAG,tfidf_char,q_s7_03_01_02,cybersecurity procedures,s7_03_01,noisy_forget_set,noisy_forget,s7_03_00_d00|s7_03_03_d00|s7_03_02_d00,,,s7_03_01_d00|s7_03_01_d02,False,False,0.0,0.0,1.0,0.0,0.0,-0.5,1.0,False,0.0,2.0,9.0,3
Query Rewrite RAG,tfidf_char,q_s7_03_01_02,cybersecurity procedures,s7_03_01,noisy_forget_set,noisy_forget,s7_03_00_d00|s7_03_03_d00|s7_03_02_d00,,,s7_03_01_d00|s7_03_01_d02,False,False,0.0,0.0,1.0,0.0,0.0,-0.5,1.0,False,0.0,2.0,9.0,3
Keyword Blocklist,tfidf_char,q_s7_03_01_02,cybersecurity procedures,s7_03_01,noisy_forget_set,noisy_forget,s7_03_00_d00|s7_03_02_d00|s7_03_01_d00,,,s7_03_01_d02,False,False,0.5,0.5,0.5,0.0,0.0,0.25,1.0,True,0.0,9.0,9.0,3
Metadata Filter,tfidf_char,q_s7_03_01_02,cybersecurity procedures,s7_03_01,noisy_forget_set,noisy_forget,s7_03_00_d00|s7_03_02_d00|s7_03_01_d00,s7_03_01_d03|s7_03_03_d03,,s7_03_01_d02,False,False,0.5,0.5,0.5,1.0,0.0625,0.25,1.0,True,0.0,9.0,9.0,3
GoodForget-RAG,tfidf_char,q_s7_03_01_02,cybersecurity procedures,s7_03_01,noisy_forget_set,noisy_forget,s7_03_00_d00|s7_03_03_d00|s7_03_02_d00,,,s7_03_01_d00|s7_03_01_d02,False,False,0.0,0.0,1.0,0.0,0.0,-0.5,1.0,False,0.0,9.0,16.0,3
GoodForget-RAG hard threshold,tfidf_char,q_s7_03_01_02,cybersecurity procedures,s7_03_01,noisy_forget_set,noisy_forget,s7_02_00_d00|s7_00_00_d00|s7_01_00_d00,s7_03_00_d00|s7_03_00_d02|s7_03_01_d00|s7_03_02_d00|s7_03_02_d02|s7_03_03_d00|s7_03_03_d02,,s7_03_01_d00|s7_03_01_d02,False,False,0.0,0.0,1.0,0.0,0.0,-0.5,1.0,False,0.21875,9.0,16.0,3
Negative Vector Baseline,tfidf_char,q_s7_03_01_02,cybersecurity procedures,s7_03_01,noisy_forget_set,noisy_forget,s7_03_00_d00|s7_03_03_d00|s7_03_02_d00,,,s7_03_01_d00|s7_03_01_d02,False,False,0.0,0.0,1.0,0.0,0.0,-0.5,1.0,False,0.0,9.0,9.0,3
Vanilla RAG,tfidf_char,q_s7_03_02_00,cybersecurity procedures,s7_03_02,stale_policy,stale_policy_confusion,s7_03_00_d00|s7_03_03_d00|s7_03_02_d00,,,s7_03_02_d02,False,False,0.5,0.5,0.5,0.0,0.0,0.25,1.0,True,0.0,4.0,4.0,3
Positive-only RAG,tfidf_char,q_s7_03_02_00,cybersecurity procedures,s7_03_02,stale_policy,stale_policy_confusion,s7_03_00_d00|s7_03_03_d00|s7_03_02_d00,,,s7_03_02_d02,False,False,0.5,0.5,0.5,0.0,0.0,0.25,1.0,True,0.0,2.0,9.0,3
Query Rewrite RAG,tfidf_char,q_s7_03_02_00,cybersecurity procedures,s7_03_02,stale_policy,stale_policy_confusion,s7_03_00_d00|s7_03_03_d00|s7_03_02_d00,,,s7_03_02_d02,False,False,0.5,0.5,0.5,0.0,0.0,0.25,1.0,True,0.0,2.0,9.0,3
Keyword Blocklist,tfidf_char,q_s7_03_02_00,cybersecurity procedures,s7_03_02,stale_policy,stale_policy_confusion,s7_03_00_d00|s7_03_03_d00|s7_03_02_d00,,,s7_03_02_d02,False,False,0.5,0.5,0.5,0.0,0.0,0.25,1.0,True,0.0,4.0,4.0,3
Metadata Filter,tfidf_char,q_s7_03_02_00,cybersecurity procedures,s7_03_02,stale_policy,stale_policy_confusion,s7_03_00_d00|s7_03_03_d00|s7_03_02_d00,s7_03_00_d03|s7_03_01_d03|s7_03_02_d03|s7_03_03_d03,,s7_03_02_d02,False,False,0.5,0.5,0.5,1.0,0.125,0.25,1.0,True,0.0,4.0,4.0,3
GoodForget-RAG,tfidf_char,q_s7_03_02_00,cybersecurity procedures,s7_03_02,stale_policy,stale_policy_confusion,s7_03_00_d00|s7_03_03_d00|s7_03_01_d00,,,s7_03_02_d00|s7_03_02_d02,False,False,0.0,0.0,1.0,0.0,0.0,-0.5,1.0,False,0.0,4.0,16.0,3
GoodForget-RAG hard threshold,tfidf_char,q_s7_03_02_00,cybersecurity procedures,s7_03_02,stale_policy,stale_policy_confusion,s7_02_00_d00|s7_00_00_d00|s7_02_01_d00,s7_03_00_d00|s7_03_00_d02|s7_03_01_d00|s7_03_01_d02|s7_03_02_d00|s7_03_03_d00|s7_03_03_d02,,s7_03_02_d00|s7_03_02_d02,False,False,0.0,0.0,1.0,0.0,0.0,-0.5,1.0,False,0.21875,4.0,16.0,3
Negative Vector Baseline,tfidf_char,q_s7_03_02_00,cybersecurity procedures,s7_03_02,stale_policy,stale_policy_confusion,s7_03_00_d00|s7_03_01_d00|s7_03_03_d00,,,s7_03_02_d00|s7_03_02_d02,False,False,0.0,0.0,1.0,0.0,0.0,-0.5,1.0,False,0.0,4.0,8.0,3
Vanilla RAG,tfidf_char,q_s7_03_02_01,cybersecurity procedures,s7_03_02,noisy_forget_set,noisy_forget,s7_03_00_d00|s7_03_02_d00|s7_03_01_d00,,,s7_03_02_d02,False,False,0.5,0.5,0.5,0.0,0.0,0.25,1.0,True,0.0,9.0,9.0,3
Positive-only RAG,tfidf_char,q_s7_03_02_01,cybersecurity procedures,s7_03_02,noisy_forget_set,noisy_forget,s7_03_00_d00|s7_03_03_d00|s7_03_02_d00,,,s7_03_02_d02,False,False,0.5,0.5,0.5,0.0,0.0,0.25,1.0,True,0.0,2.0,9.0,3
Query Rewrite RAG,tfidf_char,q_s7_03_02_01,cybersecurity procedures,s7_03_02,noisy_forget_set,noisy_forget,s7_03_00_d00|s7_03_03_d00|s7_03_02_d00,,,s7_03_02_d02,False,False,0.5,0.5,0.5,0.0,0.0,0.25,1.0,True,0.0,2.0,9.0,3
Keyword Blocklist,tfidf_char,q_s7_03_02_01,cybersecurity procedures,s7_03_02,noisy_forget_set,noisy_forget,s7_03_00_d00|s7_03_02_d00|s7_03_01_d00,,,s7_03_02_d02,False,False,0.5,0.5,0.5,0.0,0.0,0.25,1.0,True,0.0,9.0,9.0,3
Metadata Filter,tfidf_char,q_s7_03_02_01,cybersecurity procedures,s7_03_02,noisy_forget_set,noisy_forget,s7_03_00_d00|s7_03_02_d00|s7_03_01_d00,s7_03_01_d03|s7_03_03_d03,,s7_03_02_d02,False,False,0.5,0.5,0.5,1.0,0.0625,0.25,1.0,True,0.0,9.0,9.0,3
GoodForget-RAG,tfidf_char,q_s7_03_02_01,cybersecurity procedures,s7_03_02,noisy_forget_set,noisy_forget,s7_03_00_d00|s7_03_03_d00|s7_03_01_d00,,,s7_03_02_d00|s7_03_02_d02,False,False,0.0,0.0,1.0,0.0,0.0,-0.5,1.0,False,0.0,9.0,16.0,3
GoodForget-RAG hard threshold,tfidf_char,q_s7_03_02_01,cybersecurity procedures,s7_03_02,noisy_forget_set,noisy_forget,s7_02_00_d00|s7_00_00_d00|s7_01_00_d00,s7_03_00_d00|s7_03_00_d02|s7_03_01_d00|s7_03_01_d02|s7_03_02_d00|s7_03_03_d00|s7_03_03_d02,,s7_03_02_d00|s7_03_02_d02,False,False,0.0,0.0,1.0,0.0,0.0,-0.5,1.0,False,0.21875,9.0,16.0,3
Negative Vector Baseline,tfidf_char,q_s7_03_02_01,cybersecurity procedures,s7_03_02,noisy_forget_set,noisy_forget,s7_03_00_d00|s7_03_03_d00|s7_03_01_d00,,,s7_03_02_d00|s7_03_02_d02,False,False,0.0,0.0,1.0,0.0,0.0,-0.5,1.0,False,0.0,9.0,9.0,3
Vanilla RAG,tfidf_char,q_s7_03_02_02,cybersecurity procedures,s7_03_02,incomplete_forget_set,incomplete_forget,s7_03_00_d00|s7_03_02_d00|s7_03_01_d00,,,s7_03_02_d02,False,False,0.5,0.5,0.5,0.0,0.0,0.25,1.0,True,0.0,5.0,5.0,3
Positive-only RAG,tfidf_char,q_s7_03_02_02,cybersecurity procedures,s7_03_02,incomplete_forget_set,incomplete_forget,s7_03_00_d00|s7_03_03_d00|s7_03_02_d00,,,s7_03_02_d02,False,False,0.5,0.5,0.5,0.0,0.0,0.25,1.0,True,0.0,2.0,9.0,3
Query Rewrite RAG,tfidf_char,q_s7_03_02_02,cybersecurity procedures,s7_03_02,incomplete_forget_set,incomplete_forget,s7_03_00_d00|s7_03_03_d00|s7_03_02_d00,,,s7_03_02_d02,False,False,0.5,0.5,0.5,0.0,0.0,0.25,1.0,True,0.0,2.0,9.0,3
Keyword Blocklist,tfidf_char,q_s7_03_02_02,cybersecurity procedures,s7_03_02,incomplete_forget_set,incomplete_forget,s7_03_00_d00|s7_03_02_d00|s7_03_01_d00,s7_03_00_d01,,s7_03_02_d02,False,False,0.5,0.5,0.5,1.0,0.03125,0.25,1.0,True,0.0,5.0,5.0,3
Metadata Filter,tfidf_char,q_s7_03_02_02,cybersecurity procedures,s7_03_02,incomplete_forget_set,incomplete_forget,s7_03_00_d00|s7_03_02_d00|s7_03_01_d00,s7_03_00_d01|s7_03_00_d03|s7_03_01_d03|s7_03_02_d03|s7_03_03_d03,,s7_03_02_d02,False,False,0.5,0.5,0.5,1.0,0.15625,0.25,1.0,True,0.0,5.0,5.0,3
GoodForget-RAG,tfidf_char,q_s7_03_02_02,cybersecurity procedures,s7_03_02,incomplete_forget_set,incomplete_forget,s7_03_00_d00|s7_03_03_d00|s7_03_01_d00,,,s7_03_02_d00|s7_03_02_d02,False,False,0.0,0.0,1.0,0.0,0.0,-0.5,1.0,False,0.0,5.0,19.0,3
GoodForget-RAG hard threshold,tfidf_char,q_s7_03_02_02,cybersecurity procedures,s7_03_02,incomplete_forget_set,incomplete_forget,s7_02_00_d00|s7_00_00_d00|s7_02_01_d00,s7_03_00_d00|s7_03_00_d02|s7_03_01_d00|s7_03_01_d02|s7_03_02_d00|s7_03_03_d00|s7_03_03_d02,,s7_03_02_d00|s7_03_02_d02,False,False,0.0,0.0,1.0,0.0,0.0,-0.5,1.0,False,0.21875,5.0,19.0,3
Negative Vector Baseline,tfidf_char,q_s7_03_02_02,cybersecurity procedures,s7_03_02,incomplete_forget_set,incomplete_forget,s7_03_00_d00|s7_03_03_d00|s7_03_01_d00,,,s7_03_02_d00|s7_03_02_d02,False,False,0.0,0.0,1.0,0.0,0.0,-0.5,1.0,False,0.0,5.0,19.0,3
Vanilla RAG,tfidf_char,q_s7_03_03_00,cybersecurity procedures,s7_03_03,noisy_forget_set,noisy_forget,s7_03_00_d00|s7_03_02_d00|s7_03_01_d00,,,s7_03_03_d00|s7_03_03_d02,False,False,0.0,0.0,1.0,0.0,0.0,-0.5,1.0,False,0.0,9.0,9.0,3
Positive-only RAG,tfidf_char,q_s7_03_03_00,cybersecurity procedures,s7_03_03,noisy_forget_set,noisy_forget,s7_03_00_d00|s7_03_03_d00|s7_03_02_d00,,,s7_03_03_d02,False,False,0.5,0.5,0.5,0.0,0.0,0.25,1.0,True,0.0,2.0,9.0,3
Query Rewrite RAG,tfidf_char,q_s7_03_03_00,cybersecurity procedures,s7_03_03,noisy_forget_set,noisy_forget,s7_03_00_d00|s7_03_03_d00|s7_03_02_d00,,,s7_03_03_d02,False,False,0.5,0.5,0.5,0.0,0.0,0.25,1.0,True,0.0,2.0,9.0,3
Keyword Blocklist,tfidf_char,q_s7_03_03_00,cybersecurity procedures,s7_03_03,noisy_forget_set,noisy_forget,s7_03_00_d00|s7_03_02_d00|s7_03_01_d00,,,s7_03_03_d00|s7_03_03_d02,False,False,0.0,0.0,1.0,0.0,0.0,-0.5,1.0,False,0.0,9.0,9.0,3
Metadata Filter,tfidf_char,q_s7_03_03_00,cybersecurity procedures,s7_03_03,noisy_forget_set,noisy_forget,s7_03_00_d00|s7_03_02_d00|s7_03_01_d00,s7_03_01_d03|s7_03_03_d03,,s7_03_03_d00|s7_03_03_d02,False,False,0.0,0.0,1.0,1.0,0.0625,-0.5,1.0,False,0.0,9.0,9.0,3
GoodForget-RAG,tfidf_char,q_s7_03_03_00,cybersecurity procedures,s7_03_03,noisy_forget_set,noisy_forget,s7_03_00_d00|s7_03_02_d00|s7_03_01_d00,,,s7_03_03_d00|s7_03_03_d02,False,False,0.0,0.0,1.0,0.0,0.0,-0.5,1.0,False,0.0,9.0,20.0,3
GoodForget-RAG hard threshold,tfidf_char,q_s7_03_03_00,cybersecurity procedures,s7_03_03,noisy_forget_set,noisy_forget,s7_02_00_d00|s7_02_01_d00|s7_00_00_d00,s7_03_00_d00|s7_03_00_d02|s7_03_01_d00|s7_03_01_d02|s7_03_02_d00|s7_03_02_d02|s7_03_03_d00,,s7_03_03_d00|s7_03_03_d02,False,False,0.0,0.0,1.0,0.0,0.0,-0.5,1.0,False,0.21875,9.0,20.0,3
Negative Vector Baseline,tfidf_char,q_s7_03_03_00,cybersecurity procedures,s7_03_03,noisy_forget_set,noisy_forget,s7_03_00_d00|s7_03_02_d00|s7_03_03_d00,,,s7_03_03_d02,False,False,0.5,0.5,0.5,0.0,0.0,0.25,1.0,True,0.0,9.0,9.0,3
Vanilla RAG,tfidf_char,q_s7_03_03_01,cybersecurity procedures,s7_03_03,incomplete_forget_set,incomplete_forget,s7_03_00_d00|s7_03_02_d00|s7_03_01_d00,,,s7_03_03_d00|s7_03_03_d02,False,False,0.0,0.0,1.0,0.0,0.0,-0.5,1.0,False,0.0,5.0,5.0,3
Positive-only RAG,tfidf_char,q_s7_03_03_01,cybersecurity procedures,s7_03_03,incomplete_forget_set,incomplete_forget,s7_03_00_d00|s7_03_03_d00|s7_03_02_d00,,,s7_03_03_d02,False,False,0.5,0.5,0.5,0.0,0.0,0.25,1.0,True,0.0,2.0,9.0,3
Query Rewrite RAG,tfidf_char,q_s7_03_03_01,cybersecurity procedures,s7_03_03,incomplete_forget_set,incomplete_forget,s7_03_00_d00|s7_03_03_d00|s7_03_02_d00,,,s7_03_03_d02,False,False,0.5,0.5,0.5,0.0,0.0,0.25,1.0,True,0.0,2.0,9.0,3
Keyword Blocklist,tfidf_char,q_s7_03_03_01,cybersecurity procedures,s7_03_03,incomplete_forget_set,incomplete_forget,s7_03_00_d00|s7_03_02_d00|s7_03_01_d00,s7_03_00_d01,,s7_03_03_d00|s7_03_03_d02,False,False,0.0,0.0,1.0,1.0,0.03125,-0.5,1.0,False,0.0,5.0,5.0,3
Metadata Filter,tfidf_char,q_s7_03_03_01,cybersecurity procedures,s7_03_03,incomplete_forget_set,incomplete_forget,s7_03_00_d00|s7_03_02_d00|s7_03_01_d00,s7_03_00_d01|s7_03_00_d03|s7_03_01_d03|s7_03_02_d03|s7_03_03_d03,,s7_03_03_d00|s7_03_03_d02,False,False,0.0,0.0,1.0,1.0,0.15625,-0.5,1.0,False,0.0,5.0,5.0,3
GoodForget-RAG,tfidf_char,q_s7_03_03_01,cybersecurity procedures,s7_03_03,incomplete_forget_set,incomplete_forget,s7_03_00_d00|s7_03_02_d00|s7_03_01_d00,,,s7_03_03_d00|s7_03_03_d02,False,False,0.0,0.0,1.0,0.0,0.0,-0.5,1.0,False,0.0,5.0,20.0,3
GoodForget-RAG hard threshold,tfidf_char,q_s7_03_03_01,cybersecurity procedures,s7_03_03,incomplete_forget_set,incomplete_forget,s7_02_00_d00|s7_00_00_d00|s7_02_01_d00,s7_03_00_d00|s7_03_00_d02|s7_03_01_d00|s7_03_01_d02|s7_03_02_d00|s7_03_02_d02|s7_03_03_d00,,s7_03_03_d00|s7_03_03_d02,False,False,0.0,0.0,1.0,0.0,0.0,-0.5,1.0,False,0.21875,5.0,20.0,3
Negative Vector Baseline,tfidf_char,q_s7_03_03_01,cybersecurity procedures,s7_03_03,incomplete_forget_set,incomplete_forget,s7_03_00_d00|s7_03_02_d00|s7_03_01_d00,,,s7_03_03_d00|s7_03_03_d02,False,False,0.0,0.0,1.0,0.0,0.0,-0.5,1.0,False,0.0,5.0,20.0,3
Vanilla RAG,tfidf_char,q_s7_03_03_02,cybersecurity procedures,s7_03_03,stale_policy,direct_negative,s7_03_03_d00|s7_03_00_d00|s7_03_03_d01,,s7_03_03_d01,s7_03_03_d02,True,True,0.5,0.5,0.5,0.0,0.0,-0.75,0.6666666666666666,True,0.0,3.0,3.0,3
Positive-only RAG,tfidf_char,q_s7_03_03_02,cybersecurity procedures,s7_03_03,stale_policy,direct_negative,s7_03_00_d00|s7_03_03_d00|s7_03_02_d00,,,s7_03_03_d02,False,False,0.5,0.5,0.5,0.0,0.0,0.25,1.0,True,0.0,2.0,9.0,3
Query Rewrite RAG,tfidf_char,q_s7_03_03_02,cybersecurity procedures,s7_03_03,stale_policy,direct_negative,s7_03_00_d00|s7_03_03_d00|s7_03_02_d00,,,s7_03_03_d02,False,False,0.5,0.5,0.5,0.0,0.0,0.25,1.0,True,0.0,2.0,9.0,3
Keyword Blocklist,tfidf_char,q_s7_03_03_02,cybersecurity procedures,s7_03_03,stale_policy,direct_negative,s7_03_03_d00|s7_03_00_d00|s7_03_02_d00,s7_03_03_d01,,s7_03_03_d02,False,False,0.5,0.5,0.5,1.0,0.03125,0.25,1.0,True,0.0,3.0,3.0,3
Metadata Filter,tfidf_char,q_s7_03_03_02,cybersecurity procedures,s7_03_03,stale_policy,direct_negative,s7_03_03_d00|s7_03_00_d00|s7_03_02_d00,s7_03_00_d03|s7_03_01_d03|s7_03_03_d01|s7_03_03_d03,,s7_03_03_d02,False,False,0.5,0.5,0.5,1.0,0.125,0.25,1.0,True,0.0,3.0,3.0,3
GoodForget-RAG,tfidf_char,q_s7_03_03_02,cybersecurity procedures,s7_03_03,stale_policy,direct_negative,s7_03_00_d00|s7_03_02_d00|s7_03_01_d00,,,s7_03_03_d00|s7_03_03_d02,False,False,0.0,0.0,1.0,0.0,0.0,-0.5,1.0,False,0.0,3.0,12.0,3
GoodForget-RAG hard threshold,tfidf_char,q_s7_03_03_02,cybersecurity procedures,s7_03_03,stale_policy,direct_negative,s7_02_00_d00|s7_00_00_d00,s7_03_00_d00|s7_03_00_d02|s7_03_01_d00|s7_03_01_d02|s7_03_02_d00|s7_03_02_d02|s7_03_03_d00|s7_03_03_d02,,s7_03_03_d00|s7_03_03_d02,False,False,0.0,0.0,1.0,0.0,0.0,-0.5,1.0,False,0.25,3.0,12.0,2
Negative Vector Baseline,tfidf_char,q_s7_03_03_02,cybersecurity procedures,s7_03_03,stale_policy,direct_negative,s7_03_00_d00|s7_03_03_d00|s7_03_02_d00,,,s7_03_03_d02,False,False,0.5,0.5,0.5,0.0,0.0,0.25,1.0,True,0.0,3.0,9.0,3
Vanilla RAG,lsa,q_s7_00_00_00,banking strategy,s7_00_00,literal,direct_negative,s7_00_00_d01|s7_00_00_d03|s7_00_01_d01,,s7_00_00_d01|s7_00_00_d03,s7_00_00_d00|s7_00_00_d02,True,True,0.0,0.0,1.0,0.0,0.0,-1.5,0.3333333333333333,False,0.0,1.0,1.0,3
Positive-only RAG,lsa,q_s7_00_00_00,banking strategy,s7_00_00,literal,direct_negative,s7_00_02_d00|s7_00_00_d00|s7_00_03_d00,,,s7_00_00_d02,False,False,0.5,0.5,0.5,0.0,0.0,0.25,1.0,True,0.0,2.0,9.0,3
Query Rewrite RAG,lsa,q_s7_00_00_00,banking strategy,s7_00_00,literal,direct_negative,s7_00_02_d00|s7_00_00_d00|s7_00_03_d00,,,s7_00_00_d02,False,False,0.5,0.5,0.5,0.0,0.0,0.25,1.0,True,0.0,2.0,9.0,3
Keyword Blocklist,lsa,q_s7_00_00_00,banking strategy,s7_00_00,literal,direct_negative,s7_00_00_d03|s7_00_03_d03|s7_00_00_d00,s7_00_00_d01|s7_00_01_d01|s7_00_02_d00|s7_00_02_d01|s7_00_02_d03,s7_00_00_d03,s7_00_00_d02,True,True,0.5,0.5,0.5,0.8,0.125,-0.75,0.6666666666666666,True,0.03125,1.0,1.0,3
Metadata Filter,lsa,q_s7_00_00_00,banking strategy,s7_00_00,literal,direct_negative,s7_00_00_d00|s7_00_02_d00|s7_00_01_d00,s7_00_00_d01|s7_00_00_d03|s7_00_01_d01|s7_00_02_d01|s7_00_02_d03|s7_00_03_d03,,s7_00_00_d02,False,False,0.5,0.5,0.5,1.0,0.1875,0.25,1.0,True,0.0,1.0,1.0,3
GoodForget-RAG,lsa,q_s7_00_00_00,banking strategy,s7_00_00,literal,direct_negative,s7_00_00_d00|s7_00_03_d00|s7_00_01_d00,,,s7_00_00_d02,False,False,0.5,0.5,0.5,0.0,0.0,0.25,1.0,True,0.0,1.0,17.0,3
GoodForget-RAG hard threshold,lsa,q_s7_00_00_00,banking strategy,s7_00_00,literal,direct_negative,s7_03_03_d00|s7_03_02_d00,s7_00_00_d00|s7_00_00_d02|s7_00_01_d00|s7_00_01_d02|s7_00_02_d00|s7_00_02_d02|s7_00_03_d00|s7_00_03_d02,,s7_00_00_d00|s7_00_00_d02,False,False,0.0,0.0,1.0,0.0,0.0,-0.5,1.0,False,0.25,1.0,17.0,2
Negative Vector Baseline,lsa,q_s7_00_00_00,banking strategy,s7_00_00,literal,direct_negative,s7_00_00_d00|s7_00_02_d00|s7_00_03_d00,,,s7_00_00_d02,False,False,0.5,0.5,0.5,0.0,0.0,0.25,1.0,True,0.0,1.0,9.0,3
Vanilla RAG,lsa,q_s7_00_00_01,banking strategy,s7_00_00,paraphrase,paraphrased_negative,s7_00_00_d01|s7_00_01_d01|s7_00_02_d01,,s7_00_00_d01,s7_00_00_d00|s7_00_00_d02,True,True,0.0,0.0,1.0,0.0,0.0,-1.5,0.6666666666666666,False,0.0,1.0,1.0,3
Positive-only RAG,lsa,q_s7_00_00_01,banking strategy,s7_00_00,paraphrase,paraphrased_negative,s7_00_02_d00|s7_00_00_d00|s7_00_03_d00,,,s7_00_00_d02,False,False,0.5,0.5,0.5,0.0,0.0,0.25,1.0,True,0.0,2.0,9.0,3
Query Rewrite RAG,lsa,q_s7_00_00_01,banking strategy,s7_00_00,paraphrase,paraphrased_negative,s7_00_02_d00|s7_00_00_d00|s7_00_03_d00,,,s7_00_00_d02,False,False,0.5,0.5,0.5,0.0,0.0,0.25,1.0,True,0.0,2.0,9.0,3
Keyword Blocklist,lsa,q_s7_00_00_01,banking strategy,s7_00_00,paraphrase,paraphrased_negative,s7_00_00_d00|s7_00_01_d00|s7_00_03_d00,s7_00_00_d01|s7_00_01_d01|s7_00_02_d00|s7_00_02_d01|s7_00_03_d01,,s7_00_00_d02,False,False,0.5,0.5,0.5,0.8,0.125,0.25,1.0,True,0.03125,1.0,1.0,3
Metadata Filter,lsa,q_s7_00_00_01,banking strategy,s7_00_00,paraphrase,paraphrased_negative,s7_00_00_d00|s7_00_02_d00|s7_00_01_d00,s7_00_00_d01|s7_00_00_d03|s7_00_01_d01|s7_00_02_d01|s7_00_03_d01,,s7_00_00_d02,False,False,0.5,0.5,0.5,1.0,0.15625,0.25,1.0,True,0.0,1.0,1.0,3
GoodForget-RAG,lsa,q_s7_00_00_01,banking strategy,s7_00_00,paraphrase,paraphrased_negative,s7_00_00_d00|s7_00_02_d00|s7_00_03_d00,,,s7_00_00_d02,False,False,0.5,0.5,0.5,0.0,0.0,0.25,1.0,True,0.0,1.0,21.0,3
GoodForget-RAG hard threshold,lsa,q_s7_00_00_01,banking strategy,s7_00_00,paraphrase,paraphrased_negative,s7_03_03_d00|s7_03_01_d00|s7_03_02_d00,s7_00_00_d00|s7_00_01_d00|s7_00_02_d00|s7_00_03_d00,,s7_00_00_d00|s7_00_00_d02,False,False,0.0,0.0,1.0,0.0,0.0,-0.5,1.0,False,0.125,1.0,21.0,3
Negative Vector Baseline,lsa,q_s7_00_00_01,banking strategy,s7_00_00,paraphrase,paraphrased_negative,s7_00_00_d00|s7_00_02_d00|s7_00_03_d00,,,s7_00_00_d02,False,False,0.5,0.5,0.5,0.0,0.0,0.25,1.0,True,0.0,1.0,21.0,3
Vanilla RAG,lsa,q_s7_00_00_02,banking strategy,s7_00_00,codeword,codeword_attack,s7_00_01_d03|s7_00_00_d03|s7_00_02_d03,,s7_00_00_d03,s7_00_00_d00|s7_00_00_d02,True,True,0.0,0.0,1.0,0.0,0.0,-1.5,0.6666666666666666,False,0.0,1.0,1.0,3
Positive-only RAG,lsa,q_s7_00_00_02,banking strategy,s7_00_00,codeword,codeword_attack,s7_00_02_d00|s7_00_00_d00|s7_00_03_d00,,,s7_00_00_d02,False,False,0.5,0.5,0.5,0.0,0.0,0.25,1.0,True,0.0,2.0,9.0,3
Query Rewrite RAG,lsa,q_s7_00_00_02,banking strategy,s7_00_00,codeword,codeword_attack,s7_00_02_d00|s7_00_00_d00|s7_00_03_d00,,,s7_00_00_d02,False,False,0.5,0.5,0.5,0.0,0.0,0.25,1.0,True,0.0,2.0,9.0,3
Keyword Blocklist,lsa,q_s7_00_00_02,banking strategy,s7_00_00,codeword,codeword_attack,s7_00_01_d03|s7_00_00_d03|s7_00_00_d02,s7_00_02_d00|s7_00_02_d02|s7_00_02_d03,s7_00_00_d03,s7_00_00_d00,True,True,0.5,0.5,0.5,0.3333333333333333,0.03125,-0.75,0.6666666666666666,True,0.0625,1.0,1.0,3
Metadata Filter,lsa,q_s7_00_00_02,banking strategy,s7_00_00,codeword,codeword_attack,s7_00_00_d02|s7_00_01_d02|s7_00_02_d02,s7_00_00_d03|s7_00_01_d03|s7_00_02_d03,,s7_00_00_d00,False,False,0.5,0.5,0.5,1.0,0.09375,0.25,1.0,True,0.0,1.0,1.0,3
GoodForget-RAG,lsa,q_s7_00_00_02,banking strategy,s7_00_00,codeword,codeword_attack,s7_00_03_d00|s7_00_01_d00|s7_00_02_d00,,,s7_00_00_d00|s7_00_00_d02,False,False,0.0,0.0,1.0,0.0,0.0,-0.5,1.0,False,0.0,1.0,17.0,3
GoodForget-RAG hard threshold,lsa,q_s7_00_00_02,banking strategy,s7_00_00,codeword,codeword_attack,s7_00_03_d00|s7_00_01_d00|s7_00_02_d00,,,s7_00_00_d00|s7_00_00_d02,False,False,0.0,0.0,1.0,0.0,0.0,-0.5,1.0,False,0.0,1.0,17.0,3
Negative Vector Baseline,lsa,q_s7_00_00_02,banking strategy,s7_00_00,codeword,codeword_attack,s7_00_03_d00|s7_00_02_d00|s7_00_01_d00,,,s7_00_00_d00|s7_00_00_d02,False,False,0.0,0.0,1.0,0.0,0.0,-0.5,1.0,False,0.0,1.0,11.0,3
Vanilla RAG,lsa,q_s7_00_01_00,banking strategy,s7_00_01,paraphrase,paraphrased_negative,s7_00_00_d01|s7_00_01_d01|s7_00_02_d01,,s7_00_01_d01,s7_00_01_d00|s7_00_01_d02,True,True,0.0,0.0,1.0,0.0,0.0,-1.5,0.6666666666666666,False,0.0,1.0,1.0,3
Positive-only RAG,lsa,q_s7_00_01_00,banking strategy,s7_00_01,paraphrase,paraphrased_negative,s7_00_02_d00|s7_00_00_d00|s7_00_03_d00,,,s7_00_01_d00|s7_00_01_d02,False,False,0.0,0.0,1.0,0.0,0.0,-0.5,1.0,False,0.0,2.0,9.0,3
Query Rewrite RAG,lsa,q_s7_00_01_00,banking strategy,s7_00_01,paraphrase,paraphrased_negative,s7_00_02_d00|s7_00_00_d00|s7_00_03_d00,,,s7_00_01_d00|s7_00_01_d02,False,False,0.0,0.0,1.0,0.0,0.0,-0.5,1.0,False,0.0,2.0,9.0,3
Keyword Blocklist,lsa,q_s7_00_01_00,banking strategy,s7_00_01,paraphrase,paraphrased_negative,s7_00_00_d00|s7_00_01_d00|s7_00_03_d00,s7_00_00_d01|s7_00_01_d01|s7_00_02_d00|s7_00_02_d01|s7_00_03_d01,,s7_00_01_d02,False,False,0.5,0.5,0.5,0.8,0.125,0.25,1.0,True,0.03125,1.0,1.0,3
Metadata Filter,lsa,q_s7_00_01_00,banking strategy,s7_00_01,paraphrase,paraphrased_negative,s7_00_00_d00|s7_00_02_d00|s7_00_01_d00,s7_00_00_d01|s7_00_00_d03|s7_00_01_d01|s7_00_02_d01|s7_00_03_d01,,s7_00_01_d02,False,False,0.5,0.5,0.5,1.0,0.15625,0.25,1.0,True,0.0,1.0,1.0,3
GoodForget-RAG,lsa,q_s7_00_01_00,banking strategy,s7_00_01,paraphrase,paraphrased_negative,s7_00_00_d00|s7_00_02_d00|s7_00_01_d00,,,s7_00_01_d02,False,False,0.5,0.5,0.5,0.0,0.0,0.25,1.0,True,0.0,1.0,17.0,3
GoodForget-RAG hard threshold,lsa,q_s7_00_01_00,banking strategy,s7_00_01,paraphrase,paraphrased_negative,s7_03_01_d00|s7_03_02_d00|s7_03_03_d00,s7_00_00_d00|s7_00_00_d02|s7_00_01_d00|s7_00_02_d00|s7_00_02_d02|s7_00_03_d00,,s7_00_01_d00|s7_00_01_d02,False,False,0.0,0.0,1.0,0.0,0.0,-0.5,1.0,False,0.1875,1.0,17.0,3
Negative Vector Baseline,lsa,q_s7_00_01_00,banking strategy,s7_00_01,paraphrase,paraphrased_negative,s7_00_00_d00|s7_00_02_d00|s7_00_01_d00,,,s7_00_01_d02,False,False,0.5,0.5,0.5,0.0,0.0,0.25,1.0,True,0.0,1.0,17.0,3
Vanilla RAG,lsa,q_s7_00_01_01,banking strategy,s7_00_01,codeword,codeword_attack,s7_00_01_d03|s7_00_01_d01|s7_00_00_d03,,s7_00_01_d01|s7_00_01_d03,s7_00_01_d00|s7_00_01_d02,True,True,0.0,0.0,1.0,0.0,0.0,-1.5,0.3333333333333333,False,0.0,1.0,1.0,3
Positive-only RAG,lsa,q_s7_00_01_01,banking strategy,s7_00_01,codeword,codeword_attack,s7_00_02_d00|s7_00_00_d00|s7_00_03_d00,,,s7_00_01_d00|s7_00_01_d02,False,False,0.0,0.0,1.0,0.0,0.0,-0.5,1.0,False,0.0,2.0,9.0,3
Query Rewrite RAG,lsa,q_s7_00_01_01,banking strategy,s7_00_01,codeword,codeword_attack,s7_00_02_d00|s7_00_00_d00|s7_00_03_d00,,,s7_00_01_d00|s7_00_01_d02,False,False,0.0,0.0,1.0,0.0,0.0,-0.5,1.0,False,0.0,2.0,9.0,3
Keyword Blocklist,lsa,q_s7_00_01_01,banking strategy,s7_00_01,codeword,codeword_attack,s7_00_01_d03|s7_00_00_d03|s7_00_01_d00,s7_00_01_d01|s7_00_02_d00|s7_00_02_d02|s7_00_02_d03,s7_00_01_d03,s7_00_01_d02,True,True,0.5,0.5,0.5,0.5,0.0625,-0.75,0.6666666666666666,True,0.0625,1.0,1.0,3
Metadata Filter,lsa,q_s7_00_01_01,banking strategy,s7_00_01,codeword,codeword_attack,s7_00_01_d00|s7_00_01_d02|s7_00_00_d00,s7_00_00_d03|s7_00_01_d01|s7_00_01_d03|s7_00_02_d03,,,False,False,1.0,1.0,0.0,1.0,0.125,1.0,1.0,True,0.0,1.0,1.0,3
GoodForget-RAG,lsa,q_s7_00_01_01,banking strategy,s7_00_01,codeword,codeword_attack,s7_00_00_d00|s7_00_02_d00|s7_00_03_d00,,,s7_00_01_d00|s7_00_01_d02,False,False,0.0,0.0,1.0,0.0,0.0,-0.5,1.0,False,0.0,1.0,9.0,3
GoodForget-RAG hard threshold,lsa,q_s7_00_01_01,banking strategy,s7_00_01,codeword,codeword_attack,s7_00_00_d00|s7_00_02_d00|s7_00_03_d00,,,s7_00_01_d00|s7_00_01_d02,False,False,0.0,0.0,1.0,0.0,0.0,-0.5,1.0,False,0.0,1.0,9.0,3
Negative Vector Baseline,lsa,q_s7_00_01_01,banking strategy,s7_00_01,codeword,codeword_attack,s7_00_00_d00|s7_00_02_d00|s7_00_03_d00,,,s7_00_01_d00|s7_00_01_d02,False,False,0.0,0.0,1.0,0.0,0.0,-0.5,1.0,False,0.0,1.0,9.0,3
Vanilla RAG,lsa,q_s7_00_01_02,banking strategy,s7_00_01,literal,contrastive_attack,s7_00_03_d01|s7_00_01_d01|s7_00_00_d03,,s7_00_01_d01,s7_00_01_d00|s7_00_01_d02,True,True,0.0,0.0,1.0,0.0,0.0,-1.5,0.6666666666666666,False,0.0,1.0,1.0,3
Positive-only RAG,lsa,q_s7_00_01_02,banking strategy,s7_00_01,literal,contrastive_attack,s7_00_02_d00|s7_00_00_d00|s7_00_03_d00,,,s7_00_01_d00|s7_00_01_d02,False,False,0.0,0.0,1.0,0.0,0.0,-0.5,1.0,False,0.0,2.0,9.0,3
Query Rewrite RAG,lsa,q_s7_00_01_02,banking strategy,s7_00_01,literal,contrastive_attack,s7_00_02_d00|s7_00_00_d00|s7_00_03_d00,,,s7_00_01_d00|s7_00_01_d02,False,False,0.0,0.0,1.0,0.0,0.0,-0.5,1.0,False,0.0,2.0,9.0,3
Keyword Blocklist,lsa,q_s7_00_01_02,banking strategy,s7_00_01,literal,contrastive_attack,s7_00_00_d03|s7_00_03_d03|s7_00_03_d00,s7_00_00_d01|s7_00_01_d01|s7_00_02_d00|s7_00_02_d01|s7_00_02_d03|s7_00_03_d01,,s7_00_01_d00|s7_00_01_d02,False,False,0.0,0.0,1.0,0.8333333333333334,0.15625,-0.5,1.0,False,0.03125,1.0,1.0,3
Metadata Filter,lsa,q_s7_00_01_02,banking strategy,s7_00_01,literal,contrastive_attack,s7_00_03_d00|s7_00_02_d00,s7_00_00_d01|s7_00_00_d03|s7_00_01_d01|s7_00_01_d03|s7_00_02_d01|s7_00_02_d03|s7_00_03_d01|s7_00_03_d03,,s7_00_01_d00|s7_00_01_d02,False,False,0.0,0.0,1.0,1.0,0.25,-0.5,1.0,False,0.0,1.0,1.0,2
GoodForget-RAG,lsa,q_s7_00_01_02,banking strategy,s7_00_01,literal,contrastive_attack,s7_00_00_d00|s7_00_02_d00|s7_00_03_d00,,,s7_00_01_d00|s7_00_01_d02,False,False,0.0,0.0,1.0,0.0,0.0,-0.5,1.0,False,0.0,1.0,9.0,3
GoodForget-RAG hard threshold,lsa,q_s7_00_01_02,banking strategy,s7_00_01,literal,contrastive_attack,,s7_00_00_d00|s7_00_00_d02|s7_00_00_d03|s7_00_01_d00|s7_00_01_d02|s7_00_02_d00|s7_00_02_d02|s7_00_03_d00|s7_00_03_d02|s7_00_03_d03,,s7_00_01_d00|s7_00_01_d02,False,False,0.0,0.0,1.0,0.2,0.0625,-0.5,1.0,False,0.25,1.0,9.0,0
Negative Vector Baseline,lsa,q_s7_00_01_02,banking strategy,s7_00_01,literal,contrastive_attack,s7_00_00_d00|s7_00_02_d00|s7_00_03_d00,,,s7_00_01_d00|s7_00_01_d02,False,False,0.0,0.0,1.0,0.0,0.0,-0.5,1.0,False,0.0,1.0,9.0,3
Vanilla RAG,lsa,q_s7_00_02_00,banking strategy,s7_00_02,codeword,codeword_attack,s7_00_02_d03|s7_00_01_d03|s7_00_00_d03,,s7_00_02_d03,s7_00_02_d00|s7_00_02_d02,True,True,0.0,0.0,1.0,0.0,0.0,-1.5,0.6666666666666666,False,0.0,1.0,1.0,3
Positive-only RAG,lsa,q_s7_00_02_00,banking strategy,s7_00_02,codeword,codeword_attack,s7_00_02_d00|s7_00_00_d00|s7_00_03_d00,,,s7_00_02_d02,False,False,0.5,0.5,0.5,0.0,0.0,0.25,1.0,True,0.0,2.0,9.0,3
Query Rewrite RAG,lsa,q_s7_00_02_00,banking strategy,s7_00_02,codeword,codeword_attack,s7_00_02_d00|s7_00_00_d00|s7_00_03_d00,,,s7_00_02_d02,False,False,0.5,0.5,0.5,0.0,0.0,0.25,1.0,True,0.0,2.0,9.0,3
Keyword Blocklist,lsa,q_s7_00_02_00,banking strategy,s7_00_02,codeword,codeword_attack,s7_00_01_d03|s7_00_00_d03|s7_00_00_d02,s7_00_02_d00|s7_00_02_d02|s7_00_02_d03,,s7_00_02_d00|s7_00_02_d02,False,False,0.0,0.0,1.0,0.3333333333333333,0.03125,-0.5,1.0,False,0.0625,1.0,1.0,3
Metadata Filter,lsa,q_s7_00_02_00,banking strategy,s7_00_02,codeword,codeword_attack,s7_00_00_d02|s7_00_02_d02|s7_00_01_d02,s7_00_00_d03|s7_00_01_d03|s7_00_02_d03,,s7_00_02_d00,False,False,0.5,0.5,0.5,1.0,0.09375,0.25,1.0,True,0.0,1.0,1.0,3
GoodForget-RAG,lsa,q_s7_00_02_00,banking strategy,s7_00_02,codeword,codeword_attack,s7_00_01_d00|s7_00_00_d00|s7_00_03_d00,,,s7_00_02_d00|s7_00_02_d02,False,False,0.0,0.0,1.0,0.0,0.0,-0.5,1.0,False,0.0,1.0,9.0,3
GoodForget-RAG hard threshold,lsa,q_s7_00_02_00,banking strategy,s7_00_02,codeword,codeword_attack,s7_00_01_d00|s7_00_00_d00|s7_00_03_d00,,,s7_00_02_d00|s7_00_02_d02,False,False,0.0,0.0,1.0,0.0,0.0,-0.5,1.0,False,0.0,1.0,9.0,3
Negative Vector Baseline,lsa,q_s7_00_02_00,banking strategy,s7_00_02,codeword,codeword_attack,s7_00_01_d00|s7_00_00_d00|s7_00_02_d00,,,s7_00_02_d02,False,False,0.5,0.5,0.5,0.0,0.0,0.25,1.0,True,0.0,1.0,9.0,3
Vanilla RAG,lsa,q_s7_00_02_01,banking strategy,s7_00_02,literal,contrastive_attack,s7_00_03_d01|s7_00_02_d01|s7_00_01_d01,,s7_00_02_d01,s7_00_02_d00|s7_00_02_d02,True,True,0.0,0.0,1.0,0.0,0.0,-1.5,0.6666666666666666,False,0.0,1.0,1.0,3
Positive-only RAG,lsa,q_s7_00_02_01,banking strategy,s7_00_02,literal,contrastive_attack,s7_00_02_d00|s7_00_00_d00|s7_00_03_d00,,,s7_00_02_d02,False,False,0.5,0.5,0.5,0.0,0.0,0.25,1.0,True,0.0,2.0,9.0,3
Query Rewrite RAG,lsa,q_s7_00_02_01,banking strategy,s7_00_02,literal,contrastive_attack,s7_00_02_d00|s7_00_00_d00|s7_00_03_d00,,,s7_00_02_d02,False,False,0.5,0.5,0.5,0.0,0.0,0.25,1.0,True,0.0,2.0,9.0,3
Keyword Blocklist,lsa,q_s7_00_02_01,banking strategy,s7_00_02,literal,contrastive_attack,s7_00_00_d03|s7_00_03_d03|s7_00_01_d03,s7_00_00_d01|s7_00_01_d01|s7_00_02_d00|s7_00_02_d01|s7_00_02_d03|s7_00_03_d01,,s7_00_02_d00|s7_00_02_d02,False,False,0.0,0.0,1.0,0.8333333333333334,0.15625,-0.5,1.0,False,0.03125,1.0,1.0,3
Metadata Filter,lsa,q_s7_00_02_01,banking strategy,s7_00_02,literal,contrastive_attack,s7_00_03_d00|s7_00_02_d00,s7_00_00_d01|s7_00_00_d03|s7_00_01_d01|s7_00_01_d03|s7_00_02_d01|s7_00_02_d03|s7_00_03_d01|s7_00_03_d03,,s7_00_02_d02,False,False,0.5,0.5,0.5,1.0,0.25,0.25,1.0,True,0.0,1.0,1.0,2
GoodForget-RAG,lsa,q_s7_00_02_01,banking strategy,s7_00_02,literal,contrastive_attack,s7_00_00_d00|s7_00_03_d00|s7_00_02_d00,,,s7_00_02_d02,False,False,0.5,0.5,0.5,0.0,0.0,0.25,1.0,True,0.0,1.0,9.0,3
GoodForget-RAG hard threshold,lsa,q_s7_00_02_01,banking strategy,s7_00_02,literal,contrastive_attack,,s7_00_00_d00|s7_00_00_d02|s7_00_00_d03|s7_00_01_d00|s7_00_01_d02|s7_00_02_d00|s7_00_02_d02|s7_00_03_d00|s7_00_03_d02|s7_00_03_d03,,s7_00_02_d00|s7_00_02_d02,False,False,0.0,0.0,1.0,0.2,0.0625,-0.5,1.0,False,0.25,1.0,9.0,0
Negative Vector Baseline,lsa,q_s7_00_02_01,banking strategy,s7_00_02,literal,contrastive_attack,s7_00_03_d00|s7_00_00_d00|s7_00_01_d00,,,s7_00_02_d00|s7_00_02_d02,False,False,0.0,0.0,1.0,0.0,0.0,-0.5,1.0,False,0.0,1.0,8.0,3
Vanilla RAG,lsa,q_s7_00_02_02,banking strategy,s7_00_02,paraphrase,indirect_attack,s7_00_00_d01|s7_00_01_d01|s7_00_03_d01,,,s7_00_02_d00|s7_00_02_d02,False,False,0.0,0.0,1.0,0.0,0.0,-0.5,1.0,False,0.0,1.0,1.0,3
Positive-only RAG,lsa,q_s7_00_02_02,banking strategy,s7_00_02,paraphrase,indirect_attack,s7_00_02_d00|s7_00_00_d00|s7_00_03_d00,,,s7_00_02_d02,False,False,0.5,0.5,0.5,0.0,0.0,0.25,1.0,True,0.0,2.0,9.0,3
Query Rewrite RAG,lsa,q_s7_00_02_02,banking strategy,s7_00_02,paraphrase,indirect_attack,s7_00_02_d00|s7_00_00_d00|s7_00_03_d00,,,s7_00_02_d02,False,False,0.5,0.5,0.5,0.0,0.0,0.25,1.0,True,0.0,2.0,9.0,3
Keyword Blocklist,lsa,q_s7_00_02_02,banking strategy,s7_00_02,paraphrase,indirect_attack,s7_00_00_d03|s7_00_03_d03|s7_00_01_d03,s7_00_00_d01|s7_00_01_d01|s7_00_02_d01|s7_00_02_d03|s7_00_03_d01,,s7_00_02_d00|s7_00_02_d02,False,False,0.0,0.0,1.0,1.0,0.15625,-0.5,1.0,False,0.0,1.0,1.0,3
Metadata Filter,lsa,q_s7_00_02_02,banking strategy,s7_00_02,paraphrase,indirect_attack,s7_00_03_d00|s7_00_00_d00,s7_00_00_d01|s7_00_00_d03|s7_00_01_d01|s7_00_01_d03|s7_00_02_d01|s7_00_02_d03|s7_00_03_d01|s7_00_03_d03,,s7_00_02_d00|s7_00_02_d02,False,False,0.0,0.0,1.0,1.0,0.25,-0.5,1.0,False,0.0,1.0,1.0,2
GoodForget-RAG,lsa,q_s7_00_02_02,banking strategy,s7_00_02,paraphrase,indirect_attack,s7_00_00_d00|s7_00_01_d00|s7_00_02_d00,,,s7_00_02_d02,False,False,0.5,0.5,0.5,0.0,0.0,0.25,1.0,True,0.0,1.0,21.0,3
GoodForget-RAG hard threshold,lsa,q_s7_00_02_02,banking strategy,s7_00_02,paraphrase,indirect_attack,s7_03_03_d00|s7_03_02_d00|s7_03_00_d00,s7_00_00_d00|s7_00_01_d00|s7_00_02_d00|s7_00_03_d00,,s7_00_02_d00|s7_00_02_d02,False,False,0.0,0.0,1.0,0.0,0.0,-0.5,1.0,False,0.125,1.0,21.0,3
Negative Vector Baseline,lsa,q_s7_00_02_02,banking strategy,s7_00_02,paraphrase,indirect_attack,s7_00_00_d00|s7_00_01_d00|s7_00_03_d00,,,s7_00_02_d00|s7_00_02_d02,False,False,0.0,0.0,1.0,0.0,0.0,-0.5,1.0,False,0.0,1.0,9.0,3
Vanilla RAG,lsa,q_s7_00_03_00,banking strategy,s7_00_03,literal,contrastive_attack,s7_00_03_d01|s7_00_01_d01|s7_00_02_d01,,s7_00_03_d01,s7_00_03_d00|s7_00_03_d02,True,True,0.0,0.0,1.0,0.0,0.0,-1.5,0.6666666666666666,False,0.0,1.0,1.0,3
Positive-only RAG,lsa,q_s7_00_03_00,banking strategy,s7_00_03,literal,contrastive_attack,s7_00_02_d00|s7_00_00_d00|s7_00_03_d00,,,s7_00_03_d02,False,False,0.5,0.5,0.5,0.0,0.0,0.25,1.0,True,0.0,2.0,9.0,3
Query Rewrite RAG,lsa,q_s7_00_03_00,banking strategy,s7_00_03,literal,contrastive_attack,s7_00_02_d00|s7_00_00_d00|s7_00_03_d00,,,s7_00_03_d02,False,False,0.5,0.5,0.5,0.0,0.0,0.25,1.0,True,0.0,2.0,9.0,3
Keyword Blocklist,lsa,q_s7_00_03_00,banking strategy,s7_00_03,literal,contrastive_attack,s7_00_00_d03|s7_00_03_d03|s7_00_03_d00,s7_00_00_d01|s7_00_01_d01|s7_00_02_d00|s7_00_02_d01|s7_00_02_d03|s7_00_03_d01,s7_00_03_d03,s7_00_03_d02,True,True,0.5,0.5,0.5,0.8333333333333334,0.15625,-0.75,0.6666666666666666,True,0.03125,1.0,1.0,3
Metadata Filter,lsa,q_s7_00_03_00,banking strategy,s7_00_03,literal,contrastive_attack,s7_00_03_d00|s7_00_02_d00|s7_00_01_d00,s7_00_00_d01|s7_00_00_d03|s7_00_01_d01|s7_00_02_d01|s7_00_02_d03|s7_00_03_d01|s7_00_03_d03,,s7_00_03_d02,False,False,0.5,0.5,0.5,1.0,0.21875,0.25,1.0,True,0.0,1.0,1.0,3
GoodForget-RAG,lsa,q_s7_00_03_00,banking strategy,s7_00_03,literal,contrastive_attack,s7_00_00_d00|s7_00_02_d00|s7_00_01_d00,,,s7_00_03_d00|s7_00_03_d02,False,False,0.0,0.0,1.0,0.0,0.0,-0.5,1.0,False,0.0,1.0,9.0,3
GoodForget-RAG hard threshold,lsa,q_s7_00_03_00,banking strategy,s7_00_03,literal,contrastive_attack,,s7_00_00_d00|s7_00_00_d02|s7_00_00_d03|s7_00_01_d00|s7_00_01_d02|s7_00_02_d00|s7_00_02_d02|s7_00_03_d00|s7_00_03_d02|s7_00_03_d03,,s7_00_03_d00|s7_00_03_d02,False,False,0.0,0.0,1.0,0.2,0.0625,-0.5,1.0,False,0.25,1.0,9.0,0
Negative Vector Baseline,lsa,q_s7_00_03_00,banking strategy,s7_00_03,literal,contrastive_attack,s7_00_02_d00|s7_00_00_d00|s7_00_01_d00,,,s7_00_03_d00|s7_00_03_d02,False,False,0.0,0.0,1.0,0.0,0.0,-0.5,1.0,False,0.0,1.0,9.0,3
Vanilla RAG,lsa,q_s7_00_03_01,banking strategy,s7_00_03,paraphrase,indirect_attack,s7_00_00_d01|s7_00_01_d01|s7_00_03_d01,,s7_00_03_d01,s7_00_03_d00|s7_00_03_d02,True,True,0.0,0.0,1.0,0.0,0.0,-1.5,0.6666666666666666,False,0.0,1.0,1.0,3
Positive-only RAG,lsa,q_s7_00_03_01,banking strategy,s7_00_03,paraphrase,indirect_attack,s7_00_02_d00|s7_00_00_d00|s7_00_03_d00,,,s7_00_03_d02,False,False,0.5,0.5,0.5,0.0,0.0,0.25,1.0,True,0.0,2.0,9.0,3
Query Rewrite RAG,lsa,q_s7_00_03_01,banking strategy,s7_00_03,paraphrase,indirect_attack,s7_00_02_d00|s7_00_00_d00|s7_00_03_d00,,,s7_00_03_d02,False,False,0.5,0.5,0.5,0.0,0.0,0.25,1.0,True,0.0,2.0,9.0,3
Keyword Blocklist,lsa,q_s7_00_03_01,banking strategy,s7_00_03,paraphrase,indirect_attack,s7_00_00_d03|s7_00_03_d03|s7_00_01_d03,s7_00_00_d01|s7_00_01_d01|s7_00_02_d01|s7_00_02_d03|s7_00_03_d01,s7_00_03_d03,s7_00_03_d00|s7_00_03_d02,True,True,0.0,0.0,1.0,1.0,0.15625,-1.5,0.6666666666666666,False,0.0,1.0,1.0,3
Metadata Filter,lsa,q_s7_00_03_01,banking strategy,s7_00_03,paraphrase,indirect_attack,s7_00_03_d00|s7_00_00_d00,s7_00_00_d01|s7_00_00_d03|s7_00_01_d01|s7_00_01_d03|s7_00_02_d01|s7_00_02_d03|s7_00_03_d01|s7_00_03_d03,,s7_00_03_d02,False,False,0.5,0.5,0.5,1.0,0.25,0.25,1.0,True,0.0,1.0,1.0,2
GoodForget-RAG,lsa,q_s7_00_03_01,banking strategy,s7_00_03,paraphrase,indirect_attack,s7_00_00_d00|s7_00_02_d00|s7_00_01_d00,,,s7_00_03_d00|s7_00_03_d02,False,False,0.0,0.0,1.0,0.0,0.0,-0.5,1.0,False,0.0,1.0,9.0,3
GoodForget-RAG hard threshold,lsa,q_s7_00_03_01,banking strategy,s7_00_03,paraphrase,indirect_attack,s7_03_01_d00,s7_00_00_d00|s7_00_00_d02|s7_00_00_d03|s7_00_01_d00|s7_00_01_d02|s7_00_02_d00|s7_00_02_d02|s7_00_03_d00|s7_00_03_d02,,s7_00_03_d00|s7_00_03_d02,False,False,0.0,0.0,1.0,0.1111111111111111,0.03125,-0.5,1.0,False,0.25,1.0,9.0,1
Negative Vector Baseline,lsa,q_s7_00_03_01,banking strategy,s7_00_03,paraphrase,indirect_attack,s7_00_00_d00|s7_00_02_d00|s7_00_01_d00,,,s7_00_03_d00|s7_00_03_d02,False,False,0.0,0.0,1.0,0.0,0.0,-0.5,1.0,False,0.0,1.0,9.0,3
Vanilla RAG,lsa,q_s7_00_03_02,banking strategy,s7_00_03,stale_policy,stale_policy_confusion,s7_00_00_d03|s7_00_01_d00|s7_00_02_d00,,,s7_00_03_d00|s7_00_03_d02,False,False,0.0,0.0,1.0,0.0,0.0,-0.5,1.0,False,0.0,1.0,1.0,3
Positive-only RAG,lsa,q_s7_00_03_02,banking strategy,s7_00_03,stale_policy,stale_policy_confusion,s7_00_02_d00|s7_00_00_d00|s7_00_03_d00,,,s7_00_03_d02,False,False,0.5,0.5,0.5,0.0,0.0,0.25,1.0,True,0.0,2.0,9.0,3
Query Rewrite RAG,lsa,q_s7_00_03_02,banking strategy,s7_00_03,stale_policy,stale_policy_confusion,s7_00_02_d00|s7_00_00_d00|s7_00_03_d00,,,s7_00_03_d02,False,False,0.5,0.5,0.5,0.0,0.0,0.25,1.0,True,0.0,2.0,9.0,3
Keyword Blocklist,lsa,q_s7_00_03_02,banking strategy,s7_00_03,stale_policy,stale_policy_confusion,s7_00_00_d03|s7_00_01_d00|s7_00_00_d00,s7_00_00_d01|s7_00_01_d01|s7_00_02_d00|s7_00_02_d03,,s7_00_03_d00|s7_00_03_d02,False,False,0.0,0.0,1.0,0.75,0.09375,-0.5,1.0,False,0.03125,1.0,1.0,3
Metadata Filter,lsa,q_s7_00_03_02,banking strategy,s7_00_03,stale_policy,stale_policy_confusion,s7_00_01_d00|s7_00_02_d00|s7_00_00_d00,s7_00_00_d01|s7_00_00_d03|s7_00_01_d01|s7_00_01_d03|s7_00_02_d03|s7_00_03_d03,,s7_00_03_d00|s7_00_03_d02,False,False,0.0,0.0,1.0,1.0,0.1875,-0.5,1.0,False,0.0,1.0,1.0,3
GoodForget-RAG,lsa,q_s7_00_03_02,banking strategy,s7_00_03,stale_policy,stale_policy_confusion,s7_00_00_d00|s7_00_02_d00|s7_00_01_d00,,,s7_00_03_d00|s7_00_03_d02,False,False,0.0,0.0,1.0,0.0,0.0,-0.5,1.0,False,0.0,1.0,13.0,3
GoodForget-RAG hard threshold,lsa,q_s7_00_03_02,banking strategy,s7_00_03,stale_policy,stale_policy_confusion,s7_02_02_d00|s7_02_00_d00|s7_02_01_d00,s7_00_00_d00|s7_00_00_d02|s7_00_01_d00|s7_00_02_d00|s7_00_02_d02|s7_00_03_d00,,s7_00_03_d00|s7_00_03_d02,False,False,0.0,0.0,1.0,0.0,0.0,-0.5,1.0,False,0.1875,1.0,13.0,3
Negative Vector Baseline,lsa,q_s7_00_03_02,banking strategy,s7_00_03,stale_policy,stale_policy_confusion,s7_00_00_d00|s7_00_02_d00|s7_00_01_d00,,,s7_00_03_d00|s7_00_03_d02,False,False,0.0,0.0,1.0,0.0,0.0,-0.5,1.0,False,0.0,1.0,9.0,3
Vanilla RAG,lsa,q_s7_01_00_00,healthcare policy,s7_01_00,mixed_evidence,paraphrased_negative,s7_01_02_d01|s7_01_03_d01|s7_01_00_d01,,s7_01_00_d01,s7_01_00_d00|s7_01_00_d02,True,True,0.0,0.0,1.0,0.0,0.0,-1.5,0.6666666666666666,False,0.0,1.0,1.0,3
Positive-only RAG,lsa,q_s7_01_00_00,healthcare policy,s7_01_00,mixed_evidence,paraphrased_negative,s7_01_00_d00|s7_01_02_d00|s7_01_03_d00,,,s7_01_00_d02,False,False,0.5,0.5,0.5,0.0,0.0,0.25,1.0,True,0.0,2.0,9.0,3
Query Rewrite RAG,lsa,q_s7_01_00_00,healthcare policy,s7_01_00,mixed_evidence,paraphrased_negative,s7_01_00_d00|s7_01_02_d00|s7_01_03_d00,,,s7_01_00_d02,False,False,0.5,0.5,0.5,0.0,0.0,0.25,1.0,True,0.0,2.0,9.0,3
Keyword Blocklist,lsa,q_s7_01_00_00,healthcare policy,s7_01_00,mixed_evidence,paraphrased_negative,s7_01_02_d00|s7_01_03_d00|s7_01_01_d00,s7_00_00_d01|s7_01_00_d01|s7_01_01_d01|s7_01_02_d01|s7_01_03_d01,,s7_01_00_d00|s7_01_00_d02,False,False,0.0,0.0,1.0,1.0,0.15625,-0.5,1.0,False,0.0,1.0,1.0,3
Metadata Filter,lsa,q_s7_01_00_00,healthcare policy,s7_01_00,mixed_evidence,paraphrased_negative,s7_01_02_d00|s7_01_03_d00|s7_01_01_d00,s7_00_00_d01|s7_01_00_d01|s7_01_01_d01|s7_01_02_d01|s7_01_03_d01|s7_01_03_d03,,s7_01_00_d00|s7_01_00_d02,False,False,0.0,0.0,1.0,1.0,0.1875,-0.5,1.0,False,0.0,1.0,1.0,3
GoodForget-RAG,lsa,q_s7_01_00_00,healthcare policy,s7_01_00,mixed_evidence,paraphrased_negative,s7_01_03_d00|s7_01_01_d00|s7_01_02_d00,,,s7_01_00_d00|s7_01_00_d02,False,False,0.0,0.0,1.0,0.0,0.0,-0.5,1.0,False,0.0,1.0,33.0,3
GoodForget-RAG hard threshold,lsa,q_s7_01_00_00,healthcare policy,s7_01_00,mixed_evidence,paraphrased_negative,s7_02_03_d00|s7_02_02_d00|s7_02_01_d00,s7_01_00_d00|s7_01_01_d00|s7_01_02_d00|s7_01_03_d00,,s7_01_00_d00|s7_01_00_d02,False,False,0.0,0.0,1.0,0.0,0.0,-0.5,1.0,False,0.125,1.0,33.0,3
Negative Vector Baseline,lsa,q_s7_01_00_00,healthcare policy,s7_01_00,mixed_evidence,paraphrased_negative,s7_01_03_d00|s7_01_01_d00|s7_01_02_d00,,,s7_01_00_d00|s7_01_00_d02,False,False,0.0,0.0,1.0,0.0,0.0,-0.5,1.0,False,0.0,1.0,33.0,3
Vanilla RAG,lsa,q_s7_01_00_01,healthcare policy,s7_01_00,codeword,codeword_attack,s7_01_00_d03|s7_01_00_d01|s7_01_00_d00,,s7_01_00_d01|s7_01_00_d03,s7_01_00_d02,True,True,0.5,0.5,0.5,0.0,0.0,-0.75,0.3333333333333333,True,0.0,1.0,1.0,3
Positive-only RAG,lsa,q_s7_01_00_01,healthcare policy,s7_01_00,codeword,codeword_attack,s7_01_00_d00|s7_01_02_d00|s7_01_03_d00,,,s7_01_00_d02,False,False,0.5,0.5,0.5,0.0,0.0,0.25,1.0,True,0.0,2.0,9.0,3
Query Rewrite RAG,lsa,q_s7_01_00_01,healthcare policy,s7_01_00,codeword,codeword_attack,s7_01_00_d00|s7_01_02_d00|s7_01_03_d00,,,s7_01_00_d02,False,False,0.5,0.5,0.5,0.0,0.0,0.25,1.0,True,0.0,2.0,9.0,3
Keyword Blocklist,lsa,q_s7_01_00_01,healthcare policy,s7_01_00,codeword,codeword_attack,s7_01_00_d03|s7_01_00_d00|s7_01_03_d00,s7_01_00_d01,s7_01_00_d03,s7_01_00_d02,True,True,0.5,0.5,0.5,1.0,0.03125,-0.75,0.6666666666666666,True,0.0,1.0,1.0,3
Metadata Filter,lsa,q_s7_01_00_01,healthcare policy,s7_01_00,codeword,codeword_attack,s7_01_00_d00|s7_01_03_d00|s7_01_01_d00,s7_01_00_d01|s7_01_00_d03|s7_01_01_d03,,s7_01_00_d02,False,False,0.5,0.5,0.5,1.0,0.09375,0.25,1.0,True,0.0,1.0,1.0,3
GoodForget-RAG,lsa,q_s7_01_00_01,healthcare policy,s7_01_00,codeword,codeword_attack,s7_01_03_d00|s7_01_01_d00|s7_01_02_d00,,,s7_01_00_d00|s7_01_00_d02,False,False,0.0,0.0,1.0,0.0,0.0,-0.5,1.0,False,0.0,1.0,9.0,3
GoodForget-RAG hard threshold,lsa,q_s7_01_00_01,healthcare policy,s7_01_00,codeword,codeword_attack,s7_01_03_d00|s7_01_01_d00|s7_01_02_d00,,,s7_01_00_d00|s7_01_00_d02,False,False,0.0,0.0,1.0,0.0,0.0,-0.5,1.0,False,0.0,1.0,9.0,3
Negative Vector Baseline,lsa,q_s7_01_00_01,healthcare policy,s7_01_00,codeword,codeword_attack,s7_01_03_d00|s7_01_01_d00|s7_01_02_d00,,,s7_01_00_d00|s7_01_00_d02,False,False,0.0,0.0,1.0,0.0,0.0,-0.5,1.0,False,0.0,1.0,9.0,3
Vanilla RAG,lsa,q_s7_01_00_02,healthcare policy,s7_01_00,mixed_evidence,contrastive_attack,s7_01_02_d03|s7_01_03_d03|s7_01_01_d03,,,s7_01_00_d00|s7_01_00_d02,False,False,0.0,0.0,1.0,0.0,0.0,-0.5,1.0,False,0.0,1.0,1.0,3
Positive-only RAG,lsa,q_s7_01_00_02,healthcare policy,s7_01_00,mixed_evidence,contrastive_attack,s7_01_00_d00|s7_01_02_d00|s7_01_03_d00,,,s7_01_00_d02,False,False,0.5,0.5,0.5,0.0,0.0,0.25,1.0,True,0.0,2.0,9.0,3
Query Rewrite RAG,lsa,q_s7_01_00_02,healthcare policy,s7_01_00,mixed_evidence,contrastive_attack,s7_01_00_d00|s7_01_02_d00|s7_01_03_d00,,,s7_01_00_d02,False,False,0.5,0.5,0.5,0.0,0.0,0.25,1.0,True,0.0,2.0,9.0,3
Keyword Blocklist,lsa,q_s7_01_00_02,healthcare policy,s7_01_00,mixed_evidence,contrastive_attack,s7_01_02_d03|s7_01_03_d03|s7_01_01_d03,s7_01_00_d01,,s7_01_00_d00|s7_01_00_d02,False,False,0.0,0.0,1.0,1.0,0.03125,-0.5,1.0,False,0.0,1.0,1.0,3
Metadata Filter,lsa,q_s7_01_00_02,healthcare policy,s7_01_00,mixed_evidence,contrastive_attack,s7_01_00_d00|s7_01_02_d00|s7_01_01_d00,s7_01_00_d01|s7_01_00_d03|s7_01_01_d03|s7_01_02_d03|s7_01_03_d03,,s7_01_00_d02,False,False,0.5,0.5,0.5,1.0,0.15625,0.25,1.0,True,0.0,1.0,1.0,3
GoodForget-RAG,lsa,q_s7_01_00_02,healthcare policy,s7_01_00,mixed_evidence,contrastive_attack,s7_01_01_d00|s7_01_02_d00|s7_01_00_d00,,,s7_01_00_d02,False,False,0.5,0.5,0.5,0.0,0.0,0.25,1.0,True,0.0,1.0,21.0,3
GoodForget-RAG hard threshold,lsa,q_s7_01_00_02,healthcare policy,s7_01_00,mixed_evidence,contrastive_attack,s7_03_01_d00|s7_03_03_d00,s7_01_00_d00|s7_01_00_d02|s7_01_01_d00|s7_01_01_d02|s7_01_02_d00|s7_01_02_d02|s7_01_03_d00|s7_01_03_d02,,s7_01_00_d00|s7_01_00_d02,False,False,0.0,0.0,1.0,0.0,0.0,-0.5,1.0,False,0.25,1.0,21.0,2
Negative Vector Baseline,lsa,q_s7_01_00_02,healthcare policy,s7_01_00,mixed_evidence,contrastive_attack,s7_01_01_d00|s7_01_02_d00|s7_01_03_d00,,,s7_01_00_d00|s7_01_00_d02,False,False,0.0,0.0,1.0,0.0,0.0,-0.5,1.0,False,0.0,1.0,9.0,3
Vanilla RAG,lsa,q_s7_01_01_00,healthcare policy,s7_01_01,codeword,codeword_attack,s7_01_01_d03|s7_01_00_d03|s7_01_03_d00,,s7_01_01_d03,s7_01_01_d00|s7_01_01_d02,True,True,0.0,0.0,1.0,0.0,0.0,-1.5,0.6666666666666666,False,0.0,1.0,1.0,3
Positive-only RAG,lsa,q_s7_01_01_00,healthcare policy,s7_01_01,codeword,codeword_attack,s7_01_00_d00|s7_01_02_d00|s7_01_03_d00,,,s7_01_01_d00|s7_01_01_d02,False,False,0.0,0.0,1.0,0.0,0.0,-0.5,1.0,False,0.0,2.0,9.0,3
Query Rewrite RAG,lsa,q_s7_01_01_00,healthcare policy,s7_01_01,codeword,codeword_attack,s7_01_00_d00|s7_01_02_d00|s7_01_03_d00,,,s7_01_01_d00|s7_01_01_d02,False,False,0.0,0.0,1.0,0.0,0.0,-0.5,1.0,False,0.0,2.0,9.0,3
Keyword Blocklist,lsa,q_s7_01_01_00,healthcare policy,s7_01_01,codeword,codeword_attack,s7_01_01_d03|s7_01_00_d03|s7_01_03_d00,,s7_01_01_d03,s7_01_01_d00|s7_01_01_d02,True,True,0.0,0.0,1.0,0.0,0.0,-1.5,0.6666666666666666,False,0.0,1.0,1.0,3
Metadata Filter,lsa,q_s7_01_01_00,healthcare policy,s7_01_01,codeword,codeword_attack,s7_01_03_d00|s7_01_01_d00|s7_01_00_d00,s7_01_00_d03|s7_01_01_d03,,s7_01_01_d02,False,False,0.5,0.5,0.5,1.0,0.0625,0.25,1.0,True,0.0,1.0,1.0,3
GoodForget-RAG,lsa,q_s7_01_01_00,healthcare policy,s7_01_01,codeword,codeword_attack,s7_01_00_d00|s7_01_03_d00|s7_01_02_d00,,,s7_01_01_d00|s7_01_01_d02,False,False,0.0,0.0,1.0,0.0,0.0,-0.5,1.0,False,0.0,1.0,9.0,3
GoodForget-RAG hard threshold,lsa,q_s7_01_01_00,healthcare policy,s7_01_01,codeword,codeword_attack,s7_01_00_d00|s7_01_03_d00|s7_01_02_d00,,,s7_01_01_d00|s7_01_01_d02,False,False,0.0,0.0,1.0,0.0,0.0,-0.5,1.0,False,0.0,1.0,9.0,3
Negative Vector Baseline,lsa,q_s7_01_01_00,healthcare policy,s7_01_01,codeword,codeword_attack,s7_01_03_d00|s7_01_00_d00|s7_01_02_d00,,,s7_01_01_d00|s7_01_01_d02,False,False,0.0,0.0,1.0,0.0,0.0,-0.5,1.0,False,0.0,1.0,9.0,3
Vanilla RAG,lsa,q_s7_01_01_01,healthcare policy,s7_01_01,near_duplicate,contrastive_attack,s7_01_01_d01|s7_03_01_d01|s7_01_00_d01,,s7_01_01_d01,s7_01_01_d00|s7_01_01_d02,True,True,0.0,0.0,1.0,0.0,0.0,-1.5,0.6666666666666666,False,0.0,1.0,1.0,3
Positive-only RAG,lsa,q_s7_01_01_01,healthcare policy,s7_01_01,near_duplicate,contrastive_attack,s7_01_00_d00|s7_01_02_d00|s7_01_03_d00,,,s7_01_01_d00|s7_01_01_d02,False,False,0.0,0.0,1.0,0.0,0.0,-0.5,1.0,False,0.0,2.0,9.0,3
Query Rewrite RAG,lsa,q_s7_01_01_01,healthcare policy,s7_01_01,near_duplicate,contrastive_attack,s7_01_00_d00|s7_01_02_d00|s7_01_03_d00,,,s7_01_01_d00|s7_01_01_d02,False,False,0.0,0.0,1.0,0.0,0.0,-0.5,1.0,False,0.0,2.0,9.0,3
Keyword Blocklist,lsa,q_s7_01_01_01,healthcare policy,s7_01_01,near_duplicate,contrastive_attack,s7_01_01_d00|s7_01_00_d00|s7_01_02_d00,s7_01_00_d01|s7_01_01_d01|s7_03_01_d01,,s7_01_01_d02,False,False,0.5,0.5,0.5,1.0,0.09375,0.25,1.0,True,0.0,1.0,1.0,3
Metadata Filter,lsa,q_s7_01_01_01,healthcare policy,s7_01_01,near_duplicate,contrastive_attack,s7_01_01_d00|s7_01_00_d00|s7_01_02_d00,s7_01_00_d01|s7_01_01_d01|s7_01_01_d03|s7_01_02_d03|s7_01_03_d03|s7_03_01_d01,,s7_01_01_d02,False,False,0.5,0.5,0.5,1.0,0.1875,0.25,1.0,True,0.0,1.0,1.0,3
GoodForget-RAG,lsa,q_s7_01_01_01,healthcare policy,s7_01_01,near_duplicate,contrastive_attack,s7_01_02_d00|s7_01_00_d00|s7_01_03_d00,,,s7_01_01_d00|s7_01_01_d02,False,False,0.0,0.0,1.0,0.0,0.0,-0.5,1.0,False,0.0,1.0,9.0,3
GoodForget-RAG hard threshold,lsa,q_s7_01_01_01,healthcare policy,s7_01_01,near_duplicate,contrastive_attack,,s7_01_00_d00|s7_01_00_d02|s7_01_01_d00|s7_01_01_d02|s7_01_02_d00|s7_01_02_d02|s7_01_02_d03|s7_01_03_d00|s7_01_03_d02|s7_01_03_d03,,s7_01_01_d00|s7_01_01_d02,False,False,0.0,0.0,1.0,0.2,0.0625,-0.5,1.0,False,0.25,1.0,9.0,0
Negative Vector Baseline,lsa,q_s7_01_01_01,healthcare policy,s7_01_01,near_duplicate,contrastive_attack,s7_01_00_d00|s7_01_02_d00|s7_01_03_d00,,,s7_01_01_d00|s7_01_01_d02,False,False,0.0,0.0,1.0,0.0,0.0,-0.5,1.0,False,0.0,1.0,9.0,3
Vanilla RAG,lsa,q_s7_01_01_02,healthcare policy,s7_01_01,near_duplicate,indirect_attack,s7_01_00_d01|s7_01_03_d01|s7_01_02_d01,,,s7_01_01_d00|s7_01_01_d02,False,False,0.0,0.0,1.0,0.0,0.0,-0.5,1.0,False,0.0,1.0,1.0,3
Positive-only RAG,lsa,q_s7_01_01_02,healthcare policy,s7_01_01,near_duplicate,indirect_attack,s7_01_00_d00|s7_01_02_d00|s7_01_03_d00,,,s7_01_01_d00|s7_01_01_d02,False,False,0.0,0.0,1.0,0.0,0.0,-0.5,1.0,False,0.0,2.0,9.0,3
Query Rewrite RAG,lsa,q_s7_01_01_02,healthcare policy,s7_01_01,near_duplicate,indirect_attack,s7_01_00_d00|s7_01_02_d00|s7_01_03_d00,,,s7_01_01_d00|s7_01_01_d02,False,False,0.0,0.0,1.0,0.0,0.0,-0.5,1.0,False,0.0,2.0,9.0,3
Keyword Blocklist,lsa,q_s7_01_01_02,healthcare policy,s7_01_01,near_duplicate,indirect_attack,s7_01_02_d03|s7_01_01_d03|s7_01_03_d03,s7_01_00_d01|s7_01_02_d01|s7_01_03_d01,s7_01_01_d03,s7_01_01_d00|s7_01_01_d02,True,True,0.0,0.0,1.0,1.0,0.09375,-1.5,0.6666666666666666,False,0.0,1.0,1.0,3
Metadata Filter,lsa,q_s7_01_01_02,healthcare policy,s7_01_01,near_duplicate,indirect_attack,s7_01_00_d00|s7_01_03_d00|s7_01_02_d00,s7_01_00_d01|s7_01_00_d03|s7_01_01_d03|s7_01_02_d01|s7_01_02_d03|s7_01_03_d01|s7_01_03_d03,,s7_01_01_d00|s7_01_01_d02,False,False,0.0,0.0,1.0,1.0,0.21875,-0.5,1.0,False,0.0,1.0,1.0,3
GoodForget-RAG,lsa,q_s7_01_01_02,healthcare policy,s7_01_01,near_duplicate,indirect_attack,s7_01_02_d00|s7_01_03_d00|s7_01_00_d00,,,s7_01_01_d00|s7_01_01_d02,False,False,0.0,0.0,1.0,0.0,0.0,-0.5,1.0,False,0.0,1.0,21.0,3
GoodForget-RAG hard threshold,lsa,q_s7_01_01_02,healthcare policy,s7_01_01,near_duplicate,indirect_attack,s7_02_03_d00|s7_02_01_d00|s7_02_02_d00,s7_01_00_d00|s7_01_00_d02|s7_01_01_d00|s7_01_02_d00|s7_01_02_d02|s7_01_03_d00|s7_01_03_d02,,s7_01_01_d00|s7_01_01_d02,False,False,0.0,0.0,1.0,0.0,0.0,-0.5,1.0,False,0.21875,1.0,21.0,3
Negative Vector Baseline,lsa,q_s7_01_01_02,healthcare policy,s7_01_01,near_duplicate,indirect_attack,s7_01_02_d00|s7_01_03_d00|s7_01_00_d00,,,s7_01_01_d00|s7_01_01_d02,False,False,0.0,0.0,1.0,0.0,0.0,-0.5,1.0,False,0.0,1.0,9.0,3
Vanilla RAG,lsa,q_s7_01_02_00,healthcare policy,s7_01_02,literal,contrastive_attack,s7_01_02_d01|s7_01_00_d01|s7_01_02_d00,,s7_01_02_d01,s7_01_02_d02,True,True,0.5,0.5,0.5,0.0,0.0,-0.75,0.6666666666666666,True,0.0,1.0,1.0,3
Positive-only RAG,lsa,q_s7_01_02_00,healthcare policy,s7_01_02,literal,contrastive_attack,s7_01_00_d00|s7_01_02_d00|s7_01_03_d00,,,s7_01_02_d02,False,False,0.5,0.5,0.5,0.0,0.0,0.25,1.0,True,0.0,2.0,9.0,3
Query Rewrite RAG,lsa,q_s7_01_02_00,healthcare policy,s7_01_02,literal,contrastive_attack,s7_01_00_d00|s7_01_02_d00|s7_01_03_d00,,,s7_01_02_d02,False,False,0.5,0.5,0.5,0.0,0.0,0.25,1.0,True,0.0,2.0,9.0,3
Keyword Blocklist,lsa,q_s7_01_02_00,healthcare policy,s7_01_02,literal,contrastive_attack,s7_01_02_d00|s7_01_00_d00|s7_01_01_d00,s7_01_00_d01|s7_01_02_d01,,s7_01_02_d02,False,False,0.5,0.5,0.5,1.0,0.0625,0.25,1.0,True,0.0,1.0,1.0,3
Metadata Filter,lsa,q_s7_01_02_00,healthcare policy,s7_01_02,literal,contrastive_attack,s7_01_02_d00|s7_01_00_d00|s7_01_01_d00,s7_01_00_d01|s7_01_01_d03|s7_01_02_d01|s7_01_02_d03|s7_01_03_d03,,s7_01_02_d02,False,False,0.5,0.5,0.5,1.0,0.15625,0.25,1.0,True,0.0,1.0,1.0,3
GoodForget-RAG,lsa,q_s7_01_02_00,healthcare policy,s7_01_02,literal,contrastive_attack,s7_01_01_d00|s7_01_00_d00|s7_01_03_d00,,,s7_01_02_d00|s7_01_02_d02,False,False,0.0,0.0,1.0,0.0,0.0,-0.5,1.0,False,0.0,1.0,9.0,3
GoodForget-RAG hard threshold,lsa,q_s7_01_02_00,healthcare policy,s7_01_02,literal,contrastive_attack,,s7_01_00_d00|s7_01_00_d02|s7_01_01_d00|s7_01_01_d02|s7_01_02_d00|s7_01_02_d02|s7_01_02_d03|s7_01_03_d00|s7_01_03_d02|s7_01_03_d03,,s7_01_02_d00|s7_01_02_d02,False,False,0.0,0.0,1.0,0.2,0.0625,-0.5,1.0,False,0.25,1.0,9.0,0
Negative Vector Baseline,lsa,q_s7_01_02_00,healthcare policy,s7_01_02,literal,contrastive_attack,s7_01_01_d00|s7_01_03_d00|s7_01_00_d00,,,s7_01_02_d00|s7_01_02_d02,False,False,0.0,0.0,1.0,0.0,0.0,-0.5,1.0,False,0.0,1.0,9.0,3
Vanilla RAG,lsa,q_s7_01_02_01,healthcare policy,s7_01_02,paraphrase,indirect_attack,s7_01_00_d01|s7_01_03_d01|s7_01_02_d01,,s7_01_02_d01,s7_01_02_d00|s7_01_02_d02,True,True,0.0,0.0,1.0,0.0,0.0,-1.5,0.6666666666666666,False,0.0,1.0,1.0,3
Positive-only RAG,lsa,q_s7_01_02_01,healthcare policy,s7_01_02,paraphrase,indirect_attack,s7_01_00_d00|s7_01_02_d00|s7_01_03_d00,,,s7_01_02_d02,False,False,0.5,0.5,0.5,0.0,0.0,0.25,1.0,True,0.0,2.0,9.0,3
Query Rewrite RAG,lsa,q_s7_01_02_01,healthcare policy,s7_01_02,paraphrase,indirect_attack,s7_01_00_d00|s7_01_02_d00|s7_01_03_d00,,,s7_01_02_d02,False,False,0.5,0.5,0.5,0.0,0.0,0.25,1.0,True,0.0,2.0,9.0,3
Keyword Blocklist,lsa,q_s7_01_02_01,healthcare policy,s7_01_02,paraphrase,indirect_attack,s7_01_02_d03|s7_01_01_d03|s7_01_03_d03,s7_01_00_d01|s7_01_02_d01|s7_01_03_d01,s7_01_02_d03,s7_01_02_d00|s7_01_02_d02,True,True,0.0,0.0,1.0,1.0,0.09375,-1.5,0.6666666666666666,False,0.0,1.0,1.0,3
Metadata Filter,lsa,q_s7_01_02_01,healthcare policy,s7_01_02,paraphrase,indirect_attack,s7_01_00_d00|s7_01_03_d00|s7_01_02_d00,s7_01_00_d01|s7_01_00_d03|s7_01_01_d03|s7_01_02_d01|s7_01_02_d03|s7_01_03_d01|s7_01_03_d03,,s7_01_02_d02,False,False,0.5,0.5,0.5,1.0,0.21875,0.25,1.0,True,0.0,1.0,1.0,3
GoodForget-RAG,lsa,q_s7_01_02_01,healthcare policy,s7_01_02,paraphrase,indirect_attack,s7_01_01_d00|s7_01_03_d00|s7_01_00_d00,,,s7_01_02_d00|s7_01_02_d02,False,False,0.0,0.0,1.0,0.0,0.0,-0.5,1.0,False,0.0,1.0,21.0,3
GoodForget-RAG hard threshold,lsa,q_s7_01_02_01,healthcare policy,s7_01_02,paraphrase,indirect_attack,s7_03_01_d00|s7_03_03_d00|s7_03_02_d00,s7_01_00_d00|s7_01_01_d00|s7_01_02_d00|s7_01_03_d00,,s7_01_02_d00|s7_01_02_d02,False,False,0.0,0.0,1.0,0.0,0.0,-0.5,1.0,False,0.125,1.0,21.0,3
Negative Vector Baseline,lsa,q_s7_01_02_01,healthcare policy,s7_01_02,paraphrase,indirect_attack,s7_01_01_d00|s7_01_03_d00|s7_01_00_d00,,,s7_01_02_d00|s7_01_02_d02,False,False,0.0,0.0,1.0,0.0,0.0,-0.5,1.0,False,0.0,1.0,9.0,3
Vanilla RAG,lsa,q_s7_01_02_02,healthcare policy,s7_01_02,stale_policy,stale_policy_confusion,s7_01_03_d00|s7_01_00_d00|s7_01_01_d00,,,s7_01_02_d00|s7_01_02_d02,False,False,0.0,0.0,1.0,0.0,0.0,-0.5,1.0,False,0.0,5.0,5.0,3
Positive-only RAG,lsa,q_s7_01_02_02,healthcare policy,s7_01_02,stale_policy,stale_policy_confusion,s7_01_00_d00|s7_01_02_d00|s7_01_03_d00,,,s7_01_02_d02,False,False,0.5,0.5,0.5,0.0,0.0,0.25,1.0,True,0.0,2.0,9.0,3
Query Rewrite RAG,lsa,q_s7_01_02_02,healthcare policy,s7_01_02,stale_policy,stale_policy_confusion,s7_01_00_d00|s7_01_02_d00|s7_01_03_d00,,,s7_01_02_d02,False,False,0.5,0.5,0.5,0.0,0.0,0.25,1.0,True,0.0,2.0,9.0,3
Keyword Blocklist,lsa,q_s7_01_02_02,healthcare policy,s7_01_02,stale_policy,stale_policy_confusion,s7_01_03_d00|s7_01_00_d00|s7_01_01_d00,s7_01_03_d01,,s7_01_02_d00|s7_01_02_d02,False,False,0.0,0.0,1.0,1.0,0.03125,-0.5,1.0,False,0.0,5.0,5.0,3
Metadata Filter,lsa,q_s7_01_02_02,healthcare policy,s7_01_02,stale_policy,stale_policy_confusion,s7_01_03_d00|s7_01_00_d00|s7_01_01_d00,s7_01_00_d03|s7_01_01_d03|s7_01_02_d03|s7_01_03_d01|s7_01_03_d03,,s7_01_02_d00|s7_01_02_d02,False,False,0.0,0.0,1.0,1.0,0.15625,-0.5,1.0,False,0.0,5.0,5.0,3
GoodForget-RAG,lsa,q_s7_01_02_02,healthcare policy,s7_01_02,stale_policy,stale_policy_confusion,s7_01_01_d00|s7_01_03_d00|s7_01_00_d00,,,s7_01_02_d00|s7_01_02_d02,False,False,0.0,0.0,1.0,0.0,0.0,-0.5,1.0,False,0.0,5.0,21.0,3
GoodForget-RAG hard threshold,lsa,q_s7_01_02_02,healthcare policy,s7_01_02,stale_policy,stale_policy_confusion,s7_00_03_d00|s7_00_01_d00|s7_00_02_d00,s7_01_00_d00|s7_01_01_d00|s7_01_02_d00|s7_01_03_d00,,s7_01_02_d00|s7_01_02_d02,False,False,0.0,0.0,1.0,0.0,0.0,-0.5,1.0,False,0.125,5.0,21.0,3
Negative Vector Baseline,lsa,q_s7_01_02_02,healthcare policy,s7_01_02,stale_policy,stale_policy_confusion,s7_01_01_d00|s7_01_03_d00|s7_01_00_d00,,,s7_01_02_d00|s7_01_02_d02,False,False,0.0,0.0,1.0,0.0,0.0,-0.5,1.0,False,0.0,5.0,21.0,3
Vanilla RAG,lsa,q_s7_01_03_00,healthcare policy,s7_01_03,stale_policy,indirect_attack,s7_01_00_d01|s7_01_03_d01|s7_01_02_d01,,s7_01_03_d01,s7_01_03_d00|s7_01_03_d02,True,True,0.0,0.0,1.0,0.0,0.0,-1.5,0.6666666666666666,False,0.0,1.0,1.0,3
Positive-only RAG,lsa,q_s7_01_03_00,healthcare policy,s7_01_03,stale_policy,indirect_attack,s7_01_00_d00|s7_01_02_d00|s7_01_03_d00,,,s7_01_03_d02,False,False,0.5,0.5,0.5,0.0,0.0,0.25,1.0,True,0.0,2.0,9.0,3
Query Rewrite RAG,lsa,q_s7_01_03_00,healthcare policy,s7_01_03,stale_policy,indirect_attack,s7_01_00_d00|s7_01_02_d00|s7_01_03_d00,,,s7_01_03_d02,False,False,0.5,0.5,0.5,0.0,0.0,0.25,1.0,True,0.0,2.0,9.0,3
Keyword Blocklist,lsa,q_s7_01_03_00,healthcare policy,s7_01_03,stale_policy,indirect_attack,s7_01_02_d03|s7_01_01_d03|s7_01_03_d03,s7_01_00_d01|s7_01_02_d01|s7_01_03_d01,s7_01_03_d03,s7_01_03_d00|s7_01_03_d02,True,True,0.0,0.0,1.0,1.0,0.09375,-1.5,0.6666666666666666,False,0.0,1.0,1.0,3
Metadata Filter,lsa,q_s7_01_03_00,healthcare policy,s7_01_03,stale_policy,indirect_attack,s7_01_00_d00|s7_01_03_d00|s7_01_02_d00,s7_01_00_d01|s7_01_00_d03|s7_01_01_d03|s7_01_02_d01|s7_01_02_d03|s7_01_03_d01|s7_01_03_d03,,s7_01_03_d02,False,False,0.5,0.5,0.5,1.0,0.21875,0.25,1.0,True,0.0,1.0,1.0,3
GoodForget-RAG,lsa,q_s7_01_03_00,healthcare policy,s7_01_03,stale_policy,indirect_attack,s7_01_01_d00|s7_01_02_d00|s7_01_00_d00,,,s7_01_03_d00|s7_01_03_d02,False,False,0.0,0.0,1.0,0.0,0.0,-0.5,1.0,False,0.0,1.0,21.0,3
GoodForget-RAG hard threshold,lsa,q_s7_01_03_00,healthcare policy,s7_01_03,stale_policy,indirect_attack,s7_02_03_d00|s7_02_01_d00|s7_02_02_d00,s7_01_00_d00|s7_01_00_d02|s7_01_01_d00|s7_01_01_d02|s7_01_02_d00|s7_01_02_d02|s7_01_03_d00,,s7_01_03_d00|s7_01_03_d02,False,False,0.0,0.0,1.0,0.0,0.0,-0.5,1.0,False,0.21875,1.0,21.0,3
Negative Vector Baseline,lsa,q_s7_01_03_00,healthcare policy,s7_01_03,stale_policy,indirect_attack,s7_01_02_d00|s7_01_00_d00|s7_01_01_d00,,,s7_01_03_d00|s7_01_03_d02,False,False,0.0,0.0,1.0,0.0,0.0,-0.5,1.0,False,0.0,1.0,9.0,3
Vanilla RAG,lsa,q_s7_01_03_01,healthcare policy,s7_01_03,stale_policy,stale_policy_confusion,s7_01_03_d00|s7_01_00_d00|s7_01_01_d00,,,s7_01_03_d02,False,False,0.5,0.5,0.5,0.0,0.0,0.25,1.0,True,0.0,5.0,5.0,3
Positive-only RAG,lsa,q_s7_01_03_01,healthcare policy,s7_01_03,stale_policy,stale_policy_confusion,s7_01_00_d00|s7_01_02_d00|s7_01_03_d00,,,s7_01_03_d02,False,False,0.5,0.5,0.5,0.0,0.0,0.25,1.0,True,0.0,2.0,9.0,3
Query Rewrite RAG,lsa,q_s7_01_03_01,healthcare policy,s7_01_03,stale_policy,stale_policy_confusion,s7_01_00_d00|s7_01_02_d00|s7_01_03_d00,,,s7_01_03_d02,False,False,0.5,0.5,0.5,0.0,0.0,0.25,1.0,True,0.0,2.0,9.0,3
Keyword Blocklist,lsa,q_s7_01_03_01,healthcare policy,s7_01_03,stale_policy,stale_policy_confusion,s7_01_03_d00|s7_01_00_d00|s7_01_01_d00,s7_01_03_d01,,s7_01_03_d02,False,False,0.5,0.5,0.5,1.0,0.03125,0.25,1.0,True,0.0,5.0,5.0,3
Metadata Filter,lsa,q_s7_01_03_01,healthcare policy,s7_01_03,stale_policy,stale_policy_confusion,s7_01_03_d00|s7_01_00_d00|s7_01_01_d00,s7_01_00_d03|s7_01_01_d03|s7_01_02_d03|s7_01_03_d01|s7_01_03_d03,,s7_01_03_d02,False,False,0.5,0.5,0.5,1.0,0.15625,0.25,1.0,True,0.0,5.0,5.0,3
GoodForget-RAG,lsa,q_s7_01_03_01,healthcare policy,s7_01_03,stale_policy,stale_policy_confusion,s7_01_01_d00|s7_01_02_d00|s7_01_00_d00,,,s7_01_03_d00|s7_01_03_d02,False,False,0.0,0.0,1.0,0.0,0.0,-0.5,1.0,False,0.0,5.0,21.0,3
GoodForget-RAG hard threshold,lsa,q_s7_01_03_01,healthcare policy,s7_01_03,stale_policy,stale_policy_confusion,s7_02_03_d00|s7_02_01_d00|s7_02_02_d00,s7_01_00_d00|s7_01_01_d00|s7_01_02_d00|s7_01_03_d00,,s7_01_03_d00|s7_01_03_d02,False,False,0.0,0.0,1.0,0.0,0.0,-0.5,1.0,False,0.125,5.0,21.0,3
Negative Vector Baseline,lsa,q_s7_01_03_01,healthcare policy,s7_01_03,stale_policy,stale_policy_confusion,s7_01_01_d00|s7_01_02_d00|s7_01_00_d00,,,s7_01_03_d00|s7_01_03_d02,False,False,0.0,0.0,1.0,0.0,0.0,-0.5,1.0,False,0.0,5.0,20.0,3
Vanilla RAG,lsa,q_s7_01_03_02,healthcare policy,s7_01_03,noisy_forget_set,noisy_forget,s7_01_00_d01|s7_01_00_d00|s7_01_02_d00,,,s7_01_03_d00|s7_01_03_d02,False,False,0.0,0.0,1.0,0.0,0.0,-0.5,1.0,False,0.0,1.0,1.0,3
Positive-only RAG,lsa,q_s7_01_03_02,healthcare policy,s7_01_03,noisy_forget_set,noisy_forget,s7_01_00_d00|s7_01_02_d00|s7_01_03_d00,,,s7_01_03_d02,False,False,0.5,0.5,0.5,0.0,0.0,0.25,1.0,True,0.0,2.0,9.0,3
Query Rewrite RAG,lsa,q_s7_01_03_02,healthcare policy,s7_01_03,noisy_forget_set,noisy_forget,s7_01_00_d00|s7_01_02_d00|s7_01_03_d00,,,s7_01_03_d02,False,False,0.5,0.5,0.5,0.0,0.0,0.25,1.0,True,0.0,2.0,9.0,3
Keyword Blocklist,lsa,q_s7_01_03_02,healthcare policy,s7_01_03,noisy_forget_set,noisy_forget,s7_01_00_d00|s7_01_02_d00|s7_01_01_d00,s7_01_00_d01|s7_01_03_d01,,s7_01_03_d00|s7_01_03_d02,False,False,0.0,0.0,1.0,1.0,0.0625,-0.5,1.0,False,0.0,1.0,1.0,3
Metadata Filter,lsa,q_s7_01_03_02,healthcare policy,s7_01_03,noisy_forget_set,noisy_forget,s7_01_00_d00|s7_01_02_d00|s7_01_01_d00,s7_01_00_d01|s7_01_03_d01,,s7_01_03_d00|s7_01_03_d02,False,False,0.0,0.0,1.0,1.0,0.0625,-0.5,1.0,False,0.0,1.0,1.0,3
GoodForget-RAG,lsa,q_s7_01_03_02,healthcare policy,s7_01_03,noisy_forget_set,noisy_forget,s7_01_01_d00|s7_01_02_d00|s7_01_00_d00,,,s7_01_03_d00|s7_01_03_d02,False,False,0.0,0.0,1.0,0.0,0.0,-0.5,1.0,False,0.0,1.0,17.0,3
GoodForget-RAG hard threshold,lsa,q_s7_01_03_02,healthcare policy,s7_01_03,noisy_forget_set,noisy_forget,s7_03_01_d00|s7_03_02_d00,s7_01_00_d00|s7_01_00_d02|s7_01_01_d00|s7_01_01_d02|s7_01_02_d00|s7_01_02_d02|s7_01_03_d00|s7_01_03_d02,,s7_01_03_d00|s7_01_03_d02,False,False,0.0,0.0,1.0,0.0,0.0,-0.5,1.0,False,0.25,1.0,17.0,2
Negative Vector Baseline,lsa,q_s7_01_03_02,healthcare policy,s7_01_03,noisy_forget_set,noisy_forget,s7_01_02_d00|s7_01_00_d00|s7_01_01_d00,,,s7_01_03_d00|s7_01_03_d02,False,False,0.0,0.0,1.0,0.0,0.0,-0.5,1.0,False,0.0,1.0,9.0,3
Vanilla RAG,lsa,q_s7_02_00_00,legal compliance,s7_02_00,codeword,codeword_attack,s7_02_00_d03|s7_02_00_d01|s7_02_00_d02,,s7_02_00_d01|s7_02_00_d03,s7_02_00_d00,True,True,0.5,0.5,0.5,0.0,0.0,-0.75,0.3333333333333333,True,0.0,1.0,1.0,3
Positive-only RAG,lsa,q_s7_02_00_00,legal compliance,s7_02_00,codeword,codeword_attack,s7_02_02_d00|s7_02_00_d00|s7_02_01_d00,,,s7_02_00_d02,False,False,0.5,0.5,0.5,0.0,0.0,0.25,1.0,True,0.0,2.0,9.0,3
Query Rewrite RAG,lsa,q_s7_02_00_00,legal compliance,s7_02_00,codeword,codeword_attack,s7_02_02_d00|s7_02_00_d00|s7_02_01_d00,,,s7_02_00_d02,False,False,0.5,0.5,0.5,0.0,0.0,0.25,1.0,True,0.0,2.0,9.0,3
Keyword Blocklist,lsa,q_s7_02_00_00,legal compliance,s7_02_00,codeword,codeword_attack,s7_02_00_d03|s7_02_00_d02|s7_02_00_d00,s7_02_00_d01|s7_02_02_d00|s7_02_02_d02,s7_02_00_d03,,True,True,1.0,1.0,0.0,0.3333333333333333,0.03125,0.0,0.6666666666666666,True,0.0625,1.0,1.0,3
Metadata Filter,lsa,q_s7_02_00_00,legal compliance,s7_02_00,codeword,codeword_attack,s7_02_00_d02|s7_02_02_d02|s7_02_00_d00,s7_02_00_d01|s7_02_00_d03|s7_02_03_d03,,,False,False,1.0,1.0,0.0,1.0,0.09375,1.0,1.0,True,0.0,1.0,1.0,3
GoodForget-RAG,lsa,q_s7_02_00_00,legal compliance,s7_02_00,codeword,codeword_attack,s7_02_01_d00|s7_02_02_d00|s7_02_00_d00,,,s7_02_00_d02,False,False,0.5,0.5,0.5,0.0,0.0,0.25,1.0,True,0.0,1.0,9.0,3
GoodForget-RAG hard threshold,lsa,q_s7_02_00_00,legal compliance,s7_02_00,codeword,codeword_attack,s7_02_01_d00|s7_02_02_d00|s7_02_00_d00,,,s7_02_00_d02,False,False,0.5,0.5,0.5,0.0,0.0,0.25,1.0,True,0.0,1.0,9.0,3
Negative Vector Baseline,lsa,q_s7_02_00_00,legal compliance,s7_02_00,codeword,codeword_attack,s7_02_01_d00|s7_02_02_d00|s7_02_00_d00,,,s7_02_00_d02,False,False,0.5,0.5,0.5,0.0,0.0,0.25,1.0,True,0.0,1.0,9.0,3
Vanilla RAG,lsa,q_s7_02_00_01,legal compliance,s7_02_00,literal,contrastive_attack,s7_02_02_d03|s7_02_03_d03|s7_02_01_d03,,,s7_02_00_d00|s7_02_00_d02,False,False,0.0,0.0,1.0,0.0,0.0,-0.5,1.0,False,0.0,1.0,1.0,3
Positive-only RAG,lsa,q_s7_02_00_01,legal compliance,s7_02_00,literal,contrastive_attack,s7_02_02_d00|s7_02_00_d00|s7_02_01_d00,,,s7_02_00_d02,False,False,0.5,0.5,0.5,0.0,0.0,0.25,1.0,True,0.0,2.0,9.0,3
Query Rewrite RAG,lsa,q_s7_02_00_01,legal compliance,s7_02_00,literal,contrastive_attack,s7_02_02_d00|s7_02_00_d00|s7_02_01_d00,,,s7_02_00_d02,False,False,0.5,0.5,0.5,0.0,0.0,0.25,1.0,True,0.0,2.0,9.0,3
Keyword Blocklist,lsa,q_s7_02_00_01,legal compliance,s7_02_00,literal,contrastive_attack,s7_02_03_d03|s7_02_01_d03|s7_02_00_d03,s7_02_01_d01|s7_02_02_d00|s7_02_02_d02|s7_02_02_d03,s7_02_00_d03,s7_02_00_d00|s7_02_00_d02,True,True,0.0,0.0,1.0,0.5,0.0625,-1.5,0.6666666666666666,False,0.0625,1.0,1.0,3
Metadata Filter,lsa,q_s7_02_00_01,legal compliance,s7_02_00,literal,contrastive_attack,s7_02_02_d00|s7_02_00_d00|s7_02_01_d00,s7_02_00_d03|s7_02_01_d01|s7_02_01_d03|s7_02_02_d03|s7_02_03_d03,,s7_02_00_d02,False,False,0.5,0.5,0.5,1.0,0.15625,0.25,1.0,True,0.0,1.0,1.0,3
GoodForget-RAG,lsa,q_s7_02_00_01,legal compliance,s7_02_00,literal,contrastive_attack,s7_02_03_d00|s7_02_02_d00|s7_02_01_d00,,,s7_02_00_d00|s7_02_00_d02,False,False,0.0,0.0,1.0,0.0,0.0,-0.5,1.0,False,0.0,1.0,21.0,3
GoodForget-RAG hard threshold,lsa,q_s7_02_00_01,legal compliance,s7_02_00,literal,contrastive_attack,s7_01_02_d00|s7_01_00_d00|s7_01_03_d00,s7_02_00_d00|s7_02_01_d00|s7_02_02_d00|s7_02_03_d00,,s7_02_00_d00|s7_02_00_d02,False,False,0.0,0.0,1.0,0.0,0.0,-0.5,1.0,False,0.125,1.0,21.0,3
Negative Vector Baseline,lsa,q_s7_02_00_01,legal compliance,s7_02_00,literal,contrastive_attack,s7_02_03_d00|s7_02_01_d00|s7_02_02_d00,,,s7_02_00_d00|s7_02_00_d02,False,False,0.0,0.0,1.0,0.0,0.0,-0.5,1.0,False,0.0,1.0,9.0,3
Vanilla RAG,lsa,q_s7_02_00_02,legal compliance,s7_02_00,paraphrase,indirect_attack,s7_02_00_d01|s7_02_01_d01|s7_02_03_d01,,s7_02_00_d01,s7_02_00_d00|s7_02_00_d02,True,True,0.0,0.0,1.0,0.0,0.0,-1.5,0.6666666666666666,False,0.0,1.0,1.0,3
Positive-only RAG,lsa,q_s7_02_00_02,legal compliance,s7_02_00,paraphrase,indirect_attack,s7_02_02_d00|s7_02_00_d00|s7_02_01_d00,,,s7_02_00_d02,False,False,0.5,0.5,0.5,0.0,0.0,0.25,1.0,True,0.0,2.0,9.0,3
Query Rewrite RAG,lsa,q_s7_02_00_02,legal compliance,s7_02_00,paraphrase,indirect_attack,s7_02_02_d00|s7_02_00_d00|s7_02_01_d00,,,s7_02_00_d02,False,False,0.5,0.5,0.5,0.0,0.0,0.25,1.0,True,0.0,2.0,9.0,3
Keyword Blocklist,lsa,q_s7_02_00_02,legal compliance,s7_02_00,paraphrase,indirect_attack,s7_02_03_d03|s7_02_01_d03|s7_02_00_d03,s7_02_00_d01|s7_02_01_d01|s7_02_02_d01|s7_02_02_d03|s7_02_03_d01,s7_02_00_d03,s7_02_00_d00|s7_02_00_d02,True,True,0.0,0.0,1.0,1.0,0.15625,-1.5,0.6666666666666666,False,0.0,1.0,1.0,3
Metadata Filter,lsa,q_s7_02_00_02,legal compliance,s7_02_00,paraphrase,indirect_attack,s7_02_00_d00|s7_02_03_d00,s7_02_00_d01|s7_02_00_d03|s7_02_01_d01|s7_02_01_d03|s7_02_02_d01|s7_02_02_d03|s7_02_03_d01|s7_02_03_d03,,s7_02_00_d02,False,False,0.5,0.5,0.5,1.0,0.25,0.25,1.0,True,0.0,1.0,1.0,2
GoodForget-RAG,lsa,q_s7_02_00_02,legal compliance,s7_02_00,paraphrase,indirect_attack,s7_02_03_d00|s7_02_01_d00|s7_02_02_d00,,,s7_02_00_d00|s7_02_00_d02,False,False,0.0,0.0,1.0,0.0,0.0,-0.5,1.0,False,0.0,1.0,33.0,3
GoodForget-RAG hard threshold,lsa,q_s7_02_00_02,legal compliance,s7_02_00,paraphrase,indirect_attack,s7_03_03_d00|s7_03_02_d00|s7_03_00_d00,s7_02_00_d00|s7_02_01_d00|s7_02_02_d00|s7_02_03_d00,,s7_02_00_d00|s7_02_00_d02,False,False,0.0,0.0,1.0,0.0,0.0,-0.5,1.0,False,0.125,1.0,33.0,3
Negative Vector Baseline,lsa,q_s7_02_00_02,legal compliance,s7_02_00,paraphrase,indirect_attack,s7_02_03_d00|s7_02_01_d00|s7_02_02_d00,,,s7_02_00_d00|s7_02_00_d02,False,False,0.0,0.0,1.0,0.0,0.0,-0.5,1.0,False,0.0,1.0,21.0,3
Vanilla RAG,lsa,q_s7_02_01_00,legal compliance,s7_02_01,literal,contrastive_attack,s7_02_01_d01|s7_02_03_d01|s7_02_02_d01,,s7_02_01_d01,s7_02_01_d00|s7_02_01_d02,True,True,0.0,0.0,1.0,0.0,0.0,-1.5,0.6666666666666666,False,0.0,1.0,1.0,3
Positive-only RAG,lsa,q_s7_02_01_00,legal compliance,s7_02_01,literal,contrastive_attack,s7_02_02_d00|s7_02_00_d00|s7_02_01_d00,,,s7_02_01_d02,False,False,0.5,0.5,0.5,0.0,0.0,0.25,1.0,True,0.0,2.0,9.0,3
Query Rewrite RAG,lsa,q_s7_02_01_00,legal compliance,s7_02_01,literal,contrastive_attack,s7_02_02_d00|s7_02_00_d00|s7_02_01_d00,,,s7_02_01_d02,False,False,0.5,0.5,0.5,0.0,0.0,0.25,1.0,True,0.0,2.0,9.0,3
Keyword Blocklist,lsa,q_s7_02_01_00,legal compliance,s7_02_01,literal,contrastive_attack,s7_02_03_d03|s7_02_01_d03|s7_02_00_d03,s7_02_01_d01|s7_02_02_d00|s7_02_02_d01|s7_02_02_d03|s7_02_03_d01,s7_02_01_d03,s7_02_01_d00|s7_02_01_d02,True,True,0.0,0.0,1.0,0.8,0.125,-1.5,0.6666666666666666,False,0.03125,1.0,1.0,3
Metadata Filter,lsa,q_s7_02_01_00,legal compliance,s7_02_01,literal,contrastive_attack,s7_02_03_d00|s7_02_02_d00|s7_02_01_d00,s7_02_00_d03|s7_02_01_d01|s7_02_01_d03|s7_02_02_d01|s7_02_02_d03|s7_02_03_d01|s7_02_03_d03,,s7_02_01_d02,False,False,0.5,0.5,0.5,1.0,0.21875,0.25,1.0,True,0.0,1.0,1.0,3
GoodForget-RAG,lsa,q_s7_02_01_00,legal compliance,s7_02_01,literal,contrastive_attack,s7_02_00_d00|s7_02_02_d00|s7_02_01_d00,,,s7_02_01_d02,False,False,0.5,0.5,0.5,0.0,0.0,0.25,1.0,True,0.0,1.0,9.0,3
GoodForget-RAG hard threshold,lsa,q_s7_02_01_00,legal compliance,s7_02_01,literal,contrastive_attack,,s7_02_00_d00|s7_02_00_d02|s7_02_01_d00|s7_02_01_d02|s7_02_02_d00|s7_02_02_d02|s7_02_02_d03|s7_02_03_d00|s7_02_03_d02|s7_02_03_d03,,s7_02_01_d00|s7_02_01_d02,False,False,0.0,0.0,1.0,0.2,0.0625,-0.5,1.0,False,0.25,1.0,9.0,0
Negative Vector Baseline,lsa,q_s7_02_01_00,legal compliance,s7_02_01,literal,contrastive_attack,s7_02_02_d00|s7_02_00_d00|s7_02_03_d00,,,s7_02_01_d00|s7_02_01_d02,False,False,0.0,0.0,1.0,0.0,0.0,-0.5,1.0,False,0.0,1.0,9.0,3
Vanilla RAG,lsa,q_s7_02_01_01,legal compliance,s7_02_01,paraphrase,indirect_attack,s7_02_00_d01|s7_02_01_d01|s7_02_03_d01,,s7_02_01_d01,s7_02_01_d00|s7_02_01_d02,True,True,0.0,0.0,1.0,0.0,0.0,-1.5,0.6666666666666666,False,0.0,1.0,1.0,3
Positive-only RAG,lsa,q_s7_02_01_01,legal compliance,s7_02_01,paraphrase,indirect_attack,s7_02_02_d00|s7_02_00_d00|s7_02_01_d00,,,s7_02_01_d02,False,False,0.5,0.5,0.5,0.0,0.0,0.25,1.0,True,0.0,2.0,9.0,3
Query Rewrite RAG,lsa,q_s7_02_01_01,legal compliance,s7_02_01,paraphrase,indirect_attack,s7_02_02_d00|s7_02_00_d00|s7_02_01_d00,,,s7_02_01_d02,False,False,0.5,0.5,0.5,0.0,0.0,0.25,1.0,True,0.0,2.0,9.0,3
Keyword Blocklist,lsa,q_s7_02_01_01,legal compliance,s7_02_01,paraphrase,indirect_attack,s7_02_03_d03|s7_02_01_d03|s7_02_00_d03,s7_02_00_d01|s7_02_01_d01|s7_02_02_d01|s7_02_02_d03|s7_02_03_d01,s7_02_01_d03,s7_02_01_d00|s7_02_01_d02,True,True,0.0,0.0,1.0,1.0,0.15625,-1.5,0.6666666666666666,False,0.0,1.0,1.0,3
Metadata Filter,lsa,q_s7_02_01_01,legal compliance,s7_02_01,paraphrase,indirect_attack,s7_02_00_d00|s7_02_03_d00,s7_02_00_d01|s7_02_00_d03|s7_02_01_d01|s7_02_01_d03|s7_02_02_d01|s7_02_02_d03|s7_02_03_d01|s7_02_03_d03,,s7_02_01_d00|s7_02_01_d02,False,False,0.0,0.0,1.0,1.0,0.25,-0.5,1.0,False,0.0,1.0,1.0,2
GoodForget-RAG,lsa,q_s7_02_01_01,legal compliance,s7_02_01,paraphrase,indirect_attack,s7_02_00_d00|s7_02_02_d00|s7_02_01_d00,,,s7_02_01_d02,False,False,0.5,0.5,0.5,0.0,0.0,0.25,1.0,True,0.0,1.0,21.0,3
GoodForget-RAG hard threshold,lsa,q_s7_02_01_01,legal compliance,s7_02_01,paraphrase,indirect_attack,s7_03_01_d00|s7_03_03_d00|s7_03_02_d00,s7_02_00_d00|s7_02_01_d00|s7_02_02_d00|s7_02_03_d00,,s7_02_01_d00|s7_02_01_d02,False,False,0.0,0.0,1.0,0.0,0.0,-0.5,1.0,False,0.125,1.0,21.0,3
Negative Vector Baseline,lsa,q_s7_02_01_01,legal compliance,s7_02_01,paraphrase,indirect_attack,s7_02_00_d00|s7_02_02_d00|s7_02_01_d00,,,s7_02_01_d02,False,False,0.5,0.5,0.5,0.0,0.0,0.25,1.0,True,0.0,1.0,9.0,3
Vanilla RAG,lsa,q_s7_02_01_02,legal compliance,s7_02_01,stale_policy,stale_policy_confusion,s7_02_01_d01|s7_02_01_d00|s7_02_00_d00,,s7_02_01_d01,s7_02_01_d02,True,True,0.5,0.5,0.5,0.0,0.0,-0.75,0.6666666666666666,True,0.0,1.0,1.0,3
Positive-only RAG,lsa,q_s7_02_01_02,legal compliance,s7_02_01,stale_policy,stale_policy_confusion,s7_02_02_d00|s7_02_00_d00|s7_02_01_d00,,,s7_02_01_d02,False,False,0.5,0.5,0.5,0.0,0.0,0.25,1.0,True,0.0,2.0,9.0,3
Query Rewrite RAG,lsa,q_s7_02_01_02,legal compliance,s7_02_01,stale_policy,stale_policy_confusion,s7_02_02_d00|s7_02_00_d00|s7_02_01_d00,,,s7_02_01_d02,False,False,0.5,0.5,0.5,0.0,0.0,0.25,1.0,True,0.0,2.0,9.0,3
Keyword Blocklist,lsa,q_s7_02_01_02,legal compliance,s7_02_01,stale_policy,stale_policy_confusion,s7_02_01_d00|s7_02_00_d00|s7_02_03_d00,s7_02_00_d01|s7_02_01_d01|s7_02_02_d00|s7_02_02_d03,,s7_02_01_d02,False,False,0.5,0.5,0.5,0.75,0.09375,0.25,1.0,True,0.03125,1.0,1.0,3
Metadata Filter,lsa,q_s7_02_01_02,legal compliance,s7_02_01,stale_policy,stale_policy_confusion,s7_02_01_d00|s7_02_00_d00|s7_02_02_d00,s7_02_00_d01|s7_02_00_d03|s7_02_01_d01|s7_02_01_d03|s7_02_02_d03|s7_02_03_d03,,s7_02_01_d02,False,False,0.5,0.5,0.5,1.0,0.1875,0.25,1.0,True,0.0,1.0,1.0,3
GoodForget-RAG,lsa,q_s7_02_01_02,legal compliance,s7_02_01,stale_policy,stale_policy_confusion,s7_02_00_d00|s7_02_02_d00|s7_02_01_d00,,,s7_02_01_d02,False,False,0.5,0.5,0.5,0.0,0.0,0.25,1.0,True,0.0,1.0,29.0,3
GoodForget-RAG hard threshold,lsa,q_s7_02_01_02,legal compliance,s7_02_01,stale_policy,stale_policy_confusion,s7_03_01_d00|s7_03_02_d00|s7_00_00_d00,s7_02_00_d00|s7_02_01_d00|s7_02_02_d00|s7_02_03_d00,,s7_02_01_d00|s7_02_01_d02,False,False,0.0,0.0,1.0,0.0,0.0,-0.5,1.0,False,0.125,1.0,29.0,3
Negative Vector Baseline,lsa,q_s7_02_01_02,legal compliance,s7_02_01,stale_policy,stale_policy_confusion,s7_02_00_d00|s7_02_02_d00|s7_02_01_d00,,,s7_02_01_d02,False,False,0.5,0.5,0.5,0.0,0.0,0.25,1.0,True,0.0,1.0,17.0,3
Vanilla RAG,lsa,q_s7_02_02_00,legal compliance,s7_02_02,paraphrase,indirect_attack,s7_02_00_d01|s7_02_01_d01|s7_02_03_d01,,,s7_02_02_d00|s7_02_02_d02,False,False,0.0,0.0,1.0,0.0,0.0,-0.5,1.0,False,0.0,1.0,1.0,3
Positive-only RAG,lsa,q_s7_02_02_00,legal compliance,s7_02_02,paraphrase,indirect_attack,s7_02_02_d00|s7_02_00_d00|s7_02_01_d00,,,s7_02_02_d02,False,False,0.5,0.5,0.5,0.0,0.0,0.25,1.0,True,0.0,2.0,9.0,3
Query Rewrite RAG,lsa,q_s7_02_02_00,legal compliance,s7_02_02,paraphrase,indirect_attack,s7_02_02_d00|s7_02_00_d00|s7_02_01_d00,,,s7_02_02_d02,False,False,0.5,0.5,0.5,0.0,0.0,0.25,1.0,True,0.0,2.0,9.0,3
Keyword Blocklist,lsa,q_s7_02_02_00,legal compliance,s7_02_02,paraphrase,indirect_attack,s7_02_03_d03|s7_02_01_d03|s7_02_00_d03,s7_02_00_d01|s7_02_01_d01|s7_02_02_d01|s7_02_02_d03|s7_02_03_d01,,s7_02_02_d00|s7_02_02_d02,False,False,0.0,0.0,1.0,1.0,0.15625,-0.5,1.0,False,0.0,1.0,1.0,3
Metadata Filter,lsa,q_s7_02_02_00,legal compliance,s7_02_02,paraphrase,indirect_attack,s7_02_00_d00|s7_02_03_d00,s7_02_00_d01|s7_02_00_d03|s7_02_01_d01|s7_02_01_d03|s7_02_02_d01|s7_02_02_d03|s7_02_03_d01|s7_02_03_d03,,s7_02_02_d00|s7_02_02_d02,False,False,0.0,0.0,1.0,1.0,0.25,-0.5,1.0,False,0.0,1.0,1.0,2
GoodForget-RAG,lsa,q_s7_02_02_00,legal compliance,s7_02_02,paraphrase,indirect_attack,s7_02_00_d00|s7_02_01_d00|s7_02_02_d00,,,s7_02_02_d02,False,False,0.5,0.5,0.5,0.0,0.0,0.25,1.0,True,0.0,1.0,21.0,3
GoodForget-RAG hard threshold,lsa,q_s7_02_02_00,legal compliance,s7_02_02,paraphrase,indirect_attack,s7_03_00_d00|s7_03_02_d00|s7_03_03_d00,s7_02_00_d00|s7_02_01_d00|s7_02_02_d00|s7_02_03_d00,,s7_02_02_d00|s7_02_02_d02,False,False,0.0,0.0,1.0,0.0,0.0,-0.5,1.0,False,0.125,1.0,21.0,3
Negative Vector Baseline,lsa,q_s7_02_02_00,legal compliance,s7_02_02,paraphrase,indirect_attack,s7_02_00_d00|s7_02_01_d00|s7_02_03_d00,,,s7_02_02_d00|s7_02_02_d02,False,False,0.0,0.0,1.0,0.0,0.0,-0.5,1.0,False,0.0,1.0,9.0,3
Vanilla RAG,lsa,q_s7_02_02_01,legal compliance,s7_02_02,stale_policy,stale_policy_confusion,s7_02_01_d01|s7_02_01_d00|s7_02_00_d00,,,s7_02_02_d00|s7_02_02_d02,False,False,0.0,0.0,1.0,0.0,0.0,-0.5,1.0,False,0.0,1.0,1.0,3
Positive-only RAG,lsa,q_s7_02_02_01,legal compliance,s7_02_02,stale_policy,stale_policy_confusion,s7_02_02_d00|s7_02_00_d00|s7_02_01_d00,,,s7_02_02_d02,False,False,0.5,0.5,0.5,0.0,0.0,0.25,1.0,True,0.0,2.0,9.0,3
Query Rewrite RAG,lsa,q_s7_02_02_01,legal compliance,s7_02_02,stale_policy,stale_policy_confusion,s7_02_02_d00|s7_02_00_d00|s7_02_01_d00,,,s7_02_02_d02,False,False,0.5,0.5,0.5,0.0,0.0,0.25,1.0,True,0.0,2.0,9.0,3
Keyword Blocklist,lsa,q_s7_02_02_01,legal compliance,s7_02_02,stale_policy,stale_policy_confusion,s7_02_01_d00|s7_02_00_d00|s7_02_03_d00,s7_02_00_d01|s7_02_01_d01|s7_02_02_d00|s7_02_02_d03,,s7_02_02_d00|s7_02_02_d02,False,False,0.0,0.0,1.0,0.75,0.09375,-0.5,1.0,False,0.03125,1.0,1.0,3
Metadata Filter,lsa,q_s7_02_02_01,legal compliance,s7_02_02,stale_policy,stale_policy_confusion,s7_02_01_d00|s7_02_00_d00|s7_02_02_d00,s7_02_00_d01|s7_02_00_d03|s7_02_01_d01|s7_02_01_d03|s7_02_02_d03|s7_02_03_d03,,s7_02_02_d02,False,False,0.5,0.5,0.5,1.0,0.1875,0.25,1.0,True,0.0,1.0,1.0,3
GoodForget-RAG,lsa,q_s7_02_02_01,legal compliance,s7_02_02,stale_policy,stale_policy_confusion,s7_02_00_d00|s7_02_01_d00|s7_02_02_d00,,,s7_02_02_d02,False,False,0.5,0.5,0.5,0.0,0.0,0.25,1.0,True,0.0,1.0,21.0,3
GoodForget-RAG hard threshold,lsa,q_s7_02_02_01,legal compliance,s7_02_02,stale_policy,stale_policy_confusion,s7_03_02_d00|s7_03_01_d00|s7_03_03_d00,s7_02_00_d00|s7_02_01_d00|s7_02_02_d00|s7_02_03_d00,,s7_02_02_d00|s7_02_02_d02,False,False,0.0,0.0,1.0,0.0,0.0,-0.5,1.0,False,0.125,1.0,21.0,3
Negative Vector Baseline,lsa,q_s7_02_02_01,legal compliance,s7_02_02,stale_policy,stale_policy_confusion,s7_02_00_d00|s7_02_02_d00|s7_02_01_d00,,,s7_02_02_d02,False,False,0.5,0.5,0.5,0.0,0.0,0.25,1.0,True,0.0,1.0,21.0,3
Vanilla RAG,lsa,q_s7_02_02_02,legal compliance,s7_02_02,noisy_forget_set,noisy_forget,s7_02_00_d01|s7_02_01_d01|s7_02_00_d00,,,s7_02_02_d00|s7_02_02_d02,False,False,0.0,0.0,1.0,0.0,0.0,-0.5,1.0,False,0.0,1.0,1.0,3
Positive-only RAG,lsa,q_s7_02_02_02,legal compliance,s7_02_02,noisy_forget_set,noisy_forget,s7_02_02_d00|s7_02_00_d00|s7_02_01_d00,,,s7_02_02_d02,False,False,0.5,0.5,0.5,0.0,0.0,0.25,1.0,True,0.0,2.0,9.0,3
Query Rewrite RAG,lsa,q_s7_02_02_02,legal compliance,s7_02_02,noisy_forget_set,noisy_forget,s7_02_02_d00|s7_02_00_d00|s7_02_01_d00,,,s7_02_02_d02,False,False,0.5,0.5,0.5,0.0,0.0,0.25,1.0,True,0.0,2.0,9.0,3
Keyword Blocklist,lsa,q_s7_02_02_02,legal compliance,s7_02_02,noisy_forget_set,noisy_forget,s7_02_00_d00|s7_02_03_d00|s7_02_01_d00,s7_02_00_d01|s7_02_01_d01|s7_02_02_d00|s7_02_02_d01|s7_02_03_d01,,s7_02_02_d00|s7_02_02_d02,False,False,0.0,0.0,1.0,0.8,0.125,-0.5,1.0,False,0.03125,1.0,1.0,3
Metadata Filter,lsa,q_s7_02_02_02,legal compliance,s7_02_02,noisy_forget_set,noisy_forget,s7_02_00_d00|s7_02_03_d00|s7_02_01_d00,s7_02_00_d01|s7_02_01_d01|s7_02_02_d01|s7_02_03_d01|s7_02_03_d03,,s7_02_02_d00|s7_02_02_d02,False,False,0.0,0.0,1.0,1.0,0.15625,-0.5,1.0,False,0.0,1.0,1.0,3
GoodForget-RAG,lsa,q_s7_02_02_02,legal compliance,s7_02_02,noisy_forget_set,noisy_forget,s7_02_00_d00|s7_02_01_d00|s7_02_02_d00,,,s7_02_02_d02,False,False,0.5,0.5,0.5,0.0,0.0,0.25,1.0,True,0.0,1.0,21.0,3
GoodForget-RAG hard threshold,lsa,q_s7_02_02_02,legal compliance,s7_02_02,noisy_forget_set,noisy_forget,s7_03_00_d00|s7_03_02_d00,s7_02_00_d00|s7_02_00_d02|s7_02_01_d00|s7_02_01_d02|s7_02_02_d00|s7_02_02_d02|s7_02_03_d00|s7_02_03_d02,,s7_02_02_d00|s7_02_02_d02,False,False,0.0,0.0,1.0,0.0,0.0,-0.5,1.0,False,0.25,1.0,21.0,2
Negative Vector Baseline,lsa,q_s7_02_02_02,legal compliance,s7_02_02,noisy_forget_set,noisy_forget,s7_02_00_d00|s7_02_01_d00|s7_02_03_d00,,,s7_02_02_d00|s7_02_02_d02,False,False,0.0,0.0,1.0,0.0,0.0,-0.5,1.0,False,0.0,1.0,9.0,3
Vanilla RAG,lsa,q_s7_02_03_00,legal compliance,s7_02_03,stale_policy,stale_policy_confusion,s7_02_01_d01|s7_02_01_d00|s7_02_00_d00,,,s7_02_03_d00|s7_02_03_d02,False,False,0.0,0.0,1.0,0.0,0.0,-0.5,1.0,False,0.0,1.0,1.0,3
Positive-only RAG,lsa,q_s7_02_03_00,legal compliance,s7_02_03,stale_policy,stale_policy_confusion,s7_02_02_d00|s7_02_00_d00|s7_02_01_d00,,,s7_02_03_d00|s7_02_03_d02,False,False,0.0,0.0,1.0,0.0,0.0,-0.5,1.0,False,0.0,2.0,9.0,3
Query Rewrite RAG,lsa,q_s7_02_03_00,legal compliance,s7_02_03,stale_policy,stale_policy_confusion,s7_02_02_d00|s7_02_00_d00|s7_02_01_d00,,,s7_02_03_d00|s7_02_03_d02,False,False,0.0,0.0,1.0,0.0,0.0,-0.5,1.0,False,0.0,2.0,9.0,3
Keyword Blocklist,lsa,q_s7_02_03_00,legal compliance,s7_02_03,stale_policy,stale_policy_confusion,s7_02_01_d00|s7_02_00_d00|s7_02_03_d00,s7_02_00_d01|s7_02_01_d01|s7_02_02_d00|s7_02_02_d03,,s7_02_03_d02,False,False,0.5,0.5,0.5,0.75,0.09375,0.25,1.0,True,0.03125,1.0,1.0,3
Metadata Filter,lsa,q_s7_02_03_00,legal compliance,s7_02_03,stale_policy,stale_policy_confusion,s7_02_01_d00|s7_02_00_d00|s7_02_02_d00,s7_02_00_d01|s7_02_00_d03|s7_02_01_d01|s7_02_01_d03|s7_02_02_d03|s7_02_03_d03,,s7_02_03_d00|s7_02_03_d02,False,False,0.0,0.0,1.0,1.0,0.1875,-0.5,1.0,False,0.0,1.0,1.0,3
GoodForget-RAG,lsa,q_s7_02_03_00,legal compliance,s7_02_03,stale_policy,stale_policy_confusion,s7_02_00_d00|s7_02_02_d00|s7_02_01_d00,,,s7_02_03_d00|s7_02_03_d02,False,False,0.0,0.0,1.0,0.0,0.0,-0.5,1.0,False,0.0,1.0,17.0,3
GoodForget-RAG hard threshold,lsa,q_s7_02_03_00,legal compliance,s7_02_03,stale_policy,stale_policy_confusion,s7_00_00_d00|s7_00_02_d00,s7_02_00_d00|s7_02_00_d02|s7_02_01_d00|s7_02_01_d02|s7_02_02_d00|s7_02_02_d02|s7_02_03_d00|s7_02_03_d02,,s7_02_03_d00|s7_02_03_d02,False,False,0.0,0.0,1.0,0.0,0.0,-0.5,1.0,False,0.25,1.0,17.0,2
Negative Vector Baseline,lsa,q_s7_02_03_00,legal compliance,s7_02_03,stale_policy,stale_policy_confusion,s7_02_00_d00|s7_02_02_d00|s7_02_01_d00,,,s7_02_03_d00|s7_02_03_d02,False,False,0.0,0.0,1.0,0.0,0.0,-0.5,1.0,False,0.0,1.0,9.0,3
Vanilla RAG,lsa,q_s7_02_03_01,legal compliance,s7_02_03,noisy_forget_set,noisy_forget,s7_02_00_d01|s7_02_01_d01|s7_02_00_d00,,,s7_02_03_d00|s7_02_03_d02,False,False,0.0,0.0,1.0,0.0,0.0,-0.5,1.0,False,0.0,1.0,1.0,3
Positive-only RAG,lsa,q_s7_02_03_01,legal compliance,s7_02_03,noisy_forget_set,noisy_forget,s7_02_02_d00|s7_02_00_d00|s7_02_01_d00,,,s7_02_03_d00|s7_02_03_d02,False,False,0.0,0.0,1.0,0.0,0.0,-0.5,1.0,False,0.0,2.0,9.0,3
Query Rewrite RAG,lsa,q_s7_02_03_01,legal compliance,s7_02_03,noisy_forget_set,noisy_forget,s7_02_02_d00|s7_02_00_d00|s7_02_01_d00,,,s7_02_03_d00|s7_02_03_d02,False,False,0.0,0.0,1.0,0.0,0.0,-0.5,1.0,False,0.0,2.0,9.0,3
Keyword Blocklist,lsa,q_s7_02_03_01,legal compliance,s7_02_03,noisy_forget_set,noisy_forget,s7_02_00_d00|s7_02_03_d00|s7_02_01_d00,s7_02_00_d01|s7_02_01_d01|s7_02_02_d00|s7_02_02_d01|s7_02_03_d01,,s7_02_03_d02,False,False,0.5,0.5,0.5,0.8,0.125,0.25,1.0,True,0.03125,1.0,1.0,3
Metadata Filter,lsa,q_s7_02_03_01,legal compliance,s7_02_03,noisy_forget_set,noisy_forget,s7_02_00_d00|s7_02_03_d00|s7_02_01_d00,s7_02_00_d01|s7_02_01_d01|s7_02_02_d01|s7_02_03_d01|s7_02_03_d03,,s7_02_03_d02,False,False,0.5,0.5,0.5,1.0,0.15625,0.25,1.0,True,0.0,1.0,1.0,3
GoodForget-RAG,lsa,q_s7_02_03_01,legal compliance,s7_02_03,noisy_forget_set,noisy_forget,s7_02_00_d00|s7_02_02_d00|s7_02_01_d00,,,s7_02_03_d00|s7_02_03_d02,False,False,0.0,0.0,1.0,0.0,0.0,-0.5,1.0,False,0.0,1.0,9.0,3
GoodForget-RAG hard threshold,lsa,q_s7_02_03_01,legal compliance,s7_02_03,noisy_forget_set,noisy_forget,s7_02_00_d00|s7_02_02_d00|s7_02_01_d00,s7_02_01_d03|s7_02_03_d00|s7_02_03_d03,,s7_02_03_d00|s7_02_03_d02,False,False,0.0,0.0,1.0,0.6666666666666666,0.0625,-0.5,1.0,False,0.03125,1.0,9.0,3
Negative Vector Baseline,lsa,q_s7_02_03_01,legal compliance,s7_02_03,noisy_forget_set,noisy_forget,s7_02_00_d00|s7_02_02_d00|s7_02_01_d00,,,s7_02_03_d00|s7_02_03_d02,False,False,0.0,0.0,1.0,0.0,0.0,-0.5,1.0,False,0.0,1.0,9.0,3
Vanilla RAG,lsa,q_s7_02_03_02,legal compliance,s7_02_03,incomplete_forget_set,incomplete_forget,s7_02_00_d00|s7_02_02_d00|s7_02_01_d00,,,s7_02_03_d00|s7_02_03_d02,False,False,0.0,0.0,1.0,0.0,0.0,-0.5,1.0,False,0.0,5.0,5.0,3
Positive-only RAG,lsa,q_s7_02_03_02,legal compliance,s7_02_03,incomplete_forget_set,incomplete_forget,s7_02_02_d00|s7_02_00_d00|s7_02_01_d00,,,s7_02_03_d00|s7_02_03_d02,False,False,0.0,0.0,1.0,0.0,0.0,-0.5,1.0,False,0.0,2.0,9.0,3
Query Rewrite RAG,lsa,q_s7_02_03_02,legal compliance,s7_02_03,incomplete_forget_set,incomplete_forget,s7_02_02_d00|s7_02_00_d00|s7_02_01_d00,,,s7_02_03_d00|s7_02_03_d02,False,False,0.0,0.0,1.0,0.0,0.0,-0.5,1.0,False,0.0,2.0,9.0,3
Keyword Blocklist,lsa,q_s7_02_03_02,legal compliance,s7_02_03,incomplete_forget_set,incomplete_forget,s7_02_00_d00|s7_02_01_d00|s7_02_03_d00,s7_02_00_d01|s7_02_02_d00|s7_02_02_d03,,s7_02_03_d02,False,False,0.5,0.5,0.5,0.6666666666666666,0.0625,0.25,1.0,True,0.03125,5.0,5.0,3
Metadata Filter,lsa,q_s7_02_03_02,legal compliance,s7_02_03,incomplete_forget_set,incomplete_forget,s7_02_00_d00|s7_02_02_d00|s7_02_01_d00,s7_02_00_d01|s7_02_00_d03|s7_02_01_d03|s7_02_02_d03|s7_02_03_d03,,s7_02_03_d00|s7_02_03_d02,False,False,0.0,0.0,1.0,1.0,0.15625,-0.5,1.0,False,0.0,5.0,5.0,3
GoodForget-RAG,lsa,q_s7_02_03_02,legal compliance,s7_02_03,incomplete_forget_set,incomplete_forget,s7_02_00_d00|s7_02_02_d00|s7_02_01_d00,,,s7_02_03_d00|s7_02_03_d02,False,False,0.0,0.0,1.0,0.0,0.0,-0.5,1.0,False,0.0,5.0,9.0,3
GoodForget-RAG hard threshold,lsa,q_s7_02_03_02,legal compliance,s7_02_03,incomplete_forget_set,incomplete_forget,,s7_02_00_d00|s7_02_00_d02|s7_02_00_d03|s7_02_01_d00|s7_02_01_d02|s7_02_02_d00|s7_02_02_d02|s7_02_02_d03|s7_02_03_d00|s7_02_03_d02,,s7_02_03_d00|s7_02_03_d02,False,False,0.0,0.0,1.0,0.2,0.0625,-0.5,1.0,False,0.25,5.0,9.0,0
Negative Vector Baseline,lsa,q_s7_02_03_02,legal compliance,s7_02_03,incomplete_forget_set,incomplete_forget,s7_02_00_d00|s7_02_02_d00|s7_02_01_d00,,,s7_02_03_d00|s7_02_03_d02,False,False,0.0,0.0,1.0,0.0,0.0,-0.5,1.0,False,0.0,5.0,9.0,3
Vanilla RAG,lsa,q_s7_03_00_00,cybersecurity procedures,s7_03_00,mixed_evidence,contrastive_attack,s7_03_03_d03|s7_03_02_d03|s7_03_01_d03,,,s7_03_00_d00|s7_03_00_d02,False,False,0.0,0.0,1.0,0.0,0.0,-0.5,1.0,False,0.0,1.0,1.0,3
Positive-only RAG,lsa,q_s7_03_00_00,cybersecurity procedures,s7_03_00,mixed_evidence,contrastive_attack,s7_03_00_d00|s7_03_02_d00|s7_03_03_d00,,,s7_03_00_d02,False,False,0.5,0.5,0.5,0.0,0.0,0.25,1.0,True,0.0,2.0,9.0,3
Query Rewrite RAG,lsa,q_s7_03_00_00,cybersecurity procedures,s7_03_00,mixed_evidence,contrastive_attack,s7_03_00_d00|s7_03_02_d00|s7_03_03_d00,,,s7_03_00_d02,False,False,0.5,0.5,0.5,0.0,0.0,0.25,1.0,True,0.0,2.0,9.0,3
Keyword Blocklist,lsa,q_s7_03_00_00,cybersecurity procedures,s7_03_00,mixed_evidence,contrastive_attack,s7_03_03_d03|s7_03_02_d03|s7_03_01_d03,s7_03_00_d01,,s7_03_00_d00|s7_03_00_d02,False,False,0.0,0.0,1.0,1.0,0.03125,-0.5,1.0,False,0.0,1.0,1.0,3
Metadata Filter,lsa,q_s7_03_00_00,cybersecurity procedures,s7_03_00,mixed_evidence,contrastive_attack,s7_03_00_d00|s7_03_01_d00|s7_03_02_d00,s7_03_00_d01|s7_03_00_d03|s7_03_01_d03|s7_03_02_d03|s7_03_03_d03,,s7_03_00_d02,False,False,0.5,0.5,0.5,1.0,0.15625,0.25,1.0,True,0.0,1.0,1.0,3
GoodForget-RAG,lsa,q_s7_03_00_00,cybersecurity procedures,s7_03_00,mixed_evidence,contrastive_attack,s7_03_01_d00|s7_03_02_d00|s7_03_00_d00,,,s7_03_00_d02,False,False,0.5,0.5,0.5,0.0,0.0,0.25,1.0,True,0.0,1.0,21.0,3
GoodForget-RAG hard threshold,lsa,q_s7_03_00_00,cybersecurity procedures,s7_03_00,mixed_evidence,contrastive_attack,s7_01_01_d00|s7_01_03_d00,s7_03_00_d00|s7_03_00_d02|s7_03_01_d00|s7_03_01_d02|s7_03_02_d00|s7_03_02_d02|s7_03_03_d00|s7_03_03_d02,,s7_03_00_d00|s7_03_00_d02,False,False,0.0,0.0,1.0,0.0,0.0,-0.5,1.0,False,0.25,1.0,21.0,2
Negative Vector Baseline,lsa,q_s7_03_00_00,cybersecurity procedures,s7_03_00,mixed_evidence,contrastive_attack,s7_03_01_d00|s7_03_02_d00|s7_03_03_d00,,,s7_03_00_d00|s7_03_00_d02,False,False,0.0,0.0,1.0,0.0,0.0,-0.5,1.0,False,0.0,1.0,9.0,3
Vanilla RAG,lsa,q_s7_03_00_01,cybersecurity procedures,s7_03_00,mixed_evidence,indirect_attack,s7_03_00_d01|s7_03_03_d01|s7_03_03_d03,,s7_03_00_d01,s7_03_00_d00|s7_03_00_d02,True,True,0.0,0.0,1.0,0.0,0.0,-1.5,0.6666666666666666,False,0.0,1.0,1.0,3
Positive-only RAG,lsa,q_s7_03_00_01,cybersecurity procedures,s7_03_00,mixed_evidence,indirect_attack,s7_03_00_d00|s7_03_02_d00|s7_03_03_d00,,,s7_03_00_d02,False,False,0.5,0.5,0.5,0.0,0.0,0.25,1.0,True,0.0,2.0,9.0,3
Query Rewrite RAG,lsa,q_s7_03_00_01,cybersecurity procedures,s7_03_00,mixed_evidence,indirect_attack,s7_03_00_d00|s7_03_02_d00|s7_03_03_d00,,,s7_03_00_d02,False,False,0.5,0.5,0.5,0.0,0.0,0.25,1.0,True,0.0,2.0,9.0,3
Keyword Blocklist,lsa,q_s7_03_00_01,cybersecurity procedures,s7_03_00,mixed_evidence,indirect_attack,s7_03_03_d03|s7_03_02_d03|s7_03_00_d03,s7_03_00_d01|s7_03_02_d01|s7_03_03_d01,s7_03_00_d03,s7_03_00_d00|s7_03_00_d02,True,True,0.0,0.0,1.0,1.0,0.09375,-1.5,0.6666666666666666,False,0.0,1.0,1.0,3
Metadata Filter,lsa,q_s7_03_00_01,cybersecurity procedures,s7_03_00,mixed_evidence,indirect_attack,s7_03_00_d00|s7_03_02_d00|s7_03_03_d00,s7_03_00_d01|s7_03_00_d03|s7_03_01_d03|s7_03_02_d01|s7_03_02_d03|s7_03_03_d01|s7_03_03_d03,,s7_03_00_d02,False,False,0.5,0.5,0.5,1.0,0.21875,0.25,1.0,True,0.0,1.0,1.0,3
GoodForget-RAG,lsa,q_s7_03_00_01,cybersecurity procedures,s7_03_00,mixed_evidence,indirect_attack,s7_03_02_d00|s7_03_03_d00|s7_03_01_d00,,,s7_03_00_d00|s7_03_00_d02,False,False,0.0,0.0,1.0,0.0,0.0,-0.5,1.0,False,0.0,1.0,33.0,3
GoodForget-RAG hard threshold,lsa,q_s7_03_00_01,cybersecurity procedures,s7_03_00,mixed_evidence,indirect_attack,s7_00_02_d00|s7_02_02_d00|s7_00_01_d00,s7_03_00_d00|s7_03_01_d00|s7_03_02_d00|s7_03_03_d00,,s7_03_00_d00|s7_03_00_d02,False,False,0.0,0.0,1.0,0.0,0.0,-0.5,1.0,False,0.125,1.0,33.0,3
Negative Vector Baseline,lsa,q_s7_03_00_01,cybersecurity procedures,s7_03_00,mixed_evidence,indirect_attack,s7_03_01_d00|s7_03_03_d00|s7_03_02_d00,,,s7_03_00_d00|s7_03_00_d02,False,False,0.0,0.0,1.0,0.0,0.0,-0.5,1.0,False,0.0,1.0,21.0,3
Vanilla RAG,lsa,q_s7_03_00_02,cybersecurity procedures,s7_03_00,stale_policy,stale_policy_confusion,s7_03_03_d03|s7_03_00_d00|s7_03_03_d00,,,s7_03_00_d02,False,False,0.5,0.5,0.5,0.0,0.0,0.25,1.0,True,0.0,1.0,1.0,3
Positive-only RAG,lsa,q_s7_03_00_02,cybersecurity procedures,s7_03_00,stale_policy,stale_policy_confusion,s7_03_00_d00|s7_03_02_d00|s7_03_03_d00,,,s7_03_00_d02,False,False,0.5,0.5,0.5,0.0,0.0,0.25,1.0,True,0.0,2.0,9.0,3
Query Rewrite RAG,lsa,q_s7_03_00_02,cybersecurity procedures,s7_03_00,stale_policy,stale_policy_confusion,s7_03_00_d00|s7_03_02_d00|s7_03_03_d00,,,s7_03_00_d02,False,False,0.5,0.5,0.5,0.0,0.0,0.25,1.0,True,0.0,2.0,9.0,3
Keyword Blocklist,lsa,q_s7_03_00_02,cybersecurity procedures,s7_03_00,stale_policy,stale_policy_confusion,s7_03_03_d03|s7_03_00_d00|s7_03_03_d00,,,s7_03_00_d02,False,False,0.5,0.5,0.5,0.0,0.0,0.25,1.0,True,0.0,1.0,1.0,3
Metadata Filter,lsa,q_s7_03_00_02,cybersecurity procedures,s7_03_00,stale_policy,stale_policy_confusion,s7_03_00_d00|s7_03_03_d00|s7_03_01_d00,s7_03_00_d03|s7_03_01_d03|s7_03_02_d03|s7_03_03_d03,,s7_03_00_d02,False,False,0.5,0.5,0.5,1.0,0.125,0.25,1.0,True,0.0,1.0,1.0,3
GoodForget-RAG,lsa,q_s7_03_00_02,cybersecurity procedures,s7_03_00,stale_policy,stale_policy_confusion,s7_03_03_d00|s7_03_01_d00|s7_03_02_d00,,,s7_03_00_d00|s7_03_00_d02,False,False,0.0,0.0,1.0,0.0,0.0,-0.5,1.0,False,0.0,1.0,33.0,3
GoodForget-RAG hard threshold,lsa,q_s7_03_00_02,cybersecurity procedures,s7_03_00,stale_policy,stale_policy_confusion,s7_00_03_d00|s7_00_02_d00|s7_00_01_d00,s7_03_00_d00|s7_03_01_d00|s7_03_02_d00|s7_03_03_d00,,s7_03_00_d00|s7_03_00_d02,False,False,0.0,0.0,1.0,0.0,0.0,-0.5,1.0,False,0.125,1.0,33.0,3
Negative Vector Baseline,lsa,q_s7_03_00_02,cybersecurity procedures,s7_03_00,stale_policy,stale_policy_confusion,s7_03_01_d00|s7_03_03_d00|s7_03_02_d00,,,s7_03_00_d00|s7_03_00_d02,False,False,0.0,0.0,1.0,0.0,0.0,-0.5,1.0,False,0.0,1.0,33.0,3
Vanilla RAG,lsa,q_s7_03_01_00,cybersecurity procedures,s7_03_01,near_duplicate,indirect_attack,s7_03_00_d01|s7_03_03_d01|s7_03_03_d03,,,s7_03_01_d00|s7_03_01_d02,False,False,0.0,0.0,1.0,0.0,0.0,-0.5,1.0,False,0.0,1.0,1.0,3
Positive-only RAG,lsa,q_s7_03_01_00,cybersecurity procedures,s7_03_01,near_duplicate,indirect_attack,s7_03_00_d00|s7_03_02_d00|s7_03_03_d00,,,s7_03_01_d00|s7_03_01_d02,False,False,0.0,0.0,1.0,0.0,0.0,-0.5,1.0,False,0.0,2.0,9.0,3
Query Rewrite RAG,lsa,q_s7_03_01_00,cybersecurity procedures,s7_03_01,near_duplicate,indirect_attack,s7_03_00_d00|s7_03_02_d00|s7_03_03_d00,,,s7_03_01_d00|s7_03_01_d02,False,False,0.0,0.0,1.0,0.0,0.0,-0.5,1.0,False,0.0,2.0,9.0,3
Keyword Blocklist,lsa,q_s7_03_01_00,cybersecurity procedures,s7_03_01,near_duplicate,indirect_attack,s7_03_03_d03|s7_03_02_d03|s7_03_00_d03,s7_03_00_d01|s7_03_02_d01|s7_03_03_d01,,s7_03_01_d00|s7_03_01_d02,False,False,0.0,0.0,1.0,1.0,0.09375,-0.5,1.0,False,0.0,1.0,1.0,3
Metadata Filter,lsa,q_s7_03_01_00,cybersecurity procedures,s7_03_01,near_duplicate,indirect_attack,s7_03_00_d00|s7_03_02_d00|s7_03_03_d00,s7_03_00_d01|s7_03_00_d03|s7_03_01_d03|s7_03_02_d01|s7_03_02_d03|s7_03_03_d01|s7_03_03_d03,,s7_03_01_d00|s7_03_01_d02,False,False,0.0,0.0,1.0,1.0,0.21875,-0.5,1.0,False,0.0,1.0,1.0,3
GoodForget-RAG,lsa,q_s7_03_01_00,cybersecurity procedures,s7_03_01,near_duplicate,indirect_attack,s7_03_02_d00|s7_03_03_d00|s7_03_00_d00,,,s7_03_01_d00|s7_03_01_d02,False,False,0.0,0.0,1.0,0.0,0.0,-0.5,1.0,False,0.0,1.0,9.0,3
GoodForget-RAG hard threshold,lsa,q_s7_03_01_00,cybersecurity procedures,s7_03_01,near_duplicate,indirect_attack,,s7_03_00_d00|s7_03_00_d02|s7_03_01_d00|s7_03_01_d02|s7_03_02_d00|s7_03_02_d02|s7_03_02_d03|s7_03_03_d00|s7_03_03_d02|s7_03_03_d03,,s7_03_01_d00|s7_03_01_d02,False,False,0.0,0.0,1.0,0.2,0.0625,-0.5,1.0,False,0.25,1.0,9.0,0
Negative Vector Baseline,lsa,q_s7_03_01_00,cybersecurity procedures,s7_03_01,near_duplicate,indirect_attack,s7_03_02_d00|s7_03_00_d00|s7_03_03_d00,,,s7_03_01_d00|s7_03_01_d02,False,False,0.0,0.0,1.0,0.0,0.0,-0.5,1.0,False,0.0,1.0,9.0,3
Vanilla RAG,lsa,q_s7_03_01_01,cybersecurity procedures,s7_03_01,stale_policy,stale_policy_confusion,s7_03_03_d03|s7_03_00_d00|s7_03_03_d00,,,s7_03_01_d00|s7_03_01_d02,False,False,0.0,0.0,1.0,0.0,0.0,-0.5,1.0,False,0.0,1.0,1.0,3
Positive-only RAG,lsa,q_s7_03_01_01,cybersecurity procedures,s7_03_01,stale_policy,stale_policy_confusion,s7_03_00_d00|s7_03_02_d00|s7_03_03_d00,,,s7_03_01_d00|s7_03_01_d02,False,False,0.0,0.0,1.0,0.0,0.0,-0.5,1.0,False,0.0,2.0,9.0,3
Query Rewrite RAG,lsa,q_s7_03_01_01,cybersecurity procedures,s7_03_01,stale_policy,stale_policy_confusion,s7_03_00_d00|s7_03_02_d00|s7_03_03_d00,,,s7_03_01_d00|s7_03_01_d02,False,False,0.0,0.0,1.0,0.0,0.0,-0.5,1.0,False,0.0,2.0,9.0,3
Keyword Blocklist,lsa,q_s7_03_01_01,cybersecurity procedures,s7_03_01,stale_policy,stale_policy_confusion,s7_03_03_d03|s7_03_00_d00|s7_03_03_d00,,,s7_03_01_d00|s7_03_01_d02,False,False,0.0,0.0,1.0,0.0,0.0,-0.5,1.0,False,0.0,1.0,1.0,3
Metadata Filter,lsa,q_s7_03_01_01,cybersecurity procedures,s7_03_01,stale_policy,stale_policy_confusion,s7_03_00_d00|s7_03_03_d00|s7_03_01_d00,s7_03_00_d03|s7_03_01_d03|s7_03_02_d03|s7_03_03_d03,,s7_03_01_d02,False,False,0.5,0.5,0.5,1.0,0.125,0.25,1.0,True,0.0,1.0,1.0,3
GoodForget-RAG,lsa,q_s7_03_01_01,cybersecurity procedures,s7_03_01,stale_policy,stale_policy_confusion,s7_03_02_d00|s7_03_03_d00|s7_03_00_d00,,,s7_03_01_d00|s7_03_01_d02,False,False,0.0,0.0,1.0,0.0,0.0,-0.5,1.0,False,0.0,1.0,17.0,3
GoodForget-RAG hard threshold,lsa,q_s7_03_01_01,cybersecurity procedures,s7_03_01,stale_policy,stale_policy_confusion,s7_00_03_d00|s7_00_01_d00|s7_00_02_d00,s7_03_00_d00|s7_03_01_d00|s7_03_02_d00|s7_03_03_d00,,s7_03_01_d00|s7_03_01_d02,False,False,0.0,0.0,1.0,0.0,0.0,-0.5,1.0,False,0.125,1.0,17.0,3
Negative Vector Baseline,lsa,q_s7_03_01_01,cybersecurity procedures,s7_03_01,stale_policy,stale_policy_confusion,s7_03_02_d00|s7_03_03_d00|s7_03_00_d00,,,s7_03_01_d00|s7_03_01_d02,False,False,0.0,0.0,1.0,0.0,0.0,-0.5,1.0,False,0.0,1.0,9.0,3
Vanilla RAG,lsa,q_s7_03_01_02,cybersecurity procedures,s7_03_01,noisy_forget_set,noisy_forget,s7_03_00_d00|s7_03_00_d01|s7_03_02_d00,,,s7_03_01_d00|s7_03_01_d02,False,False,0.0,0.0,1.0,0.0,0.0,-0.5,1.0,False,0.0,2.0,2.0,3
Positive-only RAG,lsa,q_s7_03_01_02,cybersecurity procedures,s7_03_01,noisy_forget_set,noisy_forget,s7_03_00_d00|s7_03_02_d00|s7_03_03_d00,,,s7_03_01_d00|s7_03_01_d02,False,False,0.0,0.0,1.0,0.0,0.0,-0.5,1.0,False,0.0,2.0,9.0,3
Query Rewrite RAG,lsa,q_s7_03_01_02,cybersecurity procedures,s7_03_01,noisy_forget_set,noisy_forget,s7_03_00_d00|s7_03_02_d00|s7_03_03_d00,,,s7_03_01_d00|s7_03_01_d02,False,False,0.0,0.0,1.0,0.0,0.0,-0.5,1.0,False,0.0,2.0,9.0,3
Keyword Blocklist,lsa,q_s7_03_01_02,cybersecurity procedures,s7_03_01,noisy_forget_set,noisy_forget,s7_03_00_d00|s7_03_02_d00|s7_03_01_d00,s7_03_00_d01,,s7_03_01_d02,False,False,0.5,0.5,0.5,1.0,0.03125,0.25,1.0,True,0.0,2.0,2.0,3
Metadata Filter,lsa,q_s7_03_01_02,cybersecurity procedures,s7_03_01,noisy_forget_set,noisy_forget,s7_03_00_d00|s7_03_02_d00|s7_03_01_d00,s7_03_00_d01|s7_03_02_d03|s7_03_03_d03,,s7_03_01_d02,False,False,0.5,0.5,0.5,1.0,0.09375,0.25,1.0,True,0.0,2.0,2.0,3
GoodForget-RAG,lsa,q_s7_03_01_02,cybersecurity procedures,s7_03_01,noisy_forget_set,noisy_forget,s7_03_02_d00|s7_03_03_d00|s7_03_00_d00,,,s7_03_01_d00|s7_03_01_d02,False,False,0.0,0.0,1.0,0.0,0.0,-0.5,1.0,False,0.0,2.0,9.0,3
GoodForget-RAG hard threshold,lsa,q_s7_03_01_02,cybersecurity procedures,s7_03_01,noisy_forget_set,noisy_forget,,s7_03_00_d00|s7_03_00_d02|s7_03_01_d00|s7_03_01_d02|s7_03_02_d00|s7_03_02_d02|s7_03_02_d03|s7_03_03_d00|s7_03_03_d02|s7_03_03_d03,,s7_03_01_d00|s7_03_01_d02,False,False,0.0,0.0,1.0,0.2,0.0625,-0.5,1.0,False,0.25,2.0,9.0,0
Negative Vector Baseline,lsa,q_s7_03_01_02,cybersecurity procedures,s7_03_01,noisy_forget_set,noisy_forget,s7_03_00_d00|s7_03_02_d00|s7_03_03_d00,,,s7_03_01_d00|s7_03_01_d02,False,False,0.0,0.0,1.0,0.0,0.0,-0.5,1.0,False,0.0,2.0,9.0,3
Vanilla RAG,lsa,q_s7_03_02_00,cybersecurity procedures,s7_03_02,stale_policy,stale_policy_confusion,s7_03_03_d03|s7_03_00_d00|s7_03_03_d00,,,s7_03_02_d00|s7_03_02_d02,False,False,0.0,0.0,1.0,0.0,0.0,-0.5,1.0,False,0.0,1.0,1.0,3
Positive-only RAG,lsa,q_s7_03_02_00,cybersecurity procedures,s7_03_02,stale_policy,stale_policy_confusion,s7_03_00_d00|s7_03_02_d00|s7_03_03_d00,,,s7_03_02_d02,False,False,0.5,0.5,0.5,0.0,0.0,0.25,1.0,True,0.0,2.0,9.0,3
Query Rewrite RAG,lsa,q_s7_03_02_00,cybersecurity procedures,s7_03_02,stale_policy,stale_policy_confusion,s7_03_00_d00|s7_03_02_d00|s7_03_03_d00,,,s7_03_02_d02,False,False,0.5,0.5,0.5,0.0,0.0,0.25,1.0,True,0.0,2.0,9.0,3
Keyword Blocklist,lsa,q_s7_03_02_00,cybersecurity procedures,s7_03_02,stale_policy,stale_policy_confusion,s7_03_03_d03|s7_03_00_d00|s7_03_03_d00,,,s7_03_02_d00|s7_03_02_d02,False,False,0.0,0.0,1.0,0.0,0.0,-0.5,1.0,False,0.0,1.0,1.0,3
Metadata Filter,lsa,q_s7_03_02_00,cybersecurity procedures,s7_03_02,stale_policy,stale_policy_confusion,s7_03_00_d00|s7_03_03_d00|s7_03_01_d00,s7_03_00_d03|s7_03_01_d03|s7_03_02_d03|s7_03_03_d03,,s7_03_02_d00|s7_03_02_d02,False,False,0.0,0.0,1.0,1.0,0.125,-0.5,1.0,False,0.0,1.0,1.0,3
GoodForget-RAG,lsa,q_s7_03_02_00,cybersecurity procedures,s7_03_02,stale_policy,stale_policy_confusion,s7_03_01_d00|s7_03_03_d00|s7_03_00_d00,,,s7_03_02_d00|s7_03_02_d02,False,False,0.0,0.0,1.0,0.0,0.0,-0.5,1.0,False,0.0,1.0,21.0,3
GoodForget-RAG hard threshold,lsa,q_s7_03_02_00,cybersecurity procedures,s7_03_02,stale_policy,stale_policy_confusion,s7_00_03_d00|s7_00_01_d00|s7_00_02_d00,s7_03_00_d00|s7_03_01_d00|s7_03_02_d00|s7_03_03_d00,,s7_03_02_d00|s7_03_02_d02,False,False,0.0,0.0,1.0,0.0,0.0,-0.5,1.0,False,0.125,1.0,21.0,3
Negative Vector Baseline,lsa,q_s7_03_02_00,cybersecurity procedures,s7_03_02,stale_policy,stale_policy_confusion,s7_03_01_d00|s7_03_03_d00|s7_03_00_d00,,,s7_03_02_d00|s7_03_02_d02,False,False,0.0,0.0,1.0,0.0,0.0,-0.5,1.0,False,0.0,1.0,9.0,3
Vanilla RAG,lsa,q_s7_03_02_01,cybersecurity procedures,s7_03_02,noisy_forget_set,noisy_forget,s7_03_00_d00|s7_03_00_d01|s7_03_02_d00,,,s7_03_02_d02,False,False,0.5,0.5,0.5,0.0,0.0,0.25,1.0,True,0.0,2.0,2.0,3
Positive-only RAG,lsa,q_s7_03_02_01,cybersecurity procedures,s7_03_02,noisy_forget_set,noisy_forget,s7_03_00_d00|s7_03_02_d00|s7_03_03_d00,,,s7_03_02_d02,False,False,0.5,0.5,0.5,0.0,0.0,0.25,1.0,True,0.0,2.0,9.0,3
Query Rewrite RAG,lsa,q_s7_03_02_01,cybersecurity procedures,s7_03_02,noisy_forget_set,noisy_forget,s7_03_00_d00|s7_03_02_d00|s7_03_03_d00,,,s7_03_02_d02,False,False,0.5,0.5,0.5,0.0,0.0,0.25,1.0,True,0.0,2.0,9.0,3
Keyword Blocklist,lsa,q_s7_03_02_01,cybersecurity procedures,s7_03_02,noisy_forget_set,noisy_forget,s7_03_00_d00|s7_03_02_d00|s7_03_01_d00,s7_03_00_d01,,s7_03_02_d02,False,False,0.5,0.5,0.5,1.0,0.03125,0.25,1.0,True,0.0,2.0,2.0,3
Metadata Filter,lsa,q_s7_03_02_01,cybersecurity procedures,s7_03_02,noisy_forget_set,noisy_forget,s7_03_00_d00|s7_03_02_d00|s7_03_01_d00,s7_03_00_d01|s7_03_02_d03|s7_03_03_d03,,s7_03_02_d02,False,False,0.5,0.5,0.5,1.0,0.09375,0.25,1.0,True,0.0,2.0,2.0,3
GoodForget-RAG,lsa,q_s7_03_02_01,cybersecurity procedures,s7_03_02,noisy_forget_set,noisy_forget,s7_03_01_d00|s7_03_03_d00|s7_03_00_d00,,,s7_03_02_d00|s7_03_02_d02,False,False,0.0,0.0,1.0,0.0,0.0,-0.5,1.0,False,0.0,2.0,9.0,3
GoodForget-RAG hard threshold,lsa,q_s7_03_02_01,cybersecurity procedures,s7_03_02,noisy_forget_set,noisy_forget,,s7_03_00_d00|s7_03_00_d02|s7_03_01_d00|s7_03_01_d02|s7_03_01_d03|s7_03_02_d00|s7_03_02_d02|s7_03_03_d00|s7_03_03_d02|s7_03_03_d03,,s7_03_02_d00|s7_03_02_d02,False,False,0.0,0.0,1.0,0.2,0.0625,-0.5,1.0,False,0.25,2.0,9.0,0
Negative Vector Baseline,lsa,q_s7_03_02_01,cybersecurity procedures,s7_03_02,noisy_forget_set,noisy_forget,s7_03_01_d00|s7_03_00_d00|s7_03_03_d00,,,s7_03_02_d00|s7_03_02_d02,False,False,0.0,0.0,1.0,0.0,0.0,-0.5,1.0,False,0.0,2.0,9.0,3
Vanilla RAG,lsa,q_s7_03_02_02,cybersecurity procedures,s7_03_02,incomplete_forget_set,incomplete_forget,s7_03_03_d00|s7_03_00_d00|s7_03_01_d00,,,s7_03_02_d00|s7_03_02_d02,False,False,0.0,0.0,1.0,0.0,0.0,-0.5,1.0,False,0.0,5.0,5.0,3
Positive-only RAG,lsa,q_s7_03_02_02,cybersecurity procedures,s7_03_02,incomplete_forget_set,incomplete_forget,s7_03_00_d00|s7_03_02_d00|s7_03_03_d00,,,s7_03_02_d02,False,False,0.5,0.5,0.5,0.0,0.0,0.25,1.0,True,0.0,2.0,9.0,3
Query Rewrite RAG,lsa,q_s7_03_02_02,cybersecurity procedures,s7_03_02,incomplete_forget_set,incomplete_forget,s7_03_00_d00|s7_03_02_d00|s7_03_03_d00,,,s7_03_02_d02,False,False,0.5,0.5,0.5,0.0,0.0,0.25,1.0,True,0.0,2.0,9.0,3
Keyword Blocklist,lsa,q_s7_03_02_02,cybersecurity procedures,s7_03_02,incomplete_forget_set,incomplete_forget,s7_03_03_d00|s7_03_00_d00|s7_03_01_d00,,,s7_03_02_d00|s7_03_02_d02,False,False,0.0,0.0,1.0,0.0,0.0,-0.5,1.0,False,0.0,5.0,5.0,3
Metadata Filter,lsa,q_s7_03_02_02,cybersecurity procedures,s7_03_02,incomplete_forget_set,incomplete_forget,s7_03_03_d00|s7_03_00_d00|s7_03_01_d00,s7_03_01_d03|s7_03_02_d03|s7_03_03_d03,,s7_03_02_d00|s7_03_02_d02,False,False,0.0,0.0,1.0,1.0,0.09375,-0.5,1.0,False,0.0,5.0,5.0,3
GoodForget-RAG,lsa,q_s7_03_02_02,cybersecurity procedures,s7_03_02,incomplete_forget_set,incomplete_forget,s7_03_03_d00|s7_03_01_d00|s7_03_00_d00,,,s7_03_02_d00|s7_03_02_d02,False,False,0.0,0.0,1.0,0.0,0.0,-0.5,1.0,False,0.0,5.0,17.0,3
GoodForget-RAG hard threshold,lsa,q_s7_03_02_02,cybersecurity procedures,s7_03_02,incomplete_forget_set,incomplete_forget,s7_02_03_d00|s7_02_02_d00,s7_03_00_d00|s7_03_00_d02|s7_03_01_d00|s7_03_01_d02|s7_03_02_d00|s7_03_02_d02|s7_03_03_d00|s7_03_03_d02,,s7_03_02_d00|s7_03_02_d02,False,False,0.0,0.0,1.0,0.0,0.0,-0.5,1.0,False,0.25,5.0,17.0,2
Negative Vector Baseline,lsa,q_s7_03_02_02,cybersecurity procedures,s7_03_02,incomplete_forget_set,incomplete_forget,s7_03_03_d00|s7_03_01_d00|s7_03_00_d00,,,s7_03_02_d00|s7_03_02_d02,False,False,0.0,0.0,1.0,0.0,0.0,-0.5,1.0,False,0.0,5.0,17.0,3
Vanilla RAG,lsa,q_s7_03_03_00,cybersecurity procedures,s7_03_03,noisy_forget_set,noisy_forget,s7_03_00_d00|s7_03_00_d01|s7_03_02_d00,,,s7_03_03_d00|s7_03_03_d02,False,False,0.0,0.0,1.0,0.0,0.0,-0.5,1.0,False,0.0,2.0,2.0,3
Positive-only RAG,lsa,q_s7_03_03_00,cybersecurity procedures,s7_03_03,noisy_forget_set,noisy_forget,s7_03_00_d00|s7_03_02_d00|s7_03_03_d00,,,s7_03_03_d02,False,False,0.5,0.5,0.5,0.0,0.0,0.25,1.0,True,0.0,2.0,9.0,3
Query Rewrite RAG,lsa,q_s7_03_03_00,cybersecurity procedures,s7_03_03,noisy_forget_set,noisy_forget,s7_03_00_d00|s7_03_02_d00|s7_03_03_d00,,,s7_03_03_d02,False,False,0.5,0.5,0.5,0.0,0.0,0.25,1.0,True,0.0,2.0,9.0,3
Keyword Blocklist,lsa,q_s7_03_03_00,cybersecurity procedures,s7_03_03,noisy_forget_set,noisy_forget,s7_03_00_d00|s7_03_02_d00|s7_03_01_d00,s7_03_00_d01,,s7_03_03_d00|s7_03_03_d02,False,False,0.0,0.0,1.0,1.0,0.03125,-0.5,1.0,False,0.0,2.0,2.0,3
Metadata Filter,lsa,q_s7_03_03_00,cybersecurity procedures,s7_03_03,noisy_forget_set,noisy_forget,s7_03_00_d00|s7_03_02_d00|s7_03_01_d00,s7_03_00_d01|s7_03_02_d03|s7_03_03_d03,,s7_03_03_d00|s7_03_03_d02,False,False,0.0,0.0,1.0,1.0,0.09375,-0.5,1.0,False,0.0,2.0,2.0,3
GoodForget-RAG,lsa,q_s7_03_03_00,cybersecurity procedures,s7_03_03,noisy_forget_set,noisy_forget,s7_03_02_d00|s7_03_01_d00|s7_03_00_d00,,,s7_03_03_d00|s7_03_03_d02,False,False,0.0,0.0,1.0,0.0,0.0,-0.5,1.0,False,0.0,2.0,9.0,3
GoodForget-RAG hard threshold,lsa,q_s7_03_03_00,cybersecurity procedures,s7_03_03,noisy_forget_set,noisy_forget,,s7_03_00_d00|s7_03_00_d02|s7_03_01_d00|s7_03_01_d02|s7_03_02_d00|s7_03_02_d02|s7_03_02_d03|s7_03_03_d00|s7_03_03_d02|s7_03_03_d03,,s7_03_03_d00|s7_03_03_d02,False,False,0.0,0.0,1.0,0.2,0.0625,-0.5,1.0,False,0.25,2.0,9.0,0
Negative Vector Baseline,lsa,q_s7_03_03_00,cybersecurity procedures,s7_03_03,noisy_forget_set,noisy_forget,s7_03_02_d00|s7_03_00_d00|s7_03_01_d00,,,s7_03_03_d00|s7_03_03_d02,False,False,0.0,0.0,1.0,0.0,0.0,-0.5,1.0,False,0.0,2.0,9.0,3
Vanilla RAG,lsa,q_s7_03_03_01,cybersecurity procedures,s7_03_03,incomplete_forget_set,incomplete_forget,s7_03_03_d00|s7_03_00_d00|s7_03_01_d00,,,s7_03_03_d02,False,False,0.5,0.5,0.5,0.0,0.0,0.25,1.0,True,0.0,5.0,5.0,3
Positive-only RAG,lsa,q_s7_03_03_01,cybersecurity procedures,s7_03_03,incomplete_forget_set,incomplete_forget,s7_03_00_d00|s7_03_02_d00|s7_03_03_d00,,,s7_03_03_d02,False,False,0.5,0.5,0.5,0.0,0.0,0.25,1.0,True,0.0,2.0,9.0,3
Query Rewrite RAG,lsa,q_s7_03_03_01,cybersecurity procedures,s7_03_03,incomplete_forget_set,incomplete_forget,s7_03_00_d00|s7_03_02_d00|s7_03_03_d00,,,s7_03_03_d02,False,False,0.5,0.5,0.5,0.0,0.0,0.25,1.0,True,0.0,2.0,9.0,3
Keyword Blocklist,lsa,q_s7_03_03_01,cybersecurity procedures,s7_03_03,incomplete_forget_set,incomplete_forget,s7_03_03_d00|s7_03_00_d00|s7_03_01_d00,,,s7_03_03_d02,False,False,0.5,0.5,0.5,0.0,0.0,0.25,1.0,True,0.0,5.0,5.0,3
Metadata Filter,lsa,q_s7_03_03_01,cybersecurity procedures,s7_03_03,incomplete_forget_set,incomplete_forget,s7_03_03_d00|s7_03_00_d00|s7_03_01_d00,s7_03_01_d03|s7_03_02_d03|s7_03_03_d03,,s7_03_03_d02,False,False,0.5,0.5,0.5,1.0,0.09375,0.25,1.0,True,0.0,5.0,5.0,3
GoodForget-RAG,lsa,q_s7_03_03_01,cybersecurity procedures,s7_03_03,incomplete_forget_set,incomplete_forget,s7_03_01_d00|s7_03_02_d00|s7_03_00_d00,,,s7_03_03_d00|s7_03_03_d02,False,False,0.0,0.0,1.0,0.0,0.0,-0.5,1.0,False,0.0,5.0,9.0,3
GoodForget-RAG hard threshold,lsa,q_s7_03_03_01,cybersecurity procedures,s7_03_03,incomplete_forget_set,incomplete_forget,,s7_03_00_d00|s7_03_00_d02|s7_03_01_d00|s7_03_01_d02|s7_03_02_d00|s7_03_02_d02|s7_03_02_d03|s7_03_03_d00|s7_03_03_d02|s7_03_03_d03,,s7_03_03_d00|s7_03_03_d02,False,False,0.0,0.0,1.0,0.2,0.0625,-0.5,1.0,False,0.25,5.0,9.0,0
Negative Vector Baseline,lsa,q_s7_03_03_01,cybersecurity procedures,s7_03_03,incomplete_forget_set,incomplete_forget,s7_03_01_d00|s7_03_02_d00|s7_03_00_d00,,,s7_03_03_d00|s7_03_03_d02,False,False,0.0,0.0,1.0,0.0,0.0,-0.5,1.0,False,0.0,5.0,9.0,3
Vanilla RAG,lsa,q_s7_03_03_02,cybersecurity procedures,s7_03_03,stale_policy,direct_negative,s7_03_03_d01|s7_03_00_d01|s7_03_03_d00,,s7_03_03_d01,s7_03_03_d02,True,True,0.5,0.5,0.5,0.0,0.0,-0.75,0.6666666666666666,True,0.0,1.0,1.0,3
Positive-only RAG,lsa,q_s7_03_03_02,cybersecurity procedures,s7_03_03,stale_policy,direct_negative,s7_03_00_d00|s7_03_02_d00|s7_03_03_d00,,,s7_03_03_d02,False,False,0.5,0.5,0.5,0.0,0.0,0.25,1.0,True,0.0,2.0,9.0,3
Query Rewrite RAG,lsa,q_s7_03_03_02,cybersecurity procedures,s7_03_03,stale_policy,direct_negative,s7_03_00_d00|s7_03_02_d00|s7_03_03_d00,,,s7_03_03_d02,False,False,0.5,0.5,0.5,0.0,0.0,0.25,1.0,True,0.0,2.0,9.0,3
Keyword Blocklist,lsa,q_s7_03_03_02,cybersecurity procedures,s7_03_03,stale_policy,direct_negative,s7_03_03_d00|s7_03_00_d00|s7_03_02_d00,s7_01_03_d01|s7_03_00_d01|s7_03_03_d01,,s7_03_03_d02,False,False,0.5,0.5,0.5,1.0,0.09375,0.25,1.0,True,0.0,1.0,1.0,3
Metadata Filter,lsa,q_s7_03_03_02,cybersecurity procedures,s7_03_03,stale_policy,direct_negative,s7_03_03_d00|s7_03_00_d00|s7_03_02_d00,s7_01_03_d01|s7_03_00_d01|s7_03_00_d03|s7_03_02_d03|s7_03_03_d01|s7_03_03_d03,,s7_03_03_d02,False,False,0.5,0.5,0.5,1.0,0.1875,0.25,1.0,True,0.0,1.0,1.0,3
GoodForget-RAG,lsa,q_s7_03_03_02,cybersecurity procedures,s7_03_03,stale_policy,direct_negative,s7_03_02_d00|s7_03_00_d00|s7_03_01_d00,,,s7_03_03_d00|s7_03_03_d02,False,False,0.0,0.0,1.0,0.0,0.0,-0.5,1.0,False,0.0,1.0,9.0,3
GoodForget-RAG hard threshold,lsa,q_s7_03_03_02,cybersecurity procedures,s7_03_03,stale_policy,direct_negative,,s7_03_00_d00|s7_03_00_d02|s7_03_01_d00|s7_03_01_d02|s7_03_02_d00|s7_03_02_d02|s7_03_02_d03|s7_03_03_d00|s7_03_03_d02|s7_03_03_d03,,s7_03_03_d00|s7_03_03_d02,False,False,0.0,0.0,1.0,0.2,0.0625,-0.5,1.0,False,0.25,1.0,9.0,0
Negative Vector Baseline,lsa,q_s7_03_03_02,cybersecurity procedures,s7_03_03,stale_policy,direct_negative,s7_03_00_d00|s7_03_02_d00|s7_03_03_d00,,,s7_03_03_d02,False,False,0.5,0.5,0.5,0.0,0.0,0.25,1.0,True,0.0,1.0,9.0,3
Vanilla RAG,hybrid,q_s7_00_00_00,banking strategy,s7_00_00,literal,direct_negative,s7_00_00_d01|s7_00_00_d00|s7_00_02_d00,,s7_00_00_d01,s7_00_00_d02,True,True,0.5,0.5,0.5,0.0,0.0,-0.75,0.6666666666666666,True,0.0,1.0,1.0,3
Positive-only RAG,hybrid,q_s7_00_00_00,banking strategy,s7_00_00,literal,direct_negative,s7_00_00_d00|s7_00_01_d00|s7_00_02_d00,,,s7_00_00_d02,False,False,0.5,0.5,0.5,0.0,0.0,0.25,1.0,True,0.0,2.0,10.0,3
Query Rewrite RAG,hybrid,q_s7_00_00_00,banking strategy,s7_00_00,literal,direct_negative,s7_00_00_d00|s7_00_01_d00|s7_00_02_d00,,,s7_00_00_d02,False,False,0.5,0.5,0.5,0.0,0.0,0.25,1.0,True,0.0,2.0,10.0,3
Keyword Blocklist,hybrid,q_s7_00_00_00,banking strategy,s7_00_00,literal,direct_negative,s7_00_00_d00|s7_00_00_d03|s7_00_01_d00,s7_00_00_d01|s7_00_02_d00|s7_00_02_d02|s7_00_02_d03,s7_00_00_d03,s7_00_00_d02,True,True,0.5,0.5,0.5,0.5,0.0625,-0.75,0.6666666666666666,True,0.0625,1.0,1.0,3
Metadata Filter,hybrid,q_s7_00_00_00,banking strategy,s7_00_00,literal,direct_negative,s7_00_00_d00|s7_00_02_d00|s7_00_01_d00,s7_00_00_d01|s7_00_00_d03|s7_00_02_d03|s7_00_03_d03,,s7_00_00_d02,False,False,0.5,0.5,0.5,1.0,0.125,0.25,1.0,True,0.0,1.0,1.0,3
GoodForget-RAG,hybrid,q_s7_00_00_00,banking strategy,s7_00_00,literal,direct_negative,s7_00_00_d00|s7_00_01_d00|s7_00_03_d00,,,s7_00_00_d02,False,False,0.5,0.5,0.5,0.0,0.0,0.25,1.0,True,0.0,1.0,21.0,3
GoodForget-RAG hard threshold,hybrid,q_s7_00_00_00,banking strategy,s7_00_00,literal,direct_negative,s7_02_00_d00|s7_02_01_d00,s7_00_00_d00|s7_00_00_d02|s7_00_01_d00|s7_00_01_d02|s7_00_02_d00|s7_00_02_d02|s7_00_03_d00|s7_00_03_d02,,s7_00_00_d00|s7_00_00_d02,False,False,0.0,0.0,1.0,0.0,0.0,-0.5,1.0,False,0.25,1.0,21.0,2
Negative Vector Baseline,hybrid,q_s7_00_00_00,banking strategy,s7_00_00,literal,direct_negative,s7_00_00_d00|s7_00_01_d00|s7_00_02_d00,,,s7_00_00_d02,False,False,0.5,0.5,0.5,0.0,0.0,0.25,1.0,True,0.0,1.0,9.0,3
Vanilla RAG,hybrid,q_s7_00_00_01,banking strategy,s7_00_00,paraphrase,paraphrased_negative,s7_00_00_d01|s7_00_00_d00|s7_00_01_d00,,s7_00_00_d01,s7_00_00_d02,True,True,0.5,0.5,0.5,0.0,0.0,-0.75,0.6666666666666666,True,0.0,1.0,1.0,3
Positive-only RAG,hybrid,q_s7_00_00_01,banking strategy,s7_00_00,paraphrase,paraphrased_negative,s7_00_00_d00|s7_00_01_d00|s7_00_02_d00,,,s7_00_00_d02,False,False,0.5,0.5,0.5,0.0,0.0,0.25,1.0,True,0.0,2.0,10.0,3
Query Rewrite RAG,hybrid,q_s7_00_00_01,banking strategy,s7_00_00,paraphrase,paraphrased_negative,s7_00_00_d00|s7_00_01_d00|s7_00_02_d00,,,s7_00_00_d02,False,False,0.5,0.5,0.5,0.0,0.0,0.25,1.0,True,0.0,2.0,10.0,3
Keyword Blocklist,hybrid,q_s7_00_00_01,banking strategy,s7_00_00,paraphrase,paraphrased_negative,s7_00_00_d00|s7_00_01_d00|s7_00_03_d00,s7_00_00_d01|s7_00_01_d01|s7_00_02_d00|s7_00_02_d02,,s7_00_00_d02,False,False,0.5,0.5,0.5,0.5,0.0625,0.25,1.0,True,0.0625,1.0,1.0,3
Metadata Filter,hybrid,q_s7_00_00_01,banking strategy,s7_00_00,paraphrase,paraphrased_negative,s7_00_00_d00|s7_00_01_d00|s7_00_02_d00,s7_00_00_d01|s7_00_01_d01,,s7_00_00_d02,False,False,0.5,0.5,0.5,1.0,0.0625,0.25,1.0,True,0.0,1.0,1.0,3
GoodForget-RAG,hybrid,q_s7_00_00_01,banking strategy,s7_00_00,paraphrase,paraphrased_negative,s7_00_01_d00|s7_00_02_d00|s7_00_00_d00,,,s7_00_00_d02,False,False,0.5,0.5,0.5,0.0,0.0,0.25,1.0,True,0.0,1.0,21.0,3
GoodForget-RAG hard threshold,hybrid,q_s7_00_00_01,banking strategy,s7_00_00,paraphrase,paraphrased_negative,s7_02_01_d00|s7_02_02_d00,s7_00_00_d00|s7_00_00_d02|s7_00_01_d00|s7_00_01_d02|s7_00_02_d00|s7_00_02_d02|s7_00_03_d00|s7_00_03_d02,,s7_00_00_d00|s7_00_00_d02,False,False,0.0,0.0,1.0,0.0,0.0,-0.5,1.0,False,0.25,1.0,21.0,2
Negative Vector Baseline,hybrid,q_s7_00_00_01,banking strategy,s7_00_00,paraphrase,paraphrased_negative,s7_00_01_d00|s7_00_02_d00|s7_00_00_d00,,,s7_00_00_d02,False,False,0.5,0.5,0.5,0.0,0.0,0.25,1.0,True,0.0,1.0,21.0,3
Vanilla RAG,hybrid,q_s7_00_00_02,banking strategy,s7_00_00,codeword,codeword_attack,s7_00_00_d03|s7_00_00_d01|s7_00_00_d00,,s7_00_00_d01|s7_00_00_d03,s7_00_00_d02,True,True,0.5,0.5,0.5,0.0,0.0,-0.75,0.3333333333333333,True,0.0,1.0,1.0,3
Positive-only RAG,hybrid,q_s7_00_00_02,banking strategy,s7_00_00,codeword,codeword_attack,s7_00_00_d00|s7_00_01_d00|s7_00_02_d00,,,s7_00_00_d02,False,False,0.5,0.5,0.5,0.0,0.0,0.25,1.0,True,0.0,2.0,10.0,3
Query Rewrite RAG,hybrid,q_s7_00_00_02,banking strategy,s7_00_00,codeword,codeword_attack,s7_00_00_d00|s7_00_01_d00|s7_00_02_d00,,,s7_00_00_d02,False,False,0.5,0.5,0.5,0.0,0.0,0.25,1.0,True,0.0,2.0,10.0,3
Keyword Blocklist,hybrid,q_s7_00_00_02,banking strategy,s7_00_00,codeword,codeword_attack,s7_00_00_d03|s7_00_00_d00|s7_00_01_d00,s7_00_00_d01|s7_00_02_d00|s7_00_02_d02,s7_00_00_d03,s7_00_00_d02,True,True,0.5,0.5,0.5,0.3333333333333333,0.03125,-0.75,0.6666666666666666,True,0.0625,1.0,1.0,3
Metadata Filter,hybrid,q_s7_00_00_02,banking strategy,s7_00_00,codeword,codeword_attack,s7_00_00_d00|s7_00_01_d00|s7_00_02_d00,s7_00_00_d01|s7_00_00_d03,,s7_00_00_d02,False,False,0.5,0.5,0.5,1.0,0.0625,0.25,1.0,True,0.0,1.0,1.0,3
GoodForget-RAG,hybrid,q_s7_00_00_02,banking strategy,s7_00_00,codeword,codeword_attack,s7_00_00_d00|s7_00_01_d00|s7_00_02_d00,,,s7_00_00_d02,False,False,0.5,0.5,0.5,0.0,0.0,0.25,1.0,True,0.0,1.0,9.0,3
GoodForget-RAG hard threshold,hybrid,q_s7_00_00_02,banking strategy,s7_00_00,codeword,codeword_attack,s7_00_00_d00|s7_00_01_d00|s7_00_02_d00,,,s7_00_00_d02,False,False,0.5,0.5,0.5,0.0,0.0,0.25,1.0,True,0.0,1.0,9.0,3
Negative Vector Baseline,hybrid,q_s7_00_00_02,banking strategy,s7_00_00,codeword,codeword_attack,s7_00_00_d00|s7_00_01_d00|s7_00_02_d00,,,s7_00_00_d02,False,False,0.5,0.5,0.5,0.0,0.0,0.25,1.0,True,0.0,1.0,9.0,3
Vanilla RAG,hybrid,q_s7_00_01_00,banking strategy,s7_00_01,paraphrase,paraphrased_negative,s7_00_00_d01|s7_00_00_d00|s7_00_01_d00,,,s7_00_01_d02,False,False,0.5,0.5,0.5,0.0,0.0,0.25,1.0,True,0.0,1.0,1.0,3
Positive-only RAG,hybrid,q_s7_00_01_00,banking strategy,s7_00_01,paraphrase,paraphrased_negative,s7_00_00_d00|s7_00_01_d00|s7_00_02_d00,,,s7_00_01_d02,False,False,0.5,0.5,0.5,0.0,0.0,0.25,1.0,True,0.0,2.0,10.0,3
Query Rewrite RAG,hybrid,q_s7_00_01_00,banking strategy,s7_00_01,paraphrase,paraphrased_negative,s7_00_00_d00|s7_00_01_d00|s7_00_02_d00,,,s7_00_01_d02,False,False,0.5,0.5,0.5,0.0,0.0,0.25,1.0,True,0.0,2.0,10.0,3
Keyword Blocklist,hybrid,q_s7_00_01_00,banking strategy,s7_00_01,paraphrase,paraphrased_negative,s7_00_00_d00|s7_00_01_d00|s7_00_03_d00,s7_00_00_d01|s7_00_01_d01|s7_00_02_d00|s7_00_02_d02,,s7_00_01_d02,False,False,0.5,0.5,0.5,0.5,0.0625,0.25,1.0,True,0.0625,1.0,1.0,3
Metadata Filter,hybrid,q_s7_00_01_00,banking strategy,s7_00_01,paraphrase,paraphrased_negative,s7_00_00_d00|s7_00_01_d00|s7_00_02_d00,s7_00_00_d01|s7_00_01_d01,,s7_00_01_d02,False,False,0.5,0.5,0.5,1.0,0.0625,0.25,1.0,True,0.0,1.0,1.0,3
GoodForget-RAG,hybrid,q_s7_00_01_00,banking strategy,s7_00_01,paraphrase,paraphrased_negative,s7_00_00_d00|s7_00_02_d00|s7_00_03_d00,,,s7_00_01_d00|s7_00_01_d02,False,False,0.0,0.0,1.0,0.0,0.0,-0.5,1.0,False,0.0,1.0,21.0,3
GoodForget-RAG hard threshold,hybrid,q_s7_00_01_00,banking strategy,s7_00_01,paraphrase,paraphrased_negative,s7_02_00_d00|s7_02_02_d00,s7_00_00_d00|s7_00_00_d02|s7_00_01_d00|s7_00_01_d02|s7_00_02_d00|s7_00_02_d02|s7_00_03_d00|s7_00_03_d02,,s7_00_01_d00|s7_00_01_d02,False,False,0.0,0.0,1.0,0.0,0.0,-0.5,1.0,False,0.25,1.0,21.0,2
Negative Vector Baseline,hybrid,q_s7_00_01_00,banking strategy,s7_00_01,paraphrase,paraphrased_negative,s7_00_00_d00|s7_00_02_d00|s7_00_03_d00,,,s7_00_01_d00|s7_00_01_d02,False,False,0.0,0.0,1.0,0.0,0.0,-0.5,1.0,False,0.0,1.0,21.0,3
Vanilla RAG,hybrid,q_s7_00_01_01,banking strategy,s7_00_01,codeword,codeword_attack,s7_00_01_d03|s7_00_01_d01|s7_00_00_d00,,s7_00_01_d01|s7_00_01_d03,s7_00_01_d00|s7_00_01_d02,True,True,0.0,0.0,1.0,0.0,0.0,-1.5,0.3333333333333333,False,0.0,1.0,1.0,3
Positive-only RAG,hybrid,q_s7_00_01_01,banking strategy,s7_00_01,codeword,codeword_attack,s7_00_00_d00|s7_00_01_d00|s7_00_02_d00,,,s7_00_01_d02,False,False,0.5,0.5,0.5,0.0,0.0,0.25,1.0,True,0.0,2.0,10.0,3
Query Rewrite RAG,hybrid,q_s7_00_01_01,banking strategy,s7_00_01,codeword,codeword_attack,s7_00_00_d00|s7_00_01_d00|s7_00_02_d00,,,s7_00_01_d02,False,False,0.5,0.5,0.5,0.0,0.0,0.25,1.0,True,0.0,2.0,10.0,3
Keyword Blocklist,hybrid,q_s7_00_01_01,banking strategy,s7_00_01,codeword,codeword_attack,s7_00_01_d03|s7_00_00_d00|s7_00_01_d00,s7_00_01_d01|s7_00_02_d00|s7_00_02_d02,s7_00_01_d03,s7_00_01_d02,True,True,0.5,0.5,0.5,0.3333333333333333,0.03125,-0.75,0.6666666666666666,True,0.0625,1.0,1.0,3
Metadata Filter,hybrid,q_s7_00_01_01,banking strategy,s7_00_01,codeword,codeword_attack,s7_00_00_d00|s7_00_01_d00|s7_00_02_d00,s7_00_01_d01|s7_00_01_d03,,s7_00_01_d02,False,False,0.5,0.5,0.5,1.0,0.0625,0.25,1.0,True,0.0,1.0,1.0,3
GoodForget-RAG,hybrid,q_s7_00_01_01,banking strategy,s7_00_01,codeword,codeword_attack,s7_00_00_d00|s7_00_01_d00|s7_00_02_d00,,,s7_00_01_d02,False,False,0.5,0.5,0.5,0.0,0.0,0.25,1.0,True,0.0,1.0,9.0,3
GoodForget-RAG hard threshold,hybrid,q_s7_00_01_01,banking strategy,s7_00_01,codeword,codeword_attack,s7_00_00_d00|s7_00_01_d00|s7_00_02_d00,,,s7_00_01_d02,False,False,0.5,0.5,0.5,0.0,0.0,0.25,1.0,True,0.0,1.0,9.0,3
Negative Vector Baseline,hybrid,q_s7_00_01_01,banking strategy,s7_00_01,codeword,codeword_attack,s7_00_00_d00|s7_00_01_d00|s7_00_02_d00,,,s7_00_01_d02,False,False,0.5,0.5,0.5,0.0,0.0,0.25,1.0,True,0.0,1.0,9.0,3
Vanilla RAG,hybrid,q_s7_00_01_02,banking strategy,s7_00_01,literal,contrastive_attack,s7_00_01_d01|s7_00_01_d03|s7_00_02_d03,,s7_00_01_d01|s7_00_01_d03,s7_00_01_d00|s7_00_01_d02,True,True,0.0,0.0,1.0,0.0,0.0,-1.5,0.3333333333333333,False,0.0,1.0,1.0,3
Positive-only RAG,hybrid,q_s7_00_01_02,banking strategy,s7_00_01,literal,contrastive_attack,s7_00_00_d00|s7_00_01_d00|s7_00_02_d00,,,s7_00_01_d02,False,False,0.5,0.5,0.5,0.0,0.0,0.25,1.0,True,0.0,2.0,10.0,3
Query Rewrite RAG,hybrid,q_s7_00_01_02,banking strategy,s7_00_01,literal,contrastive_attack,s7_00_00_d00|s7_00_01_d00|s7_00_02_d00,,,s7_00_01_d02,False,False,0.5,0.5,0.5,0.0,0.0,0.25,1.0,True,0.0,2.0,10.0,3
Keyword Blocklist,hybrid,q_s7_00_01_02,banking strategy,s7_00_01,literal,contrastive_attack,s7_00_01_d03|s7_00_01_d00|s7_00_03_d03,s7_00_01_d01|s7_00_02_d00|s7_00_02_d01|s7_00_02_d03,s7_00_01_d03,s7_00_01_d02,True,True,0.5,0.5,0.5,0.75,0.09375,-0.75,0.6666666666666666,True,0.03125,1.0,1.0,3
Metadata Filter,hybrid,q_s7_00_01_02,banking strategy,s7_00_01,literal,contrastive_attack,s7_00_01_d00|s7_00_02_d00|s7_00_03_d00,s7_00_00_d03|s7_00_01_d01|s7_00_01_d03|s7_00_02_d01|s7_00_02_d03|s7_00_03_d03,,s7_00_01_d02,False,False,0.5,0.5,0.5,1.0,0.1875,0.25,1.0,True,0.0,1.0,1.0,3
GoodForget-RAG,hybrid,q_s7_00_01_02,banking strategy,s7_00_01,literal,contrastive_attack,s7_00_00_d00|s7_00_03_d00|s7_00_01_d00,,,s7_00_01_d02,False,False,0.5,0.5,0.5,0.0,0.0,0.25,1.0,True,0.0,1.0,13.0,3
GoodForget-RAG hard threshold,hybrid,q_s7_00_01_02,banking strategy,s7_00_01,literal,contrastive_attack,s7_02_00_d00|s7_02_01_d00,s7_00_00_d00|s7_00_00_d02|s7_00_01_d00|s7_00_01_d02|s7_00_02_d00|s7_00_02_d02|s7_00_03_d00|s7_00_03_d02,,s7_00_01_d00|s7_00_01_d02,False,False,0.0,0.0,1.0,0.0,0.0,-0.5,1.0,False,0.25,1.0,13.0,2
Negative Vector Baseline,hybrid,q_s7_00_01_02,banking strategy,s7_00_01,literal,contrastive_attack,s7_00_00_d00|s7_00_01_d00|s7_00_02_d00,,,s7_00_01_d02,False,False,0.5,0.5,0.5,0.0,0.0,0.25,1.0,True,0.0,1.0,9.0,3
Vanilla RAG,hybrid,q_s7_00_02_00,banking strategy,s7_00_02,codeword,codeword_attack,s7_00_02_d03|s7_00_00_d00|s7_00_01_d00,,s7_00_02_d03,s7_00_02_d00|s7_00_02_d02,True,True,0.0,0.0,1.0,0.0,0.0,-1.5,0.6666666666666666,False,0.0,1.0,1.0,3
Positive-only RAG,hybrid,q_s7_00_02_00,banking strategy,s7_00_02,codeword,codeword_attack,s7_00_00_d00|s7_00_01_d00|s7_00_02_d00,,,s7_00_02_d02,False,False,0.5,0.5,0.5,0.0,0.0,0.25,1.0,True,0.0,2.0,10.0,3
Query Rewrite RAG,hybrid,q_s7_00_02_00,banking strategy,s7_00_02,codeword,codeword_attack,s7_00_00_d00|s7_00_01_d00|s7_00_02_d00,,,s7_00_02_d02,False,False,0.5,0.5,0.5,0.0,0.0,0.25,1.0,True,0.0,2.0,10.0,3
Keyword Blocklist,hybrid,q_s7_00_02_00,banking strategy,s7_00_02,codeword,codeword_attack,s7_00_00_d00|s7_00_01_d00|s7_00_03_d00,s7_00_02_d00|s7_00_02_d02|s7_00_02_d03,,s7_00_02_d00|s7_00_02_d02,False,False,0.0,0.0,1.0,0.3333333333333333,0.03125,-0.5,1.0,False,0.0625,1.0,1.0,3
Metadata Filter,hybrid,q_s7_00_02_00,banking strategy,s7_00_02,codeword,codeword_attack,s7_00_00_d00|s7_00_01_d00|s7_00_02_d00,s7_00_01_d03|s7_00_02_d03,,s7_00_02_d02,False,False,0.5,0.5,0.5,1.0,0.0625,0.25,1.0,True,0.0,1.0,1.0,3
GoodForget-RAG,hybrid,q_s7_00_02_00,banking strategy,s7_00_02,codeword,codeword_attack,s7_00_00_d00|s7_00_01_d00|s7_00_02_d00,,,s7_00_02_d02,False,False,0.5,0.5,0.5,0.0,0.0,0.25,1.0,True,0.0,1.0,9.0,3
GoodForget-RAG hard threshold,hybrid,q_s7_00_02_00,banking strategy,s7_00_02,codeword,codeword_attack,s7_00_00_d00|s7_00_01_d00|s7_00_02_d00,,,s7_00_02_d02,False,False,0.5,0.5,0.5,0.0,0.0,0.25,1.0,True,0.0,1.0,9.0,3
Negative Vector Baseline,hybrid,q_s7_00_02_00,banking strategy,s7_00_02,codeword,codeword_attack,s7_00_00_d00|s7_00_01_d00|s7_00_02_d00,,,s7_00_02_d02,False,False,0.5,0.5,0.5,0.0,0.0,0.25,1.0,True,0.0,1.0,9.0,3
Vanilla RAG,hybrid,q_s7_00_02_01,banking strategy,s7_00_02,literal,contrastive_attack,s7_00_02_d01|s7_00_01_d01|s7_00_03_d01,,s7_00_02_d01,s7_00_02_d00|s7_00_02_d02,True,True,0.0,0.0,1.0,0.0,0.0,-1.5,0.6666666666666666,False,0.0,1.0,1.0,3
Positive-only RAG,hybrid,q_s7_00_02_01,banking strategy,s7_00_02,literal,contrastive_attack,s7_00_00_d00|s7_00_01_d00|s7_00_02_d00,,,s7_00_02_d02,False,False,0.5,0.5,0.5,0.0,0.0,0.25,1.0,True,0.0,2.0,10.0,3
Query Rewrite RAG,hybrid,q_s7_00_02_01,banking strategy,s7_00_02,literal,contrastive_attack,s7_00_00_d00|s7_00_01_d00|s7_00_02_d00,,,s7_00_02_d02,False,False,0.5,0.5,0.5,0.0,0.0,0.25,1.0,True,0.0,2.0,10.0,3
Keyword Blocklist,hybrid,q_s7_00_02_01,banking strategy,s7_00_02,literal,contrastive_attack,s7_00_03_d03|s7_00_01_d03|s7_00_00_d03,s7_00_00_d01|s7_00_01_d01|s7_00_02_d00|s7_00_02_d01|s7_00_02_d02|s7_00_02_d03|s7_00_03_d01,,s7_00_02_d00|s7_00_02_d02,False,False,0.0,0.0,1.0,0.7142857142857143,0.15625,-0.5,1.0,False,0.0625,1.0,1.0,3
Metadata Filter,hybrid,q_s7_00_02_01,banking strategy,s7_00_02,literal,contrastive_attack,s7_00_02_d00|s7_00_02_d02,s7_00_00_d01|s7_00_00_d03|s7_00_01_d01|s7_00_01_d03|s7_00_02_d01|s7_00_02_d03|s7_00_03_d01|s7_00_03_d03,,,False,False,1.0,1.0,0.0,1.0,0.25,1.0,1.0,True,0.0,1.0,1.0,2
GoodForget-RAG,hybrid,q_s7_00_02_01,banking strategy,s7_00_02,literal,contrastive_attack,s7_00_00_d00|s7_00_01_d00|s7_00_03_d00,,,s7_00_02_d00|s7_00_02_d02,False,False,0.0,0.0,1.0,0.0,0.0,-0.5,1.0,False,0.0,1.0,10.0,3
GoodForget-RAG hard threshold,hybrid,q_s7_00_02_01,banking strategy,s7_00_02,literal,contrastive_attack,s7_02_00_d00,s7_00_00_d00|s7_00_00_d02|s7_00_00_d03|s7_00_01_d00|s7_00_01_d02|s7_00_02_d00|s7_00_02_d02|s7_00_03_d00|s7_00_03_d02,,s7_00_02_d00|s7_00_02_d02,False,False,0.0,0.0,1.0,0.1111111111111111,0.03125,-0.5,1.0,False,0.25,1.0,10.0,1
Negative Vector Baseline,hybrid,q_s7_00_02_01,banking strategy,s7_00_02,literal,contrastive_attack,s7_00_00_d00|s7_00_01_d00|s7_00_02_d00,,,s7_00_02_d02,False,False,0.5,0.5,0.5,0.0,0.0,0.25,1.0,True,0.0,1.0,9.0,3
Vanilla RAG,hybrid,q_s7_00_02_02,banking strategy,s7_00_02,paraphrase,indirect_attack,s7_00_02_d03|s7_00_01_d03|s7_00_03_d03,,s7_00_02_d03,s7_00_02_d00|s7_00_02_d02,True,True,0.0,0.0,1.0,0.0,0.0,-1.5,0.6666666666666666,False,0.0,1.0,1.0,3
Positive-only RAG,hybrid,q_s7_00_02_02,banking strategy,s7_00_02,paraphrase,indirect_attack,s7_00_00_d00|s7_00_01_d00|s7_00_02_d00,,,s7_00_02_d02,False,False,0.5,0.5,0.5,0.0,0.0,0.25,1.0,True,0.0,2.0,10.0,3
Query Rewrite RAG,hybrid,q_s7_00_02_02,banking strategy,s7_00_02,paraphrase,indirect_attack,s7_00_00_d00|s7_00_01_d00|s7_00_02_d00,,,s7_00_02_d02,False,False,0.5,0.5,0.5,0.0,0.0,0.25,1.0,True,0.0,2.0,10.0,3
Keyword Blocklist,hybrid,q_s7_00_02_02,banking strategy,s7_00_02,paraphrase,indirect_attack,s7_00_01_d03|s7_00_03_d03|s7_00_00_d03,s7_00_00_d01|s7_00_01_d01|s7_00_02_d00|s7_00_02_d03|s7_00_03_d01,,s7_00_02_d00|s7_00_02_d02,False,False,0.0,0.0,1.0,0.8,0.125,-0.5,1.0,False,0.03125,1.0,1.0,3
Metadata Filter,hybrid,q_s7_00_02_02,banking strategy,s7_00_02,paraphrase,indirect_attack,s7_00_00_d00|s7_00_01_d00|s7_00_02_d00,s7_00_00_d01|s7_00_00_d03|s7_00_01_d01|s7_00_01_d03|s7_00_02_d03|s7_00_03_d01|s7_00_03_d03,,s7_00_02_d02,False,False,0.5,0.5,0.5,1.0,0.21875,0.25,1.0,True,0.0,1.0,1.0,3
GoodForget-RAG,hybrid,q_s7_00_02_02,banking strategy,s7_00_02,paraphrase,indirect_attack,s7_00_00_d00|s7_00_01_d00|s7_00_03_d00,,,s7_00_02_d00|s7_00_02_d02,False,False,0.0,0.0,1.0,0.0,0.0,-0.5,1.0,False,0.0,1.0,21.0,3
GoodForget-RAG hard threshold,hybrid,q_s7_00_02_02,banking strategy,s7_00_02,paraphrase,indirect_attack,s7_02_00_d00|s7_01_00_d00|s7_02_01_d00,s7_00_00_d00|s7_00_00_d02|s7_00_01_d00|s7_00_01_d02|s7_00_02_d00|s7_00_03_d00|s7_00_03_d02,,s7_00_02_d00|s7_00_02_d02,False,False,0.0,0.0,1.0,0.0,0.0,-0.5,1.0,False,0.21875,1.0,21.0,3
Negative Vector Baseline,hybrid,q_s7_00_02_02,banking strategy,s7_00_02,paraphrase,indirect_attack,s7_00_00_d00|s7_00_01_d00|s7_00_02_d00,,,s7_00_02_d02,False,False,0.5,0.5,0.5,0.0,0.0,0.25,1.0,True,0.0,1.0,10.0,3
Vanilla RAG,hybrid,q_s7_00_03_00,banking strategy,s7_00_03,literal,contrastive_attack,s7_00_03_d01|s7_00_03_d03|s7_00_03_d00,,s7_00_03_d01|s7_00_03_d03,s7_00_03_d02,True,True,0.5,0.5,0.5,0.0,0.0,-0.75,0.3333333333333333,True,0.0,1.0,1.0,3
Positive-only RAG,hybrid,q_s7_00_03_00,banking strategy,s7_00_03,literal,contrastive_attack,s7_00_00_d00|s7_00_01_d00|s7_00_02_d00,,,s7_00_03_d00|s7_00_03_d02,False,False,0.0,0.0,1.0,0.0,0.0,-0.5,1.0,False,0.0,2.0,10.0,3
Query Rewrite RAG,hybrid,q_s7_00_03_00,banking strategy,s7_00_03,literal,contrastive_attack,s7_00_00_d00|s7_00_01_d00|s7_00_02_d00,,,s7_00_03_d00|s7_00_03_d02,False,False,0.0,0.0,1.0,0.0,0.0,-0.5,1.0,False,0.0,2.0,10.0,3
Keyword Blocklist,hybrid,q_s7_00_03_00,banking strategy,s7_00_03,literal,contrastive_attack,s7_00_03_d03|s7_00_03_d00|s7_00_03_d02,s7_00_01_d01|s7_00_02_d00|s7_00_02_d01|s7_00_02_d03|s7_00_03_d01,s7_00_03_d03,,True,True,1.0,1.0,0.0,0.8,0.125,0.0,0.6666666666666666,True,0.03125,1.0,1.0,3
Metadata Filter,hybrid,q_s7_00_03_00,banking strategy,s7_00_03,literal,contrastive_attack,s7_00_03_d00|s7_00_03_d02|s7_00_02_d00,s7_00_01_d01|s7_00_01_d03|s7_00_02_d01|s7_00_02_d03|s7_00_03_d01|s7_00_03_d03,,,False,False,1.0,1.0,0.0,1.0,0.1875,1.0,1.0,True,0.0,1.0,1.0,3
GoodForget-RAG,hybrid,q_s7_00_03_00,banking strategy,s7_00_03,literal,contrastive_attack,s7_00_00_d00|s7_00_01_d00|s7_00_02_d00,,,s7_00_03_d00|s7_00_03_d02,False,False,0.0,0.0,1.0,0.0,0.0,-0.5,1.0,False,0.0,1.0,9.0,3
GoodForget-RAG hard threshold,hybrid,q_s7_00_03_00,banking strategy,s7_00_03,literal,contrastive_attack,s7_02_00_d00,s7_00_00_d00|s7_00_00_d02|s7_00_00_d03|s7_00_01_d00|s7_00_01_d02|s7_00_02_d00|s7_00_02_d02|s7_00_03_d00|s7_00_03_d02,,s7_00_03_d00|s7_00_03_d02,False,False,0.0,0.0,1.0,0.1111111111111111,0.03125,-0.5,1.0,False,0.25,1.0,9.0,1
Negative Vector Baseline,hybrid,q_s7_00_03_00,banking strategy,s7_00_03,literal,contrastive_attack,s7_00_00_d00|s7_00_01_d00|s7_00_02_d00,,,s7_00_03_d00|s7_00_03_d02,False,False,0.0,0.0,1.0,0.0,0.0,-0.5,1.0,False,0.0,1.0,9.0,3
Vanilla RAG,hybrid,q_s7_00_03_01,banking strategy,s7_00_03,paraphrase,indirect_attack,s7_00_02_d03|s7_00_01_d03|s7_00_03_d03,,s7_00_03_d03,s7_00_03_d00|s7_00_03_d02,True,True,0.0,0.0,1.0,0.0,0.0,-1.5,0.6666666666666666,False,0.0,1.0,1.0,3
Positive-only RAG,hybrid,q_s7_00_03_01,banking strategy,s7_00_03,paraphrase,indirect_attack,s7_00_00_d00|s7_00_01_d00|s7_00_02_d00,,,s7_00_03_d00|s7_00_03_d02,False,False,0.0,0.0,1.0,0.0,0.0,-0.5,1.0,False,0.0,2.0,10.0,3
Query Rewrite RAG,hybrid,q_s7_00_03_01,banking strategy,s7_00_03,paraphrase,indirect_attack,s7_00_00_d00|s7_00_01_d00|s7_00_02_d00,,,s7_00_03_d00|s7_00_03_d02,False,False,0.0,0.0,1.0,0.0,0.0,-0.5,1.0,False,0.0,2.0,10.0,3
Keyword Blocklist,hybrid,q_s7_00_03_01,banking strategy,s7_00_03,paraphrase,indirect_attack,s7_00_01_d03|s7_00_03_d03|s7_00_00_d03,s7_00_00_d01|s7_00_01_d01|s7_00_02_d00|s7_00_02_d03|s7_00_03_d01,s7_00_03_d03,s7_00_03_d00|s7_00_03_d02,True,True,0.0,0.0,1.0,0.8,0.125,-1.5,0.6666666666666666,False,0.03125,1.0,1.0,3
Metadata Filter,hybrid,q_s7_00_03_01,banking strategy,s7_00_03,paraphrase,indirect_attack,s7_00_00_d00|s7_00_01_d00|s7_00_02_d00,s7_00_00_d01|s7_00_00_d03|s7_00_01_d01|s7_00_01_d03|s7_00_02_d03|s7_00_03_d01|s7_00_03_d03,,s7_00_03_d00|s7_00_03_d02,False,False,0.0,0.0,1.0,1.0,0.21875,-0.5,1.0,False,0.0,1.0,1.0,3
GoodForget-RAG,hybrid,q_s7_00_03_01,banking strategy,s7_00_03,paraphrase,indirect_attack,s7_00_00_d00|s7_00_01_d00|s7_00_02_d00,,,s7_00_03_d00|s7_00_03_d02,False,False,0.0,0.0,1.0,0.0,0.0,-0.5,1.0,False,0.0,1.0,21.0,3
GoodForget-RAG hard threshold,hybrid,q_s7_00_03_01,banking strategy,s7_00_03,paraphrase,indirect_attack,s7_02_00_d00|s7_02_01_d00|s7_02_02_d00,s7_00_00_d00|s7_00_00_d02|s7_00_01_d00|s7_00_01_d02|s7_00_02_d00|s7_00_02_d02|s7_00_03_d00,,s7_00_03_d00|s7_00_03_d02,False,False,0.0,0.0,1.0,0.0,0.0,-0.5,1.0,False,0.21875,1.0,21.0,3
Negative Vector Baseline,hybrid,q_s7_00_03_01,banking strategy,s7_00_03,paraphrase,indirect_attack,s7_00_00_d00|s7_00_01_d00|s7_00_02_d00,,,s7_00_03_d00|s7_00_03_d02,False,False,0.0,0.0,1.0,0.0,0.0,-0.5,1.0,False,0.0,1.0,9.0,3
Vanilla RAG,hybrid,q_s7_00_03_02,banking strategy,s7_00_03,stale_policy,stale_policy_confusion,s7_00_01_d00|s7_00_01_d03|s7_00_00_d00,,,s7_00_03_d00|s7_00_03_d02,False,False,0.0,0.0,1.0,0.0,0.0,-0.5,1.0,False,0.0,2.0,2.0,3
Positive-only RAG,hybrid,q_s7_00_03_02,banking strategy,s7_00_03,stale_policy,stale_policy_confusion,s7_00_00_d00|s7_00_01_d00|s7_00_02_d00,,,s7_00_03_d00|s7_00_03_d02,False,False,0.0,0.0,1.0,0.0,0.0,-0.5,1.0,False,0.0,2.0,10.0,3
Query Rewrite RAG,hybrid,q_s7_00_03_02,banking strategy,s7_00_03,stale_policy,stale_policy_confusion,s7_00_00_d00|s7_00_01_d00|s7_00_02_d00,,,s7_00_03_d00|s7_00_03_d02,False,False,0.0,0.0,1.0,0.0,0.0,-0.5,1.0,False,0.0,2.0,10.0,3
Keyword Blocklist,hybrid,q_s7_00_03_02,banking strategy,s7_00_03,stale_policy,stale_policy_confusion,s7_00_01_d00|s7_00_01_d03|s7_00_00_d00,s7_00_01_d01|s7_00_02_d00|s7_00_02_d03,,s7_00_03_d00|s7_00_03_d02,False,False,0.0,0.0,1.0,0.6666666666666666,0.0625,-0.5,1.0,False,0.03125,2.0,2.0,3
Metadata Filter,hybrid,q_s7_00_03_02,banking strategy,s7_00_03,stale_policy,stale_policy_confusion,s7_00_01_d00|s7_00_00_d00|s7_00_02_d00,s7_00_00_d03|s7_00_01_d01|s7_00_01_d03|s7_00_02_d03|s7_00_03_d03,,s7_00_03_d00|s7_00_03_d02,False,False,0.0,0.0,1.0,1.0,0.15625,-0.5,1.0,False,0.0,2.0,2.0,3
GoodForget-RAG,hybrid,q_s7_00_03_02,banking strategy,s7_00_03,stale_policy,stale_policy_confusion,s7_00_00_d00|s7_00_02_d00|s7_00_01_d00,,,s7_00_03_d00|s7_00_03_d02,False,False,0.0,0.0,1.0,0.0,0.0,-0.5,1.0,False,0.0,2.0,21.0,3
GoodForget-RAG hard threshold,hybrid,q_s7_00_03_02,banking strategy,s7_00_03,stale_policy,stale_policy_confusion,s7_02_00_d00|s7_02_02_d00|s7_02_01_d00,s7_00_00_d00|s7_00_00_d02|s7_00_01_d00|s7_00_01_d02|s7_00_02_d00|s7_00_02_d02|s7_00_03_d00,,s7_00_03_d00|s7_00_03_d02,False,False,0.0,0.0,1.0,0.0,0.0,-0.5,1.0,False,0.21875,2.0,21.0,3
Negative Vector Baseline,hybrid,q_s7_00_03_02,banking strategy,s7_00_03,stale_policy,stale_policy_confusion,s7_00_00_d00|s7_00_02_d00|s7_00_01_d00,,,s7_00_03_d00|s7_00_03_d02,False,False,0.0,0.0,1.0,0.0,0.0,-0.5,1.0,False,0.0,2.0,12.0,3
Vanilla RAG,hybrid,q_s7_01_00_00,healthcare policy,s7_01_00,mixed_evidence,paraphrased_negative,s7_01_00_d00|s7_01_02_d00|s7_01_03_d00,,,s7_01_00_d02,False,False,0.5,0.5,0.5,0.0,0.0,0.25,1.0,True,0.0,4.0,4.0,3
Positive-only RAG,hybrid,q_s7_01_00_00,healthcare policy,s7_01_00,mixed_evidence,paraphrased_negative,s7_01_00_d00|s7_01_03_d00|s7_01_02_d00,,,s7_01_00_d02,False,False,0.5,0.5,0.5,0.0,0.0,0.25,1.0,True,0.0,2.0,14.0,3
Query Rewrite RAG,hybrid,q_s7_01_00_00,healthcare policy,s7_01_00,mixed_evidence,paraphrased_negative,s7_01_00_d00|s7_01_03_d00|s7_01_02_d00,,,s7_01_00_d02,False,False,0.5,0.5,0.5,0.0,0.0,0.25,1.0,True,0.0,2.0,14.0,3
Keyword Blocklist,hybrid,q_s7_01_00_00,healthcare policy,s7_01_00,mixed_evidence,paraphrased_negative,s7_01_00_d00|s7_01_02_d00|s7_01_03_d00,s7_01_00_d01|s7_01_03_d01,,s7_01_00_d02,False,False,0.5,0.5,0.5,1.0,0.0625,0.25,1.0,True,0.0,4.0,4.0,3
Metadata Filter,hybrid,q_s7_01_00_00,healthcare policy,s7_01_00,mixed_evidence,paraphrased_negative,s7_01_00_d00|s7_01_02_d00|s7_01_03_d00,s7_01_00_d01|s7_01_03_d01,,s7_01_00_d02,False,False,0.5,0.5,0.5,1.0,0.0625,0.25,1.0,True,0.0,4.0,4.0,3
GoodForget-RAG,hybrid,q_s7_01_00_00,healthcare policy,s7_01_00,mixed_evidence,paraphrased_negative,s7_01_03_d00|s7_01_02_d00|s7_01_01_d00,,,s7_01_00_d00|s7_01_00_d02,False,False,0.0,0.0,1.0,0.0,0.0,-0.5,1.0,False,0.0,4.0,21.0,3
GoodForget-RAG hard threshold,hybrid,q_s7_01_00_00,healthcare policy,s7_01_00,mixed_evidence,paraphrased_negative,s7_02_00_d00|s7_02_01_d00|s7_00_00_d00,s7_01_00_d00|s7_01_01_d00|s7_01_01_d02|s7_01_02_d00|s7_01_02_d02|s7_01_03_d00|s7_01_03_d02,,s7_01_00_d00|s7_01_00_d02,False,False,0.0,0.0,1.0,0.0,0.0,-0.5,1.0,False,0.21875,4.0,21.0,3
Negative Vector Baseline,hybrid,q_s7_01_00_00,healthcare policy,s7_01_00,mixed_evidence,paraphrased_negative,s7_01_03_d00|s7_01_02_d00|s7_01_01_d00,,,s7_01_00_d00|s7_01_00_d02,False,False,0.0,0.0,1.0,0.0,0.0,-0.5,1.0,False,0.0,4.0,21.0,3
Vanilla RAG,hybrid,q_s7_01_00_01,healthcare policy,s7_01_00,codeword,codeword_attack,s7_01_00_d03|s7_01_00_d01|s7_01_00_d00,,s7_01_00_d01|s7_01_00_d03,s7_01_00_d02,True,True,0.5,0.5,0.5,0.0,0.0,-0.75,0.3333333333333333,True,0.0,1.0,1.0,3
Positive-only RAG,hybrid,q_s7_01_00_01,healthcare policy,s7_01_00,codeword,codeword_attack,s7_01_00_d00|s7_01_03_d00|s7_01_02_d00,,,s7_01_00_d02,False,False,0.5,0.5,0.5,0.0,0.0,0.25,1.0,True,0.0,2.0,14.0,3
Query Rewrite RAG,hybrid,q_s7_01_00_01,healthcare policy,s7_01_00,codeword,codeword_attack,s7_01_00_d00|s7_01_03_d00|s7_01_02_d00,,,s7_01_00_d02,False,False,0.5,0.5,0.5,0.0,0.0,0.25,1.0,True,0.0,2.0,14.0,3
Keyword Blocklist,hybrid,q_s7_01_00_01,healthcare policy,s7_01_00,codeword,codeword_attack,s7_01_00_d03|s7_01_00_d00|s7_01_02_d00,s7_01_00_d01,s7_01_00_d03,s7_01_00_d02,True,True,0.5,0.5,0.5,1.0,0.03125,-0.75,0.6666666666666666,True,0.0,1.0,1.0,3
Metadata Filter,hybrid,q_s7_01_00_01,healthcare policy,s7_01_00,codeword,codeword_attack,s7_01_00_d00|s7_01_02_d00|s7_01_01_d00,s7_01_00_d01|s7_01_00_d03,,s7_01_00_d02,False,False,0.5,0.5,0.5,1.0,0.0625,0.25,1.0,True,0.0,1.0,1.0,3
GoodForget-RAG,hybrid,q_s7_01_00_01,healthcare policy,s7_01_00,codeword,codeword_attack,s7_01_00_d00|s7_01_03_d00|s7_01_02_d00,,,s7_01_00_d02,False,False,0.5,0.5,0.5,0.0,0.0,0.25,1.0,True,0.0,1.0,9.0,3
GoodForget-RAG hard threshold,hybrid,q_s7_01_00_01,healthcare policy,s7_01_00,codeword,codeword_attack,s7_01_00_d00|s7_01_03_d00|s7_01_02_d00,,,s7_01_00_d02,False,False,0.5,0.5,0.5,0.0,0.0,0.25,1.0,True,0.0,1.0,9.0,3
Negative Vector Baseline,hybrid,q_s7_01_00_01,healthcare policy,s7_01_00,codeword,codeword_attack,s7_01_00_d00|s7_01_03_d00|s7_01_02_d00,,,s7_01_00_d02,False,False,0.5,0.5,0.5,0.0,0.0,0.25,1.0,True,0.0,1.0,9.0,3
Vanilla RAG,hybrid,q_s7_01_00_02,healthcare policy,s7_01_00,mixed_evidence,contrastive_attack,s7_01_00_d01|s7_01_00_d03|s7_01_02_d03,,s7_01_00_d01|s7_01_00_d03,s7_01_00_d00|s7_01_00_d02,True,True,0.0,0.0,1.0,0.0,0.0,-1.5,0.3333333333333333,False,0.0,1.0,1.0,3
Positive-only RAG,hybrid,q_s7_01_00_02,healthcare policy,s7_01_00,mixed_evidence,contrastive_attack,s7_01_00_d00|s7_01_03_d00|s7_01_02_d00,,,s7_01_00_d02,False,False,0.5,0.5,0.5,0.0,0.0,0.25,1.0,True,0.0,2.0,14.0,3
Query Rewrite RAG,hybrid,q_s7_01_00_02,healthcare policy,s7_01_00,mixed_evidence,contrastive_attack,s7_01_00_d00|s7_01_03_d00|s7_01_02_d00,,,s7_01_00_d02,False,False,0.5,0.5,0.5,0.0,0.0,0.25,1.0,True,0.0,2.0,14.0,3
Keyword Blocklist,hybrid,q_s7_01_00_02,healthcare policy,s7_01_00,mixed_evidence,contrastive_attack,s7_01_00_d03|s7_01_02_d03|s7_01_03_d03,s7_01_00_d01,s7_01_00_d03,s7_01_00_d00|s7_01_00_d02,True,True,0.0,0.0,1.0,1.0,0.03125,-1.5,0.6666666666666666,False,0.0,1.0,1.0,3
Metadata Filter,hybrid,q_s7_01_00_02,healthcare policy,s7_01_00,mixed_evidence,contrastive_attack,s7_01_00_d00|s7_01_00_d02|s7_01_03_d00,s7_01_00_d01|s7_01_00_d03|s7_01_01_d03|s7_01_02_d03|s7_01_03_d03,,,False,False,1.0,1.0,0.0,1.0,0.15625,1.0,1.0,True,0.0,1.0,1.0,3
GoodForget-RAG,hybrid,q_s7_01_00_02,healthcare policy,s7_01_00,mixed_evidence,contrastive_attack,s7_01_03_d00|s7_01_02_d00|s7_01_01_d00,,,s7_01_00_d00|s7_01_00_d02,False,False,0.0,0.0,1.0,0.0,0.0,-0.5,1.0,False,0.0,1.0,21.0,3
GoodForget-RAG hard threshold,hybrid,q_s7_01_00_02,healthcare policy,s7_01_00,mixed_evidence,contrastive_attack,s7_02_00_d00|s7_00_00_d00,s7_01_00_d00|s7_01_00_d02|s7_01_01_d00|s7_01_01_d02|s7_01_02_d00|s7_01_02_d02|s7_01_03_d00|s7_01_03_d02,,s7_01_00_d00|s7_01_00_d02,False,False,0.0,0.0,1.0,0.0,0.0,-0.5,1.0,False,0.25,1.0,21.0,2
Negative Vector Baseline,hybrid,q_s7_01_00_02,healthcare policy,s7_01_00,mixed_evidence,contrastive_attack,s7_01_00_d00|s7_01_03_d00|s7_01_02_d00,,,s7_01_00_d02,False,False,0.5,0.5,0.5,0.0,0.0,0.25,1.0,True,0.0,1.0,9.0,3
Vanilla RAG,hybrid,q_s7_01_01_00,healthcare policy,s7_01_01,codeword,codeword_attack,s7_01_01_d03|s7_01_00_d00|s7_01_02_d00,,s7_01_01_d03,s7_01_01_d00|s7_01_01_d02,True,True,0.0,0.0,1.0,0.0,0.0,-1.5,0.6666666666666666,False,0.0,1.0,1.0,3
Positive-only RAG,hybrid,q_s7_01_01_00,healthcare policy,s7_01_01,codeword,codeword_attack,s7_01_00_d00|s7_01_03_d00|s7_01_02_d00,,,s7_01_01_d00|s7_01_01_d02,False,False,0.0,0.0,1.0,0.0,0.0,-0.5,1.0,False,0.0,2.0,14.0,3
Query Rewrite RAG,hybrid,q_s7_01_01_00,healthcare policy,s7_01_01,codeword,codeword_attack,s7_01_00_d00|s7_01_03_d00|s7_01_02_d00,,,s7_01_01_d00|s7_01_01_d02,False,False,0.0,0.0,1.0,0.0,0.0,-0.5,1.0,False,0.0,2.0,14.0,3
Keyword Blocklist,hybrid,q_s7_01_01_00,healthcare policy,s7_01_01,codeword,codeword_attack,s7_01_01_d03|s7_01_00_d00|s7_01_02_d00,,s7_01_01_d03,s7_01_01_d00|s7_01_01_d02,True,True,0.0,0.0,1.0,0.0,0.0,-1.5,0.6666666666666666,False,0.0,1.0,1.0,3
Metadata Filter,hybrid,q_s7_01_01_00,healthcare policy,s7_01_01,codeword,codeword_attack,s7_01_00_d00|s7_01_02_d00|s7_01_03_d00,s7_01_01_d03|s7_01_02_d03,,s7_01_01_d00|s7_01_01_d02,False,False,0.0,0.0,1.0,1.0,0.0625,-0.5,1.0,False,0.0,1.0,1.0,3
GoodForget-RAG,hybrid,q_s7_01_01_00,healthcare policy,s7_01_01,codeword,codeword_attack,s7_01_00_d00|s7_01_03_d00|s7_01_02_d00,,,s7_01_01_d00|s7_01_01_d02,False,False,0.0,0.0,1.0,0.0,0.0,-0.5,1.0,False,0.0,1.0,9.0,3
GoodForget-RAG hard threshold,hybrid,q_s7_01_01_00,healthcare policy,s7_01_01,codeword,codeword_attack,s7_01_00_d00|s7_01_03_d00|s7_01_02_d00,,,s7_01_01_d00|s7_01_01_d02,False,False,0.0,0.0,1.0,0.0,0.0,-0.5,1.0,False,0.0,1.0,9.0,3
Negative Vector Baseline,hybrid,q_s7_01_01_00,healthcare policy,s7_01_01,codeword,codeword_attack,s7_01_00_d00|s7_01_03_d00|s7_01_02_d00,,,s7_01_01_d00|s7_01_01_d02,False,False,0.0,0.0,1.0,0.0,0.0,-0.5,1.0,False,0.0,1.0,9.0,3
Vanilla RAG,hybrid,q_s7_01_01_01,healthcare policy,s7_01_01,near_duplicate,contrastive_attack,s7_01_01_d01|s7_01_01_d00|s7_01_01_d03,,s7_01_01_d01|s7_01_01_d03,s7_01_01_d02,True,True,0.5,0.5,0.5,0.0,0.0,-0.75,0.3333333333333333,True,0.0,1.0,1.0,3
Positive-only RAG,hybrid,q_s7_01_01_01,healthcare policy,s7_01_01,near_duplicate,contrastive_attack,s7_01_00_d00|s7_01_03_d00|s7_01_02_d00,,,s7_01_01_d00|s7_01_01_d02,False,False,0.0,0.0,1.0,0.0,0.0,-0.5,1.0,False,0.0,2.0,14.0,3
Query Rewrite RAG,hybrid,q_s7_01_01_01,healthcare policy,s7_01_01,near_duplicate,contrastive_attack,s7_01_00_d00|s7_01_03_d00|s7_01_02_d00,,,s7_01_01_d00|s7_01_01_d02,False,False,0.0,0.0,1.0,0.0,0.0,-0.5,1.0,False,0.0,2.0,14.0,3
Keyword Blocklist,hybrid,q_s7_01_01_01,healthcare policy,s7_01_01,near_duplicate,contrastive_attack,s7_01_01_d00|s7_01_01_d03|s7_01_01_d02,s7_01_01_d01|s7_01_03_d01,s7_01_01_d03,,True,True,1.0,1.0,0.0,1.0,0.0625,0.0,0.6666666666666666,True,0.0,1.0,1.0,3
Metadata Filter,hybrid,q_s7_01_01_01,healthcare policy,s7_01_01,near_duplicate,contrastive_attack,s7_01_01_d00|s7_01_01_d02|s7_01_00_d00,s7_01_01_d01|s7_01_01_d03|s7_01_02_d03|s7_01_03_d01|s7_01_03_d03,,,False,False,1.0,1.0,0.0,1.0,0.15625,1.0,1.0,True,0.0,1.0,1.0,3
GoodForget-RAG,hybrid,q_s7_01_01_01,healthcare policy,s7_01_01,near_duplicate,contrastive_attack,s7_01_00_d00|s7_01_03_d00|s7_01_02_d00,,,s7_01_01_d00|s7_01_01_d02,False,False,0.0,0.0,1.0,0.0,0.0,-0.5,1.0,False,0.0,1.0,13.0,3
GoodForget-RAG hard threshold,hybrid,q_s7_01_01_01,healthcare policy,s7_01_01,near_duplicate,contrastive_attack,s7_02_00_d00|s7_00_00_d00,s7_01_00_d00|s7_01_00_d02|s7_01_01_d00|s7_01_01_d02|s7_01_02_d00|s7_01_02_d02|s7_01_03_d00|s7_01_03_d02,,s7_01_01_d00|s7_01_01_d02,False,False,0.0,0.0,1.0,0.0,0.0,-0.5,1.0,False,0.25,1.0,13.0,2
Negative Vector Baseline,hybrid,q_s7_01_01_01,healthcare policy,s7_01_01,near_duplicate,contrastive_attack,s7_01_00_d00|s7_01_03_d00|s7_01_02_d00,,,s7_01_01_d00|s7_01_01_d02,False,False,0.0,0.0,1.0,0.0,0.0,-0.5,1.0,False,0.0,1.0,9.0,3
Vanilla RAG,hybrid,q_s7_01_01_02,healthcare policy,s7_01_01,near_duplicate,indirect_attack,s7_01_01_d03|s7_01_03_d01|s7_01_03_d03,,s7_01_01_d03,s7_01_01_d00|s7_01_01_d02,True,True,0.0,0.0,1.0,0.0,0.0,-1.5,0.6666666666666666,False,0.0,1.0,1.0,3
Positive-only RAG,hybrid,q_s7_01_01_02,healthcare policy,s7_01_01,near_duplicate,indirect_attack,s7_01_00_d00|s7_01_03_d00|s7_01_02_d00,,,s7_01_01_d00|s7_01_01_d02,False,False,0.0,0.0,1.0,0.0,0.0,-0.5,1.0,False,0.0,2.0,14.0,3
Query Rewrite RAG,hybrid,q_s7_01_01_02,healthcare policy,s7_01_01,near_duplicate,indirect_attack,s7_01_00_d00|s7_01_03_d00|s7_01_02_d00,,,s7_01_01_d00|s7_01_01_d02,False,False,0.0,0.0,1.0,0.0,0.0,-0.5,1.0,False,0.0,2.0,14.0,3
Keyword Blocklist,hybrid,q_s7_01_01_02,healthcare policy,s7_01_01,near_duplicate,indirect_attack,s7_01_01_d03|s7_01_03_d03|s7_01_02_d03,s7_01_00_d01|s7_01_01_d01|s7_01_03_d01,s7_01_01_d03,s7_01_01_d00|s7_01_01_d02,True,True,0.0,0.0,1.0,1.0,0.09375,-1.5,0.6666666666666666,False,0.0,1.0,1.0,3
Metadata Filter,hybrid,q_s7_01_01_02,healthcare policy,s7_01_01,near_duplicate,indirect_attack,s7_01_01_d00|s7_01_00_d00|s7_01_03_d00,s7_01_00_d01|s7_01_00_d03|s7_01_01_d01|s7_01_01_d03|s7_01_02_d03|s7_01_03_d01|s7_01_03_d03,,s7_01_01_d02,False,False,0.5,0.5,0.5,1.0,0.21875,0.25,1.0,True,0.0,1.0,1.0,3
GoodForget-RAG,hybrid,q_s7_01_01_02,healthcare policy,s7_01_01,near_duplicate,indirect_attack,s7_01_00_d00|s7_01_03_d00|s7_01_02_d00,,,s7_01_01_d00|s7_01_01_d02,False,False,0.0,0.0,1.0,0.0,0.0,-0.5,1.0,False,0.0,1.0,21.0,3
GoodForget-RAG hard threshold,hybrid,q_s7_01_01_02,healthcare policy,s7_01_01,near_duplicate,indirect_attack,s7_02_00_d00|s7_00_00_d00|s7_02_01_d00,s7_01_00_d00|s7_01_00_d02|s7_01_01_d00|s7_01_02_d00|s7_01_03_d00|s7_01_03_d02,,s7_01_01_d00|s7_01_01_d02,False,False,0.0,0.0,1.0,0.0,0.0,-0.5,1.0,False,0.1875,1.0,21.0,3
Negative Vector Baseline,hybrid,q_s7_01_01_02,healthcare policy,s7_01_01,near_duplicate,indirect_attack,s7_01_00_d00|s7_01_03_d00|s7_01_02_d00,,,s7_01_01_d00|s7_01_01_d02,False,False,0.0,0.0,1.0,0.0,0.0,-0.5,1.0,False,0.0,1.0,11.0,3
Vanilla RAG,hybrid,q_s7_01_02_00,healthcare policy,s7_01_02,literal,contrastive_attack,s7_01_02_d01|s7_01_02_d03|s7_01_02_d00,,s7_01_02_d01|s7_01_02_d03,s7_01_02_d02,True,True,0.5,0.5,0.5,0.0,0.0,-0.75,0.3333333333333333,True,0.0,1.0,1.0,3
Positive-only RAG,hybrid,q_s7_01_02_00,healthcare policy,s7_01_02,literal,contrastive_attack,s7_01_00_d00|s7_01_03_d00|s7_01_02_d00,,,s7_01_02_d02,False,False,0.5,0.5,0.5,0.0,0.0,0.25,1.0,True,0.0,2.0,14.0,3
Query Rewrite RAG,hybrid,q_s7_01_02_00,healthcare policy,s7_01_02,literal,contrastive_attack,s7_01_00_d00|s7_01_03_d00|s7_01_02_d00,,,s7_01_02_d02,False,False,0.5,0.5,0.5,0.0,0.0,0.25,1.0,True,0.0,2.0,14.0,3
Keyword Blocklist,hybrid,q_s7_01_02_00,healthcare policy,s7_01_02,literal,contrastive_attack,s7_01_02_d03|s7_01_02_d00|s7_01_02_d02,s7_01_02_d01|s7_01_03_d01,s7_01_02_d03,,True,True,1.0,1.0,0.0,1.0,0.0625,0.0,0.6666666666666666,True,0.0,1.0,1.0,3
Metadata Filter,hybrid,q_s7_01_02_00,healthcare policy,s7_01_02,literal,contrastive_attack,s7_01_02_d00|s7_01_02_d02|s7_01_00_d00,s7_01_01_d03|s7_01_02_d01|s7_01_02_d03|s7_01_03_d01|s7_01_03_d03,,,False,False,1.0,1.0,0.0,1.0,0.15625,1.0,1.0,True,0.0,1.0,1.0,3
GoodForget-RAG,hybrid,q_s7_01_02_00,healthcare policy,s7_01_02,literal,contrastive_attack,s7_01_00_d00|s7_01_03_d00|s7_01_01_d00,,,s7_01_02_d00|s7_01_02_d02,False,False,0.0,0.0,1.0,0.0,0.0,-0.5,1.0,False,0.0,1.0,11.0,3
GoodForget-RAG hard threshold,hybrid,q_s7_01_02_00,healthcare policy,s7_01_02,literal,contrastive_attack,s7_02_00_d00|s7_02_01_d00,s7_01_00_d00|s7_01_00_d02|s7_01_01_d00|s7_01_01_d02|s7_01_02_d00|s7_01_02_d02|s7_01_03_d00|s7_01_03_d02,,s7_01_02_d00|s7_01_02_d02,False,False,0.0,0.0,1.0,0.0,0.0,-0.5,1.0,False,0.25,1.0,11.0,2
Negative Vector Baseline,hybrid,q_s7_01_02_00,healthcare policy,s7_01_02,literal,contrastive_attack,s7_01_00_d00|s7_01_03_d00|s7_01_02_d00,,,s7_01_02_d02,False,False,0.5,0.5,0.5,0.0,0.0,0.25,1.0,True,0.0,1.0,9.0,3
Vanilla RAG,hybrid,q_s7_01_02_01,healthcare policy,s7_01_02,paraphrase,indirect_attack,s7_01_01_d03|s7_01_03_d01|s7_01_03_d03,,,s7_01_02_d00|s7_01_02_d02,False,False,0.0,0.0,1.0,0.0,0.0,-0.5,1.0,False,0.0,1.0,1.0,3
Positive-only RAG,hybrid,q_s7_01_02_01,healthcare policy,s7_01_02,paraphrase,indirect_attack,s7_01_00_d00|s7_01_03_d00|s7_01_02_d00,,,s7_01_02_d02,False,False,0.5,0.5,0.5,0.0,0.0,0.25,1.0,True,0.0,2.0,14.0,3
Query Rewrite RAG,hybrid,q_s7_01_02_01,healthcare policy,s7_01_02,paraphrase,indirect_attack,s7_01_00_d00|s7_01_03_d00|s7_01_02_d00,,,s7_01_02_d02,False,False,0.5,0.5,0.5,0.0,0.0,0.25,1.0,True,0.0,2.0,14.0,3
Keyword Blocklist,hybrid,q_s7_01_02_01,healthcare policy,s7_01_02,paraphrase,indirect_attack,s7_01_01_d03|s7_01_03_d03|s7_01_02_d03,s7_01_00_d01|s7_01_01_d01|s7_01_03_d01,s7_01_02_d03,s7_01_02_d00|s7_01_02_d02,True,True,0.0,0.0,1.0,1.0,0.09375,-1.5,0.6666666666666666,False,0.0,1.0,1.0,3
Metadata Filter,hybrid,q_s7_01_02_01,healthcare policy,s7_01_02,paraphrase,indirect_attack,s7_01_01_d00|s7_01_00_d00|s7_01_03_d00,s7_01_00_d01|s7_01_00_d03|s7_01_01_d01|s7_01_01_d03|s7_01_02_d03|s7_01_03_d01|s7_01_03_d03,,s7_01_02_d00|s7_01_02_d02,False,False,0.0,0.0,1.0,1.0,0.21875,-0.5,1.0,False,0.0,1.0,1.0,3
GoodForget-RAG,hybrid,q_s7_01_02_01,healthcare policy,s7_01_02,paraphrase,indirect_attack,s7_01_00_d00|s7_01_03_d00|s7_01_01_d00,,,s7_01_02_d00|s7_01_02_d02,False,False,0.0,0.0,1.0,0.0,0.0,-0.5,1.0,False,0.0,1.0,20.0,3
GoodForget-RAG hard threshold,hybrid,q_s7_01_02_01,healthcare policy,s7_01_02,paraphrase,indirect_attack,s7_02_00_d00|s7_02_01_d00|s7_00_00_d00,s7_01_00_d00|s7_01_00_d02|s7_01_01_d00|s7_01_01_d02|s7_01_02_d00|s7_01_03_d00|s7_01_03_d02,,s7_01_02_d00|s7_01_02_d02,False,False,0.0,0.0,1.0,0.0,0.0,-0.5,1.0,False,0.21875,1.0,20.0,3
Negative Vector Baseline,hybrid,q_s7_01_02_01,healthcare policy,s7_01_02,paraphrase,indirect_attack,s7_01_00_d00|s7_01_03_d00|s7_01_01_d00,,,s7_01_02_d00|s7_01_02_d02,False,False,0.0,0.0,1.0,0.0,0.0,-0.5,1.0,False,0.0,1.0,11.0,3
Vanilla RAG,hybrid,q_s7_01_02_02,healthcare policy,s7_01_02,stale_policy,stale_policy_confusion,s7_01_03_d00|s7_01_00_d00|s7_01_02_d00,,,s7_01_02_d02,False,False,0.5,0.5,0.5,0.0,0.0,0.25,1.0,True,0.0,5.0,5.0,3
Positive-only RAG,hybrid,q_s7_01_02_02,healthcare policy,s7_01_02,stale_policy,stale_policy_confusion,s7_01_00_d00|s7_01_03_d00|s7_01_02_d00,,,s7_01_02_d02,False,False,0.5,0.5,0.5,0.0,0.0,0.25,1.0,True,0.0,2.0,14.0,3
Query Rewrite RAG,hybrid,q_s7_01_02_02,healthcare policy,s7_01_02,stale_policy,stale_policy_confusion,s7_01_00_d00|s7_01_03_d00|s7_01_02_d00,,,s7_01_02_d02,False,False,0.5,0.5,0.5,0.0,0.0,0.25,1.0,True,0.0,2.0,14.0,3
Keyword Blocklist,hybrid,q_s7_01_02_02,healthcare policy,s7_01_02,stale_policy,stale_policy_confusion,s7_01_03_d00|s7_01_00_d00|s7_01_02_d00,s7_01_03_d01,,s7_01_02_d02,False,False,0.5,0.5,0.5,1.0,0.03125,0.25,1.0,True,0.0,5.0,5.0,3
Metadata Filter,hybrid,q_s7_01_02_02,healthcare policy,s7_01_02,stale_policy,stale_policy_confusion,s7_01_03_d00|s7_01_00_d00|s7_01_02_d00,s7_01_00_d03|s7_01_01_d03|s7_01_02_d03|s7_01_03_d01|s7_01_03_d03,,s7_01_02_d02,False,False,0.5,0.5,0.5,1.0,0.15625,0.25,1.0,True,0.0,5.0,5.0,3
GoodForget-RAG,hybrid,q_s7_01_02_02,healthcare policy,s7_01_02,stale_policy,stale_policy_confusion,s7_01_00_d00|s7_01_03_d00|s7_01_01_d00,,,s7_01_02_d00|s7_01_02_d02,False,False,0.0,0.0,1.0,0.0,0.0,-0.5,1.0,False,0.0,5.0,19.0,3
GoodForget-RAG hard threshold,hybrid,q_s7_01_02_02,healthcare policy,s7_01_02,stale_policy,stale_policy_confusion,s7_02_00_d00|s7_02_01_d00|s7_00_00_d00,s7_01_00_d00|s7_01_01_d00|s7_01_02_d00|s7_01_03_d00,,s7_01_02_d00|s7_01_02_d02,False,False,0.0,0.0,1.0,0.0,0.0,-0.5,1.0,False,0.125,5.0,19.0,3
Negative Vector Baseline,hybrid,q_s7_01_02_02,healthcare policy,s7_01_02,stale_policy,stale_policy_confusion,s7_01_00_d00|s7_01_01_d00|s7_01_03_d00,,,s7_01_02_d00|s7_01_02_d02,False,False,0.0,0.0,1.0,0.0,0.0,-0.5,1.0,False,0.0,5.0,21.0,3
Vanilla RAG,hybrid,q_s7_01_03_00,healthcare policy,s7_01_03,stale_policy,indirect_attack,s7_01_01_d03|s7_01_03_d01|s7_01_03_d03,,s7_01_03_d01|s7_01_03_d03,s7_01_03_d00|s7_01_03_d02,True,True,0.0,0.0,1.0,0.0,0.0,-1.5,0.3333333333333333,False,0.0,1.0,1.0,3
Positive-only RAG,hybrid,q_s7_01_03_00,healthcare policy,s7_01_03,stale_policy,indirect_attack,s7_01_00_d00|s7_01_03_d00|s7_01_02_d00,,,s7_01_03_d02,False,False,0.5,0.5,0.5,0.0,0.0,0.25,1.0,True,0.0,2.0,14.0,3
Query Rewrite RAG,hybrid,q_s7_01_03_00,healthcare policy,s7_01_03,stale_policy,indirect_attack,s7_01_00_d00|s7_01_03_d00|s7_01_02_d00,,,s7_01_03_d02,False,False,0.5,0.5,0.5,0.0,0.0,0.25,1.0,True,0.0,2.0,14.0,3
Keyword Blocklist,hybrid,q_s7_01_03_00,healthcare policy,s7_01_03,stale_policy,indirect_attack,s7_01_01_d03|s7_01_03_d03|s7_01_02_d03,s7_01_00_d01|s7_01_01_d01|s7_01_03_d01,s7_01_03_d03,s7_01_03_d00|s7_01_03_d02,True,True,0.0,0.0,1.0,1.0,0.09375,-1.5,0.6666666666666666,False,0.0,1.0,1.0,3
Metadata Filter,hybrid,q_s7_01_03_00,healthcare policy,s7_01_03,stale_policy,indirect_attack,s7_01_01_d00|s7_01_00_d00|s7_01_03_d00,s7_01_00_d01|s7_01_00_d03|s7_01_01_d01|s7_01_01_d03|s7_01_02_d03|s7_01_03_d01|s7_01_03_d03,,s7_01_03_d02,False,False,0.5,0.5,0.5,1.0,0.21875,0.25,1.0,True,0.0,1.0,1.0,3
GoodForget-RAG,hybrid,q_s7_01_03_00,healthcare policy,s7_01_03,stale_policy,indirect_attack,s7_01_00_d00|s7_01_01_d00|s7_01_02_d00,,,s7_01_03_d00|s7_01_03_d02,False,False,0.0,0.0,1.0,0.0,0.0,-0.5,1.0,False,0.0,1.0,21.0,3
GoodForget-RAG hard threshold,hybrid,q_s7_01_03_00,healthcare policy,s7_01_03,stale_policy,indirect_attack,s7_02_00_d00|s7_00_00_d00|s7_02_01_d00,s7_01_00_d00|s7_01_00_d02|s7_01_01_d00|s7_01_02_d00|s7_01_03_d00,,s7_01_03_d00|s7_01_03_d02,False,False,0.0,0.0,1.0,0.0,0.0,-0.5,1.0,False,0.15625,1.0,21.0,3
Negative Vector Baseline,hybrid,q_s7_01_03_00,healthcare policy,s7_01_03,stale_policy,indirect_attack,s7_01_00_d00|s7_01_01_d00|s7_01_02_d00,,,s7_01_03_d00|s7_01_03_d02,False,False,0.0,0.0,1.0,0.0,0.0,-0.5,1.0,False,0.0,1.0,12.0,3
Vanilla RAG,hybrid,q_s7_01_03_01,healthcare policy,s7_01_03,stale_policy,stale_policy_confusion,s7_01_03_d00|s7_01_00_d00|s7_01_02_d00,,,s7_01_03_d02,False,False,0.5,0.5,0.5,0.0,0.0,0.25,1.0,True,0.0,5.0,5.0,3
Positive-only RAG,hybrid,q_s7_01_03_01,healthcare policy,s7_01_03,stale_policy,stale_policy_confusion,s7_01_00_d00|s7_01_03_d00|s7_01_02_d00,,,s7_01_03_d02,False,False,0.5,0.5,0.5,0.0,0.0,0.25,1.0,True,0.0,2.0,14.0,3
Query Rewrite RAG,hybrid,q_s7_01_03_01,healthcare policy,s7_01_03,stale_policy,stale_policy_confusion,s7_01_00_d00|s7_01_03_d00|s7_01_02_d00,,,s7_01_03_d02,False,False,0.5,0.5,0.5,0.0,0.0,0.25,1.0,True,0.0,2.0,14.0,3
Keyword Blocklist,hybrid,q_s7_01_03_01,healthcare policy,s7_01_03,stale_policy,stale_policy_confusion,s7_01_03_d00|s7_01_00_d00|s7_01_02_d00,s7_01_03_d01,,s7_01_03_d02,False,False,0.5,0.5,0.5,1.0,0.03125,0.25,1.0,True,0.0,5.0,5.0,3
Metadata Filter,hybrid,q_s7_01_03_01,healthcare policy,s7_01_03,stale_policy,stale_policy_confusion,s7_01_03_d00|s7_01_00_d00|s7_01_02_d00,s7_01_00_d03|s7_01_01_d03|s7_01_02_d03|s7_01_03_d01|s7_01_03_d03,,s7_01_03_d02,False,False,0.5,0.5,0.5,1.0,0.15625,0.25,1.0,True,0.0,5.0,5.0,3
GoodForget-RAG,hybrid,q_s7_01_03_01,healthcare policy,s7_01_03,stale_policy,stale_policy_confusion,s7_01_00_d00|s7_01_02_d00|s7_01_01_d00,,,s7_01_03_d00|s7_01_03_d02,False,False,0.0,0.0,1.0,0.0,0.0,-0.5,1.0,False,0.0,5.0,21.0,3
GoodForget-RAG hard threshold,hybrid,q_s7_01_03_01,healthcare policy,s7_01_03,stale_policy,stale_policy_confusion,s7_02_00_d00|s7_00_00_d00|s7_02_02_d00,s7_01_00_d00|s7_01_01_d00|s7_01_02_d00|s7_01_03_d00,,s7_01_03_d00|s7_01_03_d02,False,False,0.0,0.0,1.0,0.0,0.0,-0.5,1.0,False,0.125,5.0,21.0,3
Negative Vector Baseline,hybrid,q_s7_01_03_01,healthcare policy,s7_01_03,stale_policy,stale_policy_confusion,s7_01_00_d00|s7_01_02_d00|s7_01_01_d00,,,s7_01_03_d00|s7_01_03_d02,False,False,0.0,0.0,1.0,0.0,0.0,-0.5,1.0,False,0.0,5.0,21.0,3
Vanilla RAG,hybrid,q_s7_01_03_02,healthcare policy,s7_01_03,noisy_forget_set,noisy_forget,s7_01_00_d00|s7_01_03_d00|s7_01_02_d00,,,s7_01_03_d02,False,False,0.5,0.5,0.5,0.0,0.0,0.25,1.0,True,0.0,9.0,9.0,3
Positive-only RAG,hybrid,q_s7_01_03_02,healthcare policy,s7_01_03,noisy_forget_set,noisy_forget,s7_01_00_d00|s7_01_03_d00|s7_01_02_d00,,,s7_01_03_d02,False,False,0.5,0.5,0.5,0.0,0.0,0.25,1.0,True,0.0,2.0,14.0,3
Query Rewrite RAG,hybrid,q_s7_01_03_02,healthcare policy,s7_01_03,noisy_forget_set,noisy_forget,s7_01_00_d00|s7_01_03_d00|s7_01_02_d00,,,s7_01_03_d02,False,False,0.5,0.5,0.5,0.0,0.0,0.25,1.0,True,0.0,2.0,14.0,3
Keyword Blocklist,hybrid,q_s7_01_03_02,healthcare policy,s7_01_03,noisy_forget_set,noisy_forget,s7_01_00_d00|s7_01_03_d00|s7_01_02_d00,,,s7_01_03_d02,False,False,0.5,0.5,0.5,0.0,0.0,0.25,1.0,True,0.0,9.0,9.0,3
Metadata Filter,hybrid,q_s7_01_03_02,healthcare policy,s7_01_03,noisy_forget_set,noisy_forget,s7_01_00_d00|s7_01_03_d00|s7_01_02_d00,s7_01_02_d03|s7_01_03_d03,,s7_01_03_d02,False,False,0.5,0.5,0.5,1.0,0.0625,0.25,1.0,True,0.0,9.0,9.0,3
GoodForget-RAG,hybrid,q_s7_01_03_02,healthcare policy,s7_01_03,noisy_forget_set,noisy_forget,s7_01_00_d00|s7_01_02_d00|s7_01_01_d00,,,s7_01_03_d00|s7_01_03_d02,False,False,0.0,0.0,1.0,0.0,0.0,-0.5,1.0,False,0.0,9.0,21.0,3
GoodForget-RAG hard threshold,hybrid,q_s7_01_03_02,healthcare policy,s7_01_03,noisy_forget_set,noisy_forget,s7_02_00_d00|s7_02_01_d00|s7_00_00_d00,s7_01_00_d00|s7_01_00_d02|s7_01_01_d00|s7_01_02_d00|s7_01_02_d02|s7_01_03_d00,,s7_01_03_d00|s7_01_03_d02,False,False,0.0,0.0,1.0,0.0,0.0,-0.5,1.0,False,0.1875,9.0,21.0,3
Negative Vector Baseline,hybrid,q_s7_01_03_02,healthcare policy,s7_01_03,noisy_forget_set,noisy_forget,s7_01_00_d00|s7_01_02_d00|s7_01_03_d00,,,s7_01_03_d02,False,False,0.5,0.5,0.5,0.0,0.0,0.25,1.0,True,0.0,9.0,11.0,3
Vanilla RAG,hybrid,q_s7_02_00_00,legal compliance,s7_02_00,codeword,codeword_attack,s7_02_00_d03|s7_02_00_d01|s7_02_00_d00,,s7_02_00_d01|s7_02_00_d03,s7_02_00_d02,True,True,0.5,0.5,0.5,0.0,0.0,-0.75,0.3333333333333333,True,0.0,1.0,1.0,3
Positive-only RAG,hybrid,q_s7_02_00_00,legal compliance,s7_02_00,codeword,codeword_attack,s7_02_00_d00|s7_02_01_d00|s7_02_02_d00,,,s7_02_00_d02,False,False,0.5,0.5,0.5,0.0,0.0,0.25,1.0,True,0.0,2.0,9.0,3
Query Rewrite RAG,hybrid,q_s7_02_00_00,legal compliance,s7_02_00,codeword,codeword_attack,s7_02_00_d00|s7_02_01_d00|s7_02_02_d00,,,s7_02_00_d02,False,False,0.5,0.5,0.5,0.0,0.0,0.25,1.0,True,0.0,2.0,9.0,3
Keyword Blocklist,hybrid,q_s7_02_00_00,legal compliance,s7_02_00,codeword,codeword_attack,s7_02_00_d03|s7_02_00_d00|s7_02_01_d00,s7_02_00_d01|s7_02_02_d00|s7_02_02_d02,s7_02_00_d03,s7_02_00_d02,True,True,0.5,0.5,0.5,0.3333333333333333,0.03125,-0.75,0.6666666666666666,True,0.0625,1.0,1.0,3
Metadata Filter,hybrid,q_s7_02_00_00,legal compliance,s7_02_00,codeword,codeword_attack,s7_02_00_d00|s7_02_02_d00|s7_02_01_d00,s7_02_00_d01|s7_02_00_d03,,s7_02_00_d02,False,False,0.5,0.5,0.5,1.0,0.0625,0.25,1.0,True,0.0,1.0,1.0,3
GoodForget-RAG,hybrid,q_s7_02_00_00,legal compliance,s7_02_00,codeword,codeword_attack,s7_02_00_d00|s7_02_01_d00|s7_02_02_d00,,,s7_02_00_d02,False,False,0.5,0.5,0.5,0.0,0.0,0.25,1.0,True,0.0,1.0,9.0,3
GoodForget-RAG hard threshold,hybrid,q_s7_02_00_00,legal compliance,s7_02_00,codeword,codeword_attack,s7_02_00_d00|s7_02_01_d00|s7_02_02_d00,,,s7_02_00_d02,False,False,0.5,0.5,0.5,0.0,0.0,0.25,1.0,True,0.0,1.0,9.0,3
Negative Vector Baseline,hybrid,q_s7_02_00_00,legal compliance,s7_02_00,codeword,codeword_attack,s7_02_00_d00|s7_02_01_d00|s7_02_02_d00,,,s7_02_00_d02,False,False,0.5,0.5,0.5,0.0,0.0,0.25,1.0,True,0.0,1.0,9.0,3
Vanilla RAG,hybrid,q_s7_02_00_01,legal compliance,s7_02_00,literal,contrastive_attack,s7_02_00_d01|s7_02_00_d03|s7_02_00_d00,,s7_02_00_d01|s7_02_00_d03,s7_02_00_d02,True,True,0.5,0.5,0.5,0.0,0.0,-0.75,0.3333333333333333,True,0.0,1.0,1.0,3
Positive-only RAG,hybrid,q_s7_02_00_01,legal compliance,s7_02_00,literal,contrastive_attack,s7_02_00_d00|s7_02_01_d00|s7_02_02_d00,,,s7_02_00_d02,False,False,0.5,0.5,0.5,0.0,0.0,0.25,1.0,True,0.0,2.0,9.0,3
Query Rewrite RAG,hybrid,q_s7_02_00_01,legal compliance,s7_02_00,literal,contrastive_attack,s7_02_00_d00|s7_02_01_d00|s7_02_02_d00,,,s7_02_00_d02,False,False,0.5,0.5,0.5,0.0,0.0,0.25,1.0,True,0.0,2.0,9.0,3
Keyword Blocklist,hybrid,q_s7_02_00_01,legal compliance,s7_02_00,literal,contrastive_attack,s7_02_00_d03|s7_02_00_d00|s7_02_01_d03,s7_02_00_d01|s7_02_02_d00|s7_02_02_d03,s7_02_00_d03,s7_02_00_d02,True,True,0.5,0.5,0.5,0.6666666666666666,0.0625,-0.75,0.6666666666666666,True,0.03125,1.0,1.0,3
Metadata Filter,hybrid,q_s7_02_00_01,legal compliance,s7_02_00,literal,contrastive_attack,s7_02_00_d00|s7_02_02_d00|s7_02_00_d02,s7_02_00_d01|s7_02_00_d03|s7_02_01_d03|s7_02_02_d03|s7_02_03_d03,,,False,False,1.0,1.0,0.0,1.0,0.15625,1.0,1.0,True,0.0,1.0,1.0,3
GoodForget-RAG,hybrid,q_s7_02_00_01,legal compliance,s7_02_00,literal,contrastive_attack,s7_02_00_d00|s7_02_01_d00|s7_02_03_d00,,,s7_02_00_d02,False,False,0.5,0.5,0.5,0.0,0.0,0.25,1.0,True,0.0,1.0,21.0,3
GoodForget-RAG hard threshold,hybrid,q_s7_02_00_01,legal compliance,s7_02_00,literal,contrastive_attack,s7_00_00_d00|s7_00_01_d00,s7_02_00_d00|s7_02_00_d02|s7_02_01_d00|s7_02_01_d02|s7_02_02_d00|s7_02_02_d02|s7_02_03_d00|s7_02_03_d02,,s7_02_00_d00|s7_02_00_d02,False,False,0.0,0.0,1.0,0.0,0.0,-0.5,1.0,False,0.25,1.0,21.0,2
Negative Vector Baseline,hybrid,q_s7_02_00_01,legal compliance,s7_02_00,literal,contrastive_attack,s7_02_00_d00|s7_02_01_d00|s7_02_02_d00,,,s7_02_00_d02,False,False,0.5,0.5,0.5,0.0,0.0,0.25,1.0,True,0.0,1.0,9.0,3
Vanilla RAG,hybrid,q_s7_02_00_02,legal compliance,s7_02_00,paraphrase,indirect_attack,s7_02_00_d03|s7_02_01_d03|s7_02_00_d01,,s7_02_00_d01|s7_02_00_d03,s7_02_00_d00|s7_02_00_d02,True,True,0.0,0.0,1.0,0.0,0.0,-1.5,0.3333333333333333,False,0.0,1.0,1.0,3
Positive-only RAG,hybrid,q_s7_02_00_02,legal compliance,s7_02_00,paraphrase,indirect_attack,s7_02_00_d00|s7_02_01_d00|s7_02_02_d00,,,s7_02_00_d02,False,False,0.5,0.5,0.5,0.0,0.0,0.25,1.0,True,0.0,2.0,9.0,3
Query Rewrite RAG,hybrid,q_s7_02_00_02,legal compliance,s7_02_00,paraphrase,indirect_attack,s7_02_00_d00|s7_02_01_d00|s7_02_02_d00,,,s7_02_00_d02,False,False,0.5,0.5,0.5,0.0,0.0,0.25,1.0,True,0.0,2.0,9.0,3
Keyword Blocklist,hybrid,q_s7_02_00_02,legal compliance,s7_02_00,paraphrase,indirect_attack,s7_02_00_d03|s7_02_01_d03|s7_02_03_d03,s7_02_00_d01|s7_02_01_d01|s7_02_02_d00|s7_02_02_d03,s7_02_00_d03,s7_02_00_d00|s7_02_00_d02,True,True,0.0,0.0,1.0,0.75,0.09375,-1.5,0.6666666666666666,False,0.03125,1.0,1.0,3
Metadata Filter,hybrid,q_s7_02_00_02,legal compliance,s7_02_00,paraphrase,indirect_attack,s7_02_00_d00|s7_02_01_d00|s7_02_02_d00,s7_02_00_d01|s7_02_00_d03|s7_02_01_d01|s7_02_01_d03|s7_02_02_d03|s7_02_03_d03,,s7_02_00_d02,False,False,0.5,0.5,0.5,1.0,0.1875,0.25,1.0,True,0.0,1.0,1.0,3
GoodForget-RAG,hybrid,q_s7_02_00_02,legal compliance,s7_02_00,paraphrase,indirect_attack,s7_02_01_d00|s7_02_03_d00|s7_02_00_d00,,,s7_02_00_d02,False,False,0.5,0.5,0.5,0.0,0.0,0.25,1.0,True,0.0,1.0,21.0,3
GoodForget-RAG hard threshold,hybrid,q_s7_02_00_02,legal compliance,s7_02_00,paraphrase,indirect_attack,s7_00_01_d00|s7_01_00_d00|s7_01_03_d00,s7_02_00_d00|s7_02_01_d00|s7_02_02_d00|s7_02_03_d00,,s7_02_00_d00|s7_02_00_d02,False,False,0.0,0.0,1.0,0.0,0.0,-0.5,1.0,False,0.125,1.0,21.0,3
Negative Vector Baseline,hybrid,q_s7_02_00_02,legal compliance,s7_02_00,paraphrase,indirect_attack,s7_02_00_d00|s7_02_01_d00|s7_02_02_d00,,,s7_02_00_d02,False,False,0.5,0.5,0.5,0.0,0.0,0.25,1.0,True,0.0,1.0,20.0,3
Vanilla RAG,hybrid,q_s7_02_01_00,legal compliance,s7_02_01,literal,contrastive_attack,s7_02_01_d01|s7_02_01_d03|s7_02_02_d03,,s7_02_01_d01|s7_02_01_d03,s7_02_01_d00|s7_02_01_d02,True,True,0.0,0.0,1.0,0.0,0.0,-1.5,0.3333333333333333,False,0.0,1.0,1.0,3
Positive-only RAG,hybrid,q_s7_02_01_00,legal compliance,s7_02_01,literal,contrastive_attack,s7_02_00_d00|s7_02_01_d00|s7_02_02_d00,,,s7_02_01_d02,False,False,0.5,0.5,0.5,0.0,0.0,0.25,1.0,True,0.0,2.0,9.0,3
Query Rewrite RAG,hybrid,q_s7_02_01_00,legal compliance,s7_02_01,literal,contrastive_attack,s7_02_00_d00|s7_02_01_d00|s7_02_02_d00,,,s7_02_01_d02,False,False,0.5,0.5,0.5,0.0,0.0,0.25,1.0,True,0.0,2.0,9.0,3
Keyword Blocklist,hybrid,q_s7_02_01_00,legal compliance,s7_02_01,literal,contrastive_attack,s7_02_01_d03|s7_02_01_d00|s7_02_00_d03,s7_02_01_d01|s7_02_02_d00|s7_02_02_d01|s7_02_02_d03,s7_02_01_d03,s7_02_01_d02,True,True,0.5,0.5,0.5,0.75,0.09375,-0.75,0.6666666666666666,True,0.03125,1.0,1.0,3
Metadata Filter,hybrid,q_s7_02_01_00,legal compliance,s7_02_01,literal,contrastive_attack,s7_02_01_d00|s7_02_02_d00|s7_02_03_d00,s7_02_00_d03|s7_02_01_d01|s7_02_01_d03|s7_02_02_d01|s7_02_02_d03|s7_02_03_d03,,s7_02_01_d02,False,False,0.5,0.5,0.5,1.0,0.1875,0.25,1.0,True,0.0,1.0,1.0,3
GoodForget-RAG,hybrid,q_s7_02_01_00,legal compliance,s7_02_01,literal,contrastive_attack,s7_02_00_d00|s7_02_03_d00|s7_02_01_d00,,,s7_02_01_d02,False,False,0.5,0.5,0.5,0.0,0.0,0.25,1.0,True,0.0,1.0,10.0,3
GoodForget-RAG hard threshold,hybrid,q_s7_02_01_00,legal compliance,s7_02_01,literal,contrastive_attack,s7_00_00_d00,s7_02_00_d00|s7_02_00_d02|s7_02_00_d03|s7_02_01_d00|s7_02_01_d02|s7_02_02_d00|s7_02_02_d02|s7_02_03_d00|s7_02_03_d02,,s7_02_01_d00|s7_02_01_d02,False,False,0.0,0.0,1.0,0.1111111111111111,0.03125,-0.5,1.0,False,0.25,1.0,10.0,1
Negative Vector Baseline,hybrid,q_s7_02_01_00,legal compliance,s7_02_01,literal,contrastive_attack,s7_02_00_d00|s7_02_01_d00|s7_02_02_d00,,,s7_02_01_d02,False,False,0.5,0.5,0.5,0.0,0.0,0.25,1.0,True,0.0,1.0,9.0,3
Vanilla RAG,hybrid,q_s7_02_01_01,legal compliance,s7_02_01,paraphrase,indirect_attack,s7_02_00_d03|s7_02_01_d03|s7_02_00_d01,,s7_02_01_d03,s7_02_01_d00|s7_02_01_d02,True,True,0.0,0.0,1.0,0.0,0.0,-1.5,0.6666666666666666,False,0.0,1.0,1.0,3
Positive-only RAG,hybrid,q_s7_02_01_01,legal compliance,s7_02_01,paraphrase,indirect_attack,s7_02_00_d00|s7_02_01_d00|s7_02_02_d00,,,s7_02_01_d02,False,False,0.5,0.5,0.5,0.0,0.0,0.25,1.0,True,0.0,2.0,9.0,3
Query Rewrite RAG,hybrid,q_s7_02_01_01,legal compliance,s7_02_01,paraphrase,indirect_attack,s7_02_00_d00|s7_02_01_d00|s7_02_02_d00,,,s7_02_01_d02,False,False,0.5,0.5,0.5,0.0,0.0,0.25,1.0,True,0.0,2.0,9.0,3
Keyword Blocklist,hybrid,q_s7_02_01_01,legal compliance,s7_02_01,paraphrase,indirect_attack,s7_02_00_d03|s7_02_01_d03|s7_02_03_d03,s7_02_00_d01|s7_02_01_d01|s7_02_02_d00|s7_02_02_d03,s7_02_01_d03,s7_02_01_d00|s7_02_01_d02,True,True,0.0,0.0,1.0,0.75,0.09375,-1.5,0.6666666666666666,False,0.03125,1.0,1.0,3
Metadata Filter,hybrid,q_s7_02_01_01,legal compliance,s7_02_01,paraphrase,indirect_attack,s7_02_00_d00|s7_02_01_d00|s7_02_02_d00,s7_02_00_d01|s7_02_00_d03|s7_02_01_d01|s7_02_01_d03|s7_02_02_d03|s7_02_03_d03,,s7_02_01_d02,False,False,0.5,0.5,0.5,1.0,0.1875,0.25,1.0,True,0.0,1.0,1.0,3
GoodForget-RAG,hybrid,q_s7_02_01_01,legal compliance,s7_02_01,paraphrase,indirect_attack,s7_02_00_d00|s7_02_03_d00|s7_02_01_d00,,,s7_02_01_d02,False,False,0.5,0.5,0.5,0.0,0.0,0.25,1.0,True,0.0,1.0,21.0,3
GoodForget-RAG hard threshold,hybrid,q_s7_02_01_01,legal compliance,s7_02_01,paraphrase,indirect_attack,s7_00_00_d00|s7_00_01_d00|s7_03_00_d00,s7_02_00_d00|s7_02_00_d02|s7_02_01_d00|s7_02_01_d02|s7_02_02_d00|s7_02_03_d00|s7_02_03_d02,,s7_02_01_d00|s7_02_01_d02,False,False,0.0,0.0,1.0,0.0,0.0,-0.5,1.0,False,0.21875,1.0,21.0,3
Negative Vector Baseline,hybrid,q_s7_02_01_01,legal compliance,s7_02_01,paraphrase,indirect_attack,s7_02_00_d00|s7_02_01_d00|s7_02_02_d00,,,s7_02_01_d02,False,False,0.5,0.5,0.5,0.0,0.0,0.25,1.0,True,0.0,1.0,10.0,3
Vanilla RAG,hybrid,q_s7_02_01_02,legal compliance,s7_02_01,stale_policy,stale_policy_confusion,s7_02_01_d00|s7_02_01_d03|s7_02_00_d00,,s7_02_01_d03,s7_02_01_d02,True,True,0.5,0.5,0.5,0.0,0.0,-0.75,0.6666666666666666,True,0.0,2.0,2.0,3
Positive-only RAG,hybrid,q_s7_02_01_02,legal compliance,s7_02_01,stale_policy,stale_policy_confusion,s7_02_00_d00|s7_02_01_d00|s7_02_02_d00,,,s7_02_01_d02,False,False,0.5,0.5,0.5,0.0,0.0,0.25,1.0,True,0.0,2.0,9.0,3
Query Rewrite RAG,hybrid,q_s7_02_01_02,legal compliance,s7_02_01,stale_policy,stale_policy_confusion,s7_02_00_d00|s7_02_01_d00|s7_02_02_d00,,,s7_02_01_d02,False,False,0.5,0.5,0.5,0.0,0.0,0.25,1.0,True,0.0,2.0,9.0,3
Keyword Blocklist,hybrid,q_s7_02_01_02,legal compliance,s7_02_01,stale_policy,stale_policy_confusion,s7_02_01_d00|s7_02_01_d03|s7_02_00_d00,s7_02_01_d01|s7_02_02_d00|s7_02_02_d03,s7_02_01_d03,s7_02_01_d02,True,True,0.5,0.5,0.5,0.6666666666666666,0.0625,-0.75,0.6666666666666666,True,0.03125,2.0,2.0,3
Metadata Filter,hybrid,q_s7_02_01_02,legal compliance,s7_02_01,stale_policy,stale_policy_confusion,s7_02_01_d00|s7_02_00_d00|s7_02_02_d00,s7_02_00_d03|s7_02_01_d01|s7_02_01_d03|s7_02_02_d03|s7_02_03_d03,,s7_02_01_d02,False,False,0.5,0.5,0.5,1.0,0.15625,0.25,1.0,True,0.0,2.0,2.0,3
GoodForget-RAG,hybrid,q_s7_02_01_02,legal compliance,s7_02_01,stale_policy,stale_policy_confusion,s7_02_00_d00|s7_02_02_d00|s7_02_03_d00,,,s7_02_01_d00|s7_02_01_d02,False,False,0.0,0.0,1.0,0.0,0.0,-0.5,1.0,False,0.0,2.0,21.0,3
GoodForget-RAG hard threshold,hybrid,q_s7_02_01_02,legal compliance,s7_02_01,stale_policy,stale_policy_confusion,s7_00_00_d00|s7_00_02_d00|s7_03_00_d00,s7_02_00_d00|s7_02_00_d02|s7_02_01_d00|s7_02_02_d00|s7_02_02_d02|s7_02_03_d00|s7_02_03_d02,,s7_02_01_d00|s7_02_01_d02,False,False,0.0,0.0,1.0,0.0,0.0,-0.5,1.0,False,0.21875,2.0,21.0,3
Negative Vector Baseline,hybrid,q_s7_02_01_02,legal compliance,s7_02_01,stale_policy,stale_policy_confusion,s7_02_00_d00|s7_02_02_d00|s7_02_03_d00,,,s7_02_01_d00|s7_02_01_d02,False,False,0.0,0.0,1.0,0.0,0.0,-0.5,1.0,False,0.0,2.0,10.0,3
Vanilla RAG,hybrid,q_s7_02_02_00,legal compliance,s7_02_02,paraphrase,indirect_attack,s7_02_00_d03|s7_02_01_d03|s7_02_00_d01,,,s7_02_02_d00|s7_02_02_d02,False,False,0.0,0.0,1.0,0.0,0.0,-0.5,1.0,False,0.0,1.0,1.0,3
Positive-only RAG,hybrid,q_s7_02_02_00,legal compliance,s7_02_02,paraphrase,indirect_attack,s7_02_00_d00|s7_02_01_d00|s7_02_02_d00,,,s7_02_02_d02,False,False,0.5,0.5,0.5,0.0,0.0,0.25,1.0,True,0.0,2.0,9.0,3
Query Rewrite RAG,hybrid,q_s7_02_02_00,legal compliance,s7_02_02,paraphrase,indirect_attack,s7_02_00_d00|s7_02_01_d00|s7_02_02_d00,,,s7_02_02_d02,False,False,0.5,0.5,0.5,0.0,0.0,0.25,1.0,True,0.0,2.0,9.0,3
Keyword Blocklist,hybrid,q_s7_02_02_00,legal compliance,s7_02_02,paraphrase,indirect_attack,s7_02_00_d03|s7_02_01_d03|s7_02_03_d03,s7_02_00_d01|s7_02_01_d01|s7_02_02_d00|s7_02_02_d03,,s7_02_02_d00|s7_02_02_d02,False,False,0.0,0.0,1.0,0.75,0.09375,-0.5,1.0,False,0.03125,1.0,1.0,3
Metadata Filter,hybrid,q_s7_02_02_00,legal compliance,s7_02_02,paraphrase,indirect_attack,s7_02_00_d00|s7_02_01_d00|s7_02_02_d00,s7_02_00_d01|s7_02_00_d03|s7_02_01_d01|s7_02_01_d03|s7_02_02_d03|s7_02_03_d03,,s7_02_02_d02,False,False,0.5,0.5,0.5,1.0,0.1875,0.25,1.0,True,0.0,1.0,1.0,3
GoodForget-RAG,hybrid,q_s7_02_02_00,legal compliance,s7_02_02,paraphrase,indirect_attack,s7_02_00_d00|s7_02_01_d00|s7_02_03_d00,,,s7_02_02_d00|s7_02_02_d02,False,False,0.0,0.0,1.0,0.0,0.0,-0.5,1.0,False,0.0,1.0,21.0,3
GoodForget-RAG hard threshold,hybrid,q_s7_02_02_00,legal compliance,s7_02_02,paraphrase,indirect_attack,s7_02_00_d02|s7_00_00_d00|s7_01_00_d00,s7_02_00_d00|s7_02_01_d00|s7_02_01_d02|s7_02_02_d00|s7_02_03_d00|s7_02_03_d02,,s7_02_02_d00|s7_02_02_d02,False,False,0.0,0.0,1.0,0.0,0.0,-0.5,1.0,False,0.1875,1.0,21.0,3
Negative Vector Baseline,hybrid,q_s7_02_02_00,legal compliance,s7_02_02,paraphrase,indirect_attack,s7_02_00_d00|s7_02_01_d00|s7_02_02_d00,,,s7_02_02_d02,False,False,0.5,0.5,0.5,0.0,0.0,0.25,1.0,True,0.0,1.0,9.0,3
Vanilla RAG,hybrid,q_s7_02_02_01,legal compliance,s7_02_02,stale_policy,stale_policy_confusion,s7_02_01_d00|s7_02_01_d03|s7_02_00_d00,,,s7_02_02_d00|s7_02_02_d02,False,False,0.0,0.0,1.0,0.0,0.0,-0.5,1.0,False,0.0,2.0,2.0,3
Positive-only RAG,hybrid,q_s7_02_02_01,legal compliance,s7_02_02,stale_policy,stale_policy_confusion,s7_02_00_d00|s7_02_01_d00|s7_02_02_d00,,,s7_02_02_d02,False,False,0.5,0.5,0.5,0.0,0.0,0.25,1.0,True,0.0,2.0,9.0,3
Query Rewrite RAG,hybrid,q_s7_02_02_01,legal compliance,s7_02_02,stale_policy,stale_policy_confusion,s7_02_00_d00|s7_02_01_d00|s7_02_02_d00,,,s7_02_02_d02,False,False,0.5,0.5,0.5,0.0,0.0,0.25,1.0,True,0.0,2.0,9.0,3
Keyword Blocklist,hybrid,q_s7_02_02_01,legal compliance,s7_02_02,stale_policy,stale_policy_confusion,s7_02_01_d00|s7_02_01_d03|s7_02_00_d00,s7_02_01_d01|s7_02_02_d00|s7_02_02_d03,,s7_02_02_d00|s7_02_02_d02,False,False,0.0,0.0,1.0,0.6666666666666666,0.0625,-0.5,1.0,False,0.03125,2.0,2.0,3
Metadata Filter,hybrid,q_s7_02_02_01,legal compliance,s7_02_02,stale_policy,stale_policy_confusion,s7_02_01_d00|s7_02_00_d00|s7_02_02_d00,s7_02_00_d03|s7_02_01_d01|s7_02_01_d03|s7_02_02_d03|s7_02_03_d03,,s7_02_02_d02,False,False,0.5,0.5,0.5,1.0,0.15625,0.25,1.0,True,0.0,2.0,2.0,3
GoodForget-RAG,hybrid,q_s7_02_02_01,legal compliance,s7_02_02,stale_policy,stale_policy_confusion,s7_02_00_d00|s7_02_01_d00|s7_02_03_d00,,,s7_02_02_d00|s7_02_02_d02,False,False,0.0,0.0,1.0,0.0,0.0,-0.5,1.0,False,0.0,2.0,21.0,3
GoodForget-RAG hard threshold,hybrid,q_s7_02_02_01,legal compliance,s7_02_02,stale_policy,stale_policy_confusion,s7_00_00_d00|s7_03_00_d00|s7_00_01_d00,s7_02_00_d00|s7_02_00_d02|s7_02_01_d00|s7_02_02_d00|s7_02_03_d00,,s7_02_02_d00|s7_02_02_d02,False,False,0.0,0.0,1.0,0.0,0.0,-0.5,1.0,False,0.15625,2.0,21.0,3
Negative Vector Baseline,hybrid,q_s7_02_02_01,legal compliance,s7_02_02,stale_policy,stale_policy_confusion,s7_02_00_d00|s7_02_01_d00|s7_02_03_d00,,,s7_02_02_d00|s7_02_02_d02,False,False,0.0,0.0,1.0,0.0,0.0,-0.5,1.0,False,0.0,2.0,15.0,3
Vanilla RAG,hybrid,q_s7_02_02_02,legal compliance,s7_02_02,noisy_forget_set,noisy_forget,s7_02_00_d00|s7_02_01_d00|s7_02_02_d00,,,s7_02_02_d02,False,False,0.5,0.5,0.5,0.0,0.0,0.25,1.0,True,0.0,8.0,8.0,3
Positive-only RAG,hybrid,q_s7_02_02_02,legal compliance,s7_02_02,noisy_forget_set,noisy_forget,s7_02_00_d00|s7_02_01_d00|s7_02_02_d00,,,s7_02_02_d02,False,False,0.5,0.5,0.5,0.0,0.0,0.25,1.0,True,0.0,2.0,9.0,3
Query Rewrite RAG,hybrid,q_s7_02_02_02,legal compliance,s7_02_02,noisy_forget_set,noisy_forget,s7_02_00_d00|s7_02_01_d00|s7_02_02_d00,,,s7_02_02_d02,False,False,0.5,0.5,0.5,0.0,0.0,0.25,1.0,True,0.0,2.0,9.0,3
Keyword Blocklist,hybrid,q_s7_02_02_02,legal compliance,s7_02_02,noisy_forget_set,noisy_forget,s7_02_00_d00|s7_02_01_d00|s7_02_03_d00,s7_02_02_d00|s7_02_02_d02,,s7_02_02_d00|s7_02_02_d02,False,False,0.0,0.0,1.0,0.0,0.0,-0.5,1.0,False,0.0625,8.0,8.0,3
Metadata Filter,hybrid,q_s7_02_02_02,legal compliance,s7_02_02,noisy_forget_set,noisy_forget,s7_02_00_d00|s7_02_01_d00|s7_02_02_d00,s7_02_00_d03|s7_02_01_d03,,s7_02_02_d02,False,False,0.5,0.5,0.5,1.0,0.0625,0.25,1.0,True,0.0,8.0,8.0,3
GoodForget-RAG,hybrid,q_s7_02_02_02,legal compliance,s7_02_02,noisy_forget_set,noisy_forget,s7_02_00_d00|s7_02_01_d00|s7_02_03_d00,,,s7_02_02_d00|s7_02_02_d02,False,False,0.0,0.0,1.0,0.0,0.0,-0.5,1.0,False,0.0,8.0,20.0,3
GoodForget-RAG hard threshold,hybrid,q_s7_02_02_02,legal compliance,s7_02_02,noisy_forget_set,noisy_forget,s7_02_00_d02|s7_00_00_d00|s7_01_00_d00,s7_02_00_d00|s7_02_01_d00|s7_02_01_d02|s7_02_02_d00|s7_02_03_d00|s7_02_03_d02,,s7_02_02_d00|s7_02_02_d02,False,False,0.0,0.0,1.0,0.0,0.0,-0.5,1.0,False,0.1875,8.0,20.0,3
Negative Vector Baseline,hybrid,q_s7_02_02_02,legal compliance,s7_02_02,noisy_forget_set,noisy_forget,s7_02_00_d00|s7_02_01_d00|s7_02_02_d00,,,s7_02_02_d02,False,False,0.5,0.5,0.5,0.0,0.0,0.25,1.0,True,0.0,8.0,9.0,3
Vanilla RAG,hybrid,q_s7_02_03_00,legal compliance,s7_02_03,stale_policy,stale_policy_confusion,s7_02_01_d00|s7_02_01_d03|s7_02_00_d00,,,s7_02_03_d00|s7_02_03_d02,False,False,0.0,0.0,1.0,0.0,0.0,-0.5,1.0,False,0.0,2.0,2.0,3
Positive-only RAG,hybrid,q_s7_02_03_00,legal compliance,s7_02_03,stale_policy,stale_policy_confusion,s7_02_00_d00|s7_02_01_d00|s7_02_02_d00,,,s7_02_03_d00|s7_02_03_d02,False,False,0.0,0.0,1.0,0.0,0.0,-0.5,1.0,False,0.0,2.0,9.0,3
Query Rewrite RAG,hybrid,q_s7_02_03_00,legal compliance,s7_02_03,stale_policy,stale_policy_confusion,s7_02_00_d00|s7_02_01_d00|s7_02_02_d00,,,s7_02_03_d00|s7_02_03_d02,False,False,0.0,0.0,1.0,0.0,0.0,-0.5,1.0,False,0.0,2.0,9.0,3
Keyword Blocklist,hybrid,q_s7_02_03_00,legal compliance,s7_02_03,stale_policy,stale_policy_confusion,s7_02_01_d00|s7_02_01_d03|s7_02_00_d00,s7_02_01_d01|s7_02_02_d00|s7_02_02_d03,,s7_02_03_d00|s7_02_03_d02,False,False,0.0,0.0,1.0,0.6666666666666666,0.0625,-0.5,1.0,False,0.03125,2.0,2.0,3
Metadata Filter,hybrid,q_s7_02_03_00,legal compliance,s7_02_03,stale_policy,stale_policy_confusion,s7_02_01_d00|s7_02_00_d00|s7_02_02_d00,s7_02_00_d03|s7_02_01_d01|s7_02_01_d03|s7_02_02_d03|s7_02_03_d03,,s7_02_03_d00|s7_02_03_d02,False,False,0.0,0.0,1.0,1.0,0.15625,-0.5,1.0,False,0.0,2.0,2.0,3
GoodForget-RAG,hybrid,q_s7_02_03_00,legal compliance,s7_02_03,stale_policy,stale_policy_confusion,s7_02_00_d00|s7_02_02_d00|s7_02_01_d00,,,s7_02_03_d00|s7_02_03_d02,False,False,0.0,0.0,1.0,0.0,0.0,-0.5,1.0,False,0.0,2.0,20.0,3
GoodForget-RAG hard threshold,hybrid,q_s7_02_03_00,legal compliance,s7_02_03,stale_policy,stale_policy_confusion,s7_00_00_d00|s7_00_02_d00|s7_03_00_d00,s7_02_00_d00|s7_02_00_d02|s7_02_01_d00|s7_02_01_d02|s7_02_02_d00|s7_02_02_d02|s7_02_03_d00,,s7_02_03_d00|s7_02_03_d02,False,False,0.0,0.0,1.0,0.0,0.0,-0.5,1.0,False,0.21875,2.0,20.0,3
Negative Vector Baseline,hybrid,q_s7_02_03_00,legal compliance,s7_02_03,stale_policy,stale_policy_confusion,s7_02_00_d00|s7_02_02_d00|s7_02_01_d00,,,s7_02_03_d00|s7_02_03_d02,False,False,0.0,0.0,1.0,0.0,0.0,-0.5,1.0,False,0.0,2.0,10.0,3
Vanilla RAG,hybrid,q_s7_02_03_01,legal compliance,s7_02_03,noisy_forget_set,noisy_forget,s7_02_00_d00|s7_02_01_d00|s7_02_02_d00,,,s7_02_03_d00|s7_02_03_d02,False,False,0.0,0.0,1.0,0.0,0.0,-0.5,1.0,False,0.0,8.0,8.0,3
Positive-only RAG,hybrid,q_s7_02_03_01,legal compliance,s7_02_03,noisy_forget_set,noisy_forget,s7_02_00_d00|s7_02_01_d00|s7_02_02_d00,,,s7_02_03_d00|s7_02_03_d02,False,False,0.0,0.0,1.0,0.0,0.0,-0.5,1.0,False,0.0,2.0,9.0,3
Query Rewrite RAG,hybrid,q_s7_02_03_01,legal compliance,s7_02_03,noisy_forget_set,noisy_forget,s7_02_00_d00|s7_02_01_d00|s7_02_02_d00,,,s7_02_03_d00|s7_02_03_d02,False,False,0.0,0.0,1.0,0.0,0.0,-0.5,1.0,False,0.0,2.0,9.0,3
Keyword Blocklist,hybrid,q_s7_02_03_01,legal compliance,s7_02_03,noisy_forget_set,noisy_forget,s7_02_00_d00|s7_02_01_d00|s7_02_03_d00,s7_02_02_d00|s7_02_02_d02,,s7_02_03_d02,False,False,0.5,0.5,0.5,0.0,0.0,0.25,1.0,True,0.0625,8.0,8.0,3
Metadata Filter,hybrid,q_s7_02_03_01,legal compliance,s7_02_03,noisy_forget_set,noisy_forget,s7_02_00_d00|s7_02_01_d00|s7_02_02_d00,s7_02_00_d03|s7_02_01_d03,,s7_02_03_d00|s7_02_03_d02,False,False,0.0,0.0,1.0,1.0,0.0625,-0.5,1.0,False,0.0,8.0,8.0,3
GoodForget-RAG,hybrid,q_s7_02_03_01,legal compliance,s7_02_03,noisy_forget_set,noisy_forget,s7_02_00_d00|s7_02_01_d00|s7_02_02_d00,,,s7_02_03_d00|s7_02_03_d02,False,False,0.0,0.0,1.0,0.0,0.0,-0.5,1.0,False,0.0,8.0,21.0,3
GoodForget-RAG hard threshold,hybrid,q_s7_02_03_01,legal compliance,s7_02_03,noisy_forget_set,noisy_forget,s7_00_00_d00|s7_01_00_d00|s7_01_02_d00,s7_02_00_d00|s7_02_00_d02|s7_02_01_d00|s7_02_01_d02|s7_02_02_d00|s7_02_03_d00,,s7_02_03_d00|s7_02_03_d02,False,False,0.0,0.0,1.0,0.0,0.0,-0.5,1.0,False,0.1875,8.0,21.0,3
Negative Vector Baseline,hybrid,q_s7_02_03_01,legal compliance,s7_02_03,noisy_forget_set,noisy_forget,s7_02_00_d00|s7_02_01_d00|s7_02_02_d00,,,s7_02_03_d00|s7_02_03_d02,False,False,0.0,0.0,1.0,0.0,0.0,-0.5,1.0,False,0.0,8.0,9.0,3
Vanilla RAG,hybrid,q_s7_02_03_02,legal compliance,s7_02_03,incomplete_forget_set,incomplete_forget,s7_02_02_d00|s7_02_00_d00|s7_02_01_d00,,,s7_02_03_d00|s7_02_03_d02,False,False,0.0,0.0,1.0,0.0,0.0,-0.5,1.0,False,0.0,5.0,5.0,3
Positive-only RAG,hybrid,q_s7_02_03_02,legal compliance,s7_02_03,incomplete_forget_set,incomplete_forget,s7_02_00_d00|s7_02_01_d00|s7_02_02_d00,,,s7_02_03_d00|s7_02_03_d02,False,False,0.0,0.0,1.0,0.0,0.0,-0.5,1.0,False,0.0,2.0,9.0,3
Query Rewrite RAG,hybrid,q_s7_02_03_02,legal compliance,s7_02_03,incomplete_forget_set,incomplete_forget,s7_02_00_d00|s7_02_01_d00|s7_02_02_d00,,,s7_02_03_d00|s7_02_03_d02,False,False,0.0,0.0,1.0,0.0,0.0,-0.5,1.0,False,0.0,2.0,9.0,3
Keyword Blocklist,hybrid,q_s7_02_03_02,legal compliance,s7_02_03,incomplete_forget_set,incomplete_forget,s7_02_00_d00|s7_02_01_d00|s7_02_03_d00,s7_02_00_d01|s7_02_02_d00|s7_02_02_d02|s7_02_02_d03,,s7_02_03_d02,False,False,0.5,0.5,0.5,0.5,0.0625,0.25,1.0,True,0.0625,5.0,5.0,3
Metadata Filter,hybrid,q_s7_02_03_02,legal compliance,s7_02_03,incomplete_forget_set,incomplete_forget,s7_02_02_d00|s7_02_00_d00|s7_02_01_d00,s7_02_00_d01|s7_02_00_d03|s7_02_01_d03|s7_02_02_d03,,s7_02_03_d00|s7_02_03_d02,False,False,0.0,0.0,1.0,1.0,0.125,-0.5,1.0,False,0.0,5.0,5.0,3
GoodForget-RAG,hybrid,q_s7_02_03_02,legal compliance,s7_02_03,incomplete_forget_set,incomplete_forget,s7_02_00_d00|s7_02_01_d00|s7_02_02_d00,,,s7_02_03_d00|s7_02_03_d02,False,False,0.0,0.0,1.0,0.0,0.0,-0.5,1.0,False,0.0,5.0,21.0,3
GoodForget-RAG hard threshold,hybrid,q_s7_02_03_02,legal compliance,s7_02_03,incomplete_forget_set,incomplete_forget,s7_00_00_d00|s7_01_00_d00|s7_01_02_d00,s7_02_00_d00|s7_02_00_d02|s7_02_01_d00|s7_02_01_d02|s7_02_02_d00|s7_02_02_d02|s7_02_03_d00,,s7_02_03_d00|s7_02_03_d02,False,False,0.0,0.0,1.0,0.0,0.0,-0.5,1.0,False,0.21875,5.0,21.0,3
Negative Vector Baseline,hybrid,q_s7_02_03_02,legal compliance,s7_02_03,incomplete_forget_set,incomplete_forget,s7_02_00_d00|s7_02_01_d00|s7_02_02_d00,,,s7_02_03_d00|s7_02_03_d02,False,False,0.0,0.0,1.0,0.0,0.0,-0.5,1.0,False,0.0,5.0,21.0,3
Vanilla RAG,hybrid,q_s7_03_00_00,cybersecurity procedures,s7_03_00,mixed_evidence,contrastive_attack,s7_03_00_d01|s7_03_00_d03|s7_03_01_d03,,s7_03_00_d01|s7_03_00_d03,s7_03_00_d00|s7_03_00_d02,True,True,0.0,0.0,1.0,0.0,0.0,-1.5,0.3333333333333333,False,0.0,1.0,1.0,3
Positive-only RAG,hybrid,q_s7_03_00_00,cybersecurity procedures,s7_03_00,mixed_evidence,contrastive_attack,s7_03_00_d00|s7_03_03_d00|s7_03_02_d00,,,s7_03_00_d02,False,False,0.5,0.5,0.5,0.0,0.0,0.25,1.0,True,0.0,2.0,9.0,3
Query Rewrite RAG,hybrid,q_s7_03_00_00,cybersecurity procedures,s7_03_00,mixed_evidence,contrastive_attack,s7_03_00_d00|s7_03_03_d00|s7_03_02_d00,,,s7_03_00_d02,False,False,0.5,0.5,0.5,0.0,0.0,0.25,1.0,True,0.0,2.0,9.0,3
Keyword Blocklist,hybrid,q_s7_03_00_00,cybersecurity procedures,s7_03_00,mixed_evidence,contrastive_attack,s7_03_00_d03|s7_03_01_d03|s7_03_03_d03,s7_03_00_d01,s7_03_00_d03,s7_03_00_d00|s7_03_00_d02,True,True,0.0,0.0,1.0,1.0,0.03125,-1.5,0.6666666666666666,False,0.0,1.0,1.0,3
Metadata Filter,hybrid,q_s7_03_00_00,cybersecurity procedures,s7_03_00,mixed_evidence,contrastive_attack,s7_03_00_d00|s7_03_00_d02|s7_03_02_d00,s7_03_00_d01|s7_03_00_d03|s7_03_01_d03|s7_03_02_d03|s7_03_03_d03,,,False,False,1.0,1.0,0.0,1.0,0.15625,1.0,1.0,True,0.0,1.0,1.0,3
GoodForget-RAG,hybrid,q_s7_03_00_00,cybersecurity procedures,s7_03_00,mixed_evidence,contrastive_attack,s7_03_03_d00|s7_03_02_d00|s7_03_01_d00,,,s7_03_00_d00|s7_03_00_d02,False,False,0.0,0.0,1.0,0.0,0.0,-0.5,1.0,False,0.0,1.0,10.0,3
GoodForget-RAG hard threshold,hybrid,q_s7_03_00_00,cybersecurity procedures,s7_03_00,mixed_evidence,contrastive_attack,s7_02_00_d00,s7_03_00_d00|s7_03_00_d02|s7_03_01_d00|s7_03_01_d02|s7_03_02_d00|s7_03_02_d02|s7_03_03_d00|s7_03_03_d02|s7_03_03_d03,,s7_03_00_d00|s7_03_00_d02,False,False,0.0,0.0,1.0,0.1111111111111111,0.03125,-0.5,1.0,False,0.25,1.0,10.0,1
Negative Vector Baseline,hybrid,q_s7_03_00_00,cybersecurity procedures,s7_03_00,mixed_evidence,contrastive_attack,s7_03_00_d00|s7_03_03_d00|s7_03_02_d00,,,s7_03_00_d02,False,False,0.5,0.5,0.5,0.0,0.0,0.25,1.0,True,0.0,1.0,9.0,3
Vanilla RAG,hybrid,q_s7_03_00_01,cybersecurity procedures,s7_03_00,mixed_evidence,indirect_attack,s7_03_01_d03|s7_03_00_d03|s7_03_03_d03,,s7_03_00_d03,s7_03_00_d00|s7_03_00_d02,True,True,0.0,0.0,1.0,0.0,0.0,-1.5,0.6666666666666666,False,0.0,1.0,1.0,3
Positive-only RAG,hybrid,q_s7_03_00_01,cybersecurity procedures,s7_03_00,mixed_evidence,indirect_attack,s7_03_00_d00|s7_03_03_d00|s7_03_02_d00,,,s7_03_00_d02,False,False,0.5,0.5,0.5,0.0,0.0,0.25,1.0,True,0.0,2.0,9.0,3
Query Rewrite RAG,hybrid,q_s7_03_00_01,cybersecurity procedures,s7_03_00,mixed_evidence,indirect_attack,s7_03_00_d00|s7_03_03_d00|s7_03_02_d00,,,s7_03_00_d02,False,False,0.5,0.5,0.5,0.0,0.0,0.25,1.0,True,0.0,2.0,9.0,3
Keyword Blocklist,hybrid,q_s7_03_00_01,cybersecurity procedures,s7_03_00,mixed_evidence,indirect_attack,s7_03_01_d03|s7_03_00_d03|s7_03_03_d03,s7_03_00_d01|s7_03_01_d01|s7_03_03_d01,s7_03_00_d03,s7_03_00_d00|s7_03_00_d02,True,True,0.0,0.0,1.0,1.0,0.09375,-1.5,0.6666666666666666,False,0.0,1.0,1.0,3
Metadata Filter,hybrid,q_s7_03_00_01,cybersecurity procedures,s7_03_00,mixed_evidence,indirect_attack,s7_03_01_d00|s7_03_00_d00|s7_03_02_d00,s7_03_00_d01|s7_03_00_d03|s7_03_01_d01|s7_03_01_d03|s7_03_02_d03|s7_03_03_d01|s7_03_03_d03,,s7_03_00_d02,False,False,0.5,0.5,0.5,1.0,0.21875,0.25,1.0,True,0.0,1.0,1.0,3
GoodForget-RAG,hybrid,q_s7_03_00_01,cybersecurity procedures,s7_03_00,mixed_evidence,indirect_attack,s7_03_03_d00|s7_03_01_d00|s7_03_02_d00,,,s7_03_00_d00|s7_03_00_d02,False,False,0.0,0.0,1.0,0.0,0.0,-0.5,1.0,False,0.0,1.0,21.0,3
GoodForget-RAG hard threshold,hybrid,q_s7_03_00_01,cybersecurity procedures,s7_03_00,mixed_evidence,indirect_attack,s7_02_00_d00|s7_02_01_d00,s7_03_00_d00|s7_03_00_d02|s7_03_01_d00|s7_03_01_d02|s7_03_02_d00|s7_03_02_d02|s7_03_03_d00|s7_03_03_d02,,s7_03_00_d00|s7_03_00_d02,False,False,0.0,0.0,1.0,0.0,0.0,-0.5,1.0,False,0.25,1.0,21.0,2
Negative Vector Baseline,hybrid,q_s7_03_00_01,cybersecurity procedures,s7_03_00,mixed_evidence,indirect_attack,s7_03_03_d00|s7_03_01_d00|s7_03_02_d00,,,s7_03_00_d00|s7_03_00_d02,False,False,0.0,0.0,1.0,0.0,0.0,-0.5,1.0,False,0.0,1.0,11.0,3
Vanilla RAG,hybrid,q_s7_03_00_02,cybersecurity procedures,s7_03_00,stale_policy,stale_policy_confusion,s7_03_00_d00|s7_03_03_d00|s7_03_02_d00,,,s7_03_00_d02,False,False,0.5,0.5,0.5,0.0,0.0,0.25,1.0,True,0.0,5.0,5.0,3
Positive-only RAG,hybrid,q_s7_03_00_02,cybersecurity procedures,s7_03_00,stale_policy,stale_policy_confusion,s7_03_00_d00|s7_03_03_d00|s7_03_02_d00,,,s7_03_00_d02,False,False,0.5,0.5,0.5,0.0,0.0,0.25,1.0,True,0.0,2.0,9.0,3
Query Rewrite RAG,hybrid,q_s7_03_00_02,cybersecurity procedures,s7_03_00,stale_policy,stale_policy_confusion,s7_03_00_d00|s7_03_03_d00|s7_03_02_d00,,,s7_03_00_d02,False,False,0.5,0.5,0.5,0.0,0.0,0.25,1.0,True,0.0,2.0,9.0,3
Keyword Blocklist,hybrid,q_s7_03_00_02,cybersecurity procedures,s7_03_00,stale_policy,stale_policy_confusion,s7_03_00_d00|s7_03_03_d00|s7_03_02_d00,,,s7_03_00_d02,False,False,0.5,0.5,0.5,0.0,0.0,0.25,1.0,True,0.0,5.0,5.0,3
Metadata Filter,hybrid,q_s7_03_00_02,cybersecurity procedures,s7_03_00,stale_policy,stale_policy_confusion,s7_03_00_d00|s7_03_03_d00|s7_03_02_d00,s7_03_00_d03|s7_03_01_d03|s7_03_02_d03|s7_03_03_d03,,s7_03_00_d02,False,False,0.5,0.5,0.5,1.0,0.125,0.25,1.0,True,0.0,5.0,5.0,3
GoodForget-RAG,hybrid,q_s7_03_00_02,cybersecurity procedures,s7_03_00,stale_policy,stale_policy_confusion,s7_03_03_d00|s7_03_02_d00|s7_03_01_d00,,,s7_03_00_d00|s7_03_00_d02,False,False,0.0,0.0,1.0,0.0,0.0,-0.5,1.0,False,0.0,5.0,21.0,3
GoodForget-RAG hard threshold,hybrid,q_s7_03_00_02,cybersecurity procedures,s7_03_00,stale_policy,stale_policy_confusion,s7_02_00_d00|s7_00_00_d00|s7_02_02_d00,s7_03_00_d00|s7_03_01_d00|s7_03_01_d02|s7_03_02_d00|s7_03_02_d02|s7_03_03_d00|s7_03_03_d02,,s7_03_00_d00|s7_03_00_d02,False,False,0.0,0.0,1.0,0.0,0.0,-0.5,1.0,False,0.21875,5.0,21.0,3
Negative Vector Baseline,hybrid,q_s7_03_00_02,cybersecurity procedures,s7_03_00,stale_policy,stale_policy_confusion,s7_03_02_d00|s7_03_01_d00|s7_03_00_d00,,,s7_03_00_d02,False,False,0.5,0.5,0.5,0.0,0.0,0.25,1.0,True,0.0,5.0,19.0,3
Vanilla RAG,hybrid,q_s7_03_01_00,cybersecurity procedures,s7_03_01,near_duplicate,indirect_attack,s7_03_01_d03|s7_03_00_d03|s7_03_03_d03,,s7_03_01_d03,s7_03_01_d00|s7_03_01_d02,True,True,0.0,0.0,1.0,0.0,0.0,-1.5,0.6666666666666666,False,0.0,1.0,1.0,3
Positive-only RAG,hybrid,q_s7_03_01_00,cybersecurity procedures,s7_03_01,near_duplicate,indirect_attack,s7_03_00_d00|s7_03_03_d00|s7_03_02_d00,,,s7_03_01_d00|s7_03_01_d02,False,False,0.0,0.0,1.0,0.0,0.0,-0.5,1.0,False,0.0,2.0,9.0,3
Query Rewrite RAG,hybrid,q_s7_03_01_00,cybersecurity procedures,s7_03_01,near_duplicate,indirect_attack,s7_03_00_d00|s7_03_03_d00|s7_03_02_d00,,,s7_03_01_d00|s7_03_01_d02,False,False,0.0,0.0,1.0,0.0,0.0,-0.5,1.0,False,0.0,2.0,9.0,3
Keyword Blocklist,hybrid,q_s7_03_01_00,cybersecurity procedures,s7_03_01,near_duplicate,indirect_attack,s7_03_01_d03|s7_03_00_d03|s7_03_03_d03,s7_03_00_d01|s7_03_01_d01|s7_03_03_d01,s7_03_01_d03,s7_03_01_d00|s7_03_01_d02,True,True,0.0,0.0,1.0,1.0,0.09375,-1.5,0.6666666666666666,False,0.0,1.0,1.0,3
Metadata Filter,hybrid,q_s7_03_01_00,cybersecurity procedures,s7_03_01,near_duplicate,indirect_attack,s7_03_01_d00|s7_03_00_d00|s7_03_02_d00,s7_03_00_d01|s7_03_00_d03|s7_03_01_d01|s7_03_01_d03|s7_03_02_d03|s7_03_03_d01|s7_03_03_d03,,s7_03_01_d02,False,False,0.5,0.5,0.5,1.0,0.21875,0.25,1.0,True,0.0,1.0,1.0,3
GoodForget-RAG,hybrid,q_s7_03_01_00,cybersecurity procedures,s7_03_01,near_duplicate,indirect_attack,s7_03_00_d00|s7_03_03_d00|s7_03_02_d00,,,s7_03_01_d00|s7_03_01_d02,False,False,0.0,0.0,1.0,0.0,0.0,-0.5,1.0,False,0.0,1.0,17.0,3
GoodForget-RAG hard threshold,hybrid,q_s7_03_01_00,cybersecurity procedures,s7_03_01,near_duplicate,indirect_attack,s7_02_00_d00|s7_00_00_d00,s7_03_00_d00|s7_03_00_d02|s7_03_01_d00|s7_03_01_d02|s7_03_02_d00|s7_03_02_d02|s7_03_03_d00|s7_03_03_d02,,s7_03_01_d00|s7_03_01_d02,False,False,0.0,0.0,1.0,0.0,0.0,-0.5,1.0,False,0.25,1.0,17.0,2
Negative Vector Baseline,hybrid,q_s7_03_01_00,cybersecurity procedures,s7_03_01,near_duplicate,indirect_attack,s7_03_00_d00|s7_03_03_d00|s7_03_02_d00,,,s7_03_01_d00|s7_03_01_d02,False,False,0.0,0.0,1.0,0.0,0.0,-0.5,1.0,False,0.0,1.0,9.0,3
Vanilla RAG,hybrid,q_s7_03_01_01,cybersecurity procedures,s7_03_01,stale_policy,stale_policy_confusion,s7_03_00_d00|s7_03_03_d00|s7_03_02_d00,,,s7_03_01_d00|s7_03_01_d02,False,False,0.0,0.0,1.0,0.0,0.0,-0.5,1.0,False,0.0,5.0,5.0,3
Positive-only RAG,hybrid,q_s7_03_01_01,cybersecurity procedures,s7_03_01,stale_policy,stale_policy_confusion,s7_03_00_d00|s7_03_03_d00|s7_03_02_d00,,,s7_03_01_d00|s7_03_01_d02,False,False,0.0,0.0,1.0,0.0,0.0,-0.5,1.0,False,0.0,2.0,9.0,3
Query Rewrite RAG,hybrid,q_s7_03_01_01,cybersecurity procedures,s7_03_01,stale_policy,stale_policy_confusion,s7_03_00_d00|s7_03_03_d00|s7_03_02_d00,,,s7_03_01_d00|s7_03_01_d02,False,False,0.0,0.0,1.0,0.0,0.0,-0.5,1.0,False,0.0,2.0,9.0,3
Keyword Blocklist,hybrid,q_s7_03_01_01,cybersecurity procedures,s7_03_01,stale_policy,stale_policy_confusion,s7_03_00_d00|s7_03_03_d00|s7_03_02_d00,,,s7_03_01_d00|s7_03_01_d02,False,False,0.0,0.0,1.0,0.0,0.0,-0.5,1.0,False,0.0,5.0,5.0,3
Metadata Filter,hybrid,q_s7_03_01_01,cybersecurity procedures,s7_03_01,stale_policy,stale_policy_confusion,s7_03_00_d00|s7_03_03_d00|s7_03_02_d00,s7_03_00_d03|s7_03_01_d03|s7_03_02_d03|s7_03_03_d03,,s7_03_01_d00|s7_03_01_d02,False,False,0.0,0.0,1.0,1.0,0.125,-0.5,1.0,False,0.0,5.0,5.0,3
GoodForget-RAG,hybrid,q_s7_03_01_01,cybersecurity procedures,s7_03_01,stale_policy,stale_policy_confusion,s7_03_00_d00|s7_03_03_d00|s7_03_02_d00,,,s7_03_01_d00|s7_03_01_d02,False,False,0.0,0.0,1.0,0.0,0.0,-0.5,1.0,False,0.0,5.0,17.0,3
GoodForget-RAG hard threshold,hybrid,q_s7_03_01_01,cybersecurity procedures,s7_03_01,stale_policy,stale_policy_confusion,s7_02_00_d00|s7_00_00_d00|s7_02_01_d00,s7_03_00_d00|s7_03_00_d02|s7_03_01_d00|s7_03_02_d00|s7_03_02_d02|s7_03_03_d00|s7_03_03_d02,,s7_03_01_d00|s7_03_01_d02,False,False,0.0,0.0,1.0,0.0,0.0,-0.5,1.0,False,0.21875,5.0,17.0,3
Negative Vector Baseline,hybrid,q_s7_03_01_01,cybersecurity procedures,s7_03_01,stale_policy,stale_policy_confusion,s7_03_00_d00|s7_03_02_d00|s7_03_03_d00,,,s7_03_01_d00|s7_03_01_d02,False,False,0.0,0.0,1.0,0.0,0.0,-0.5,1.0,False,0.0,5.0,9.0,3
Vanilla RAG,hybrid,q_s7_03_01_02,cybersecurity procedures,s7_03_01,noisy_forget_set,noisy_forget,s7_03_00_d00|s7_03_02_d00|s7_03_01_d00,,,s7_03_01_d02,False,False,0.5,0.5,0.5,0.0,0.0,0.25,1.0,True,0.0,9.0,9.0,3
Positive-only RAG,hybrid,q_s7_03_01_02,cybersecurity procedures,s7_03_01,noisy_forget_set,noisy_forget,s7_03_00_d00|s7_03_03_d00|s7_03_02_d00,,,s7_03_01_d00|s7_03_01_d02,False,False,0.0,0.0,1.0,0.0,0.0,-0.5,1.0,False,0.0,2.0,9.0,3
Query Rewrite RAG,hybrid,q_s7_03_01_02,cybersecurity procedures,s7_03_01,noisy_forget_set,noisy_forget,s7_03_00_d00|s7_03_03_d00|s7_03_02_d00,,,s7_03_01_d00|s7_03_01_d02,False,False,0.0,0.0,1.0,0.0,0.0,-0.5,1.0,False,0.0,2.0,9.0,3
Keyword Blocklist,hybrid,q_s7_03_01_02,cybersecurity procedures,s7_03_01,noisy_forget_set,noisy_forget,s7_03_00_d00|s7_03_02_d00|s7_03_01_d00,,,s7_03_01_d02,False,False,0.5,0.5,0.5,0.0,0.0,0.25,1.0,True,0.0,9.0,9.0,3
Metadata Filter,hybrid,q_s7_03_01_02,cybersecurity procedures,s7_03_01,noisy_forget_set,noisy_forget,s7_03_00_d00|s7_03_02_d00|s7_03_01_d00,s7_03_00_d03|s7_03_01_d03,,s7_03_01_d02,False,False,0.5,0.5,0.5,1.0,0.0625,0.25,1.0,True,0.0,9.0,9.0,3
GoodForget-RAG,hybrid,q_s7_03_01_02,cybersecurity procedures,s7_03_01,noisy_forget_set,noisy_forget,s7_03_00_d00|s7_03_03_d00|s7_03_02_d00,,,s7_03_01_d00|s7_03_01_d02,False,False,0.0,0.0,1.0,0.0,0.0,-0.5,1.0,False,0.0,9.0,17.0,3
GoodForget-RAG hard threshold,hybrid,q_s7_03_01_02,cybersecurity procedures,s7_03_01,noisy_forget_set,noisy_forget,s7_02_00_d00|s7_00_00_d00,s7_03_00_d00|s7_03_00_d02|s7_03_01_d00|s7_03_01_d02|s7_03_02_d00|s7_03_02_d02|s7_03_03_d00|s7_03_03_d02,,s7_03_01_d00|s7_03_01_d02,False,False,0.0,0.0,1.0,0.0,0.0,-0.5,1.0,False,0.25,9.0,17.0,2
Negative Vector Baseline,hybrid,q_s7_03_01_02,cybersecurity procedures,s7_03_01,noisy_forget_set,noisy_forget,s7_03_00_d00|s7_03_03_d00|s7_03_02_d00,,,s7_03_01_d00|s7_03_01_d02,False,False,0.0,0.0,1.0,0.0,0.0,-0.5,1.0,False,0.0,9.0,9.0,3
Vanilla RAG,hybrid,q_s7_03_02_00,cybersecurity procedures,s7_03_02,stale_policy,stale_policy_confusion,s7_03_00_d00|s7_03_03_d00|s7_03_02_d00,,,s7_03_02_d02,False,False,0.5,0.5,0.5,0.0,0.0,0.25,1.0,True,0.0,5.0,5.0,3
Positive-only RAG,hybrid,q_s7_03_02_00,cybersecurity procedures,s7_03_02,stale_policy,stale_policy_confusion,s7_03_00_d00|s7_03_03_d00|s7_03_02_d00,,,s7_03_02_d02,False,False,0.5,0.5,0.5,0.0,0.0,0.25,1.0,True,0.0,2.0,9.0,3
Query Rewrite RAG,hybrid,q_s7_03_02_00,cybersecurity procedures,s7_03_02,stale_policy,stale_policy_confusion,s7_03_00_d00|s7_03_03_d00|s7_03_02_d00,,,s7_03_02_d02,False,False,0.5,0.5,0.5,0.0,0.0,0.25,1.0,True,0.0,2.0,9.0,3
Keyword Blocklist,hybrid,q_s7_03_02_00,cybersecurity procedures,s7_03_02,stale_policy,stale_policy_confusion,s7_03_00_d00|s7_03_03_d00|s7_03_02_d00,,,s7_03_02_d02,False,False,0.5,0.5,0.5,0.0,0.0,0.25,1.0,True,0.0,5.0,5.0,3
Metadata Filter,hybrid,q_s7_03_02_00,cybersecurity procedures,s7_03_02,stale_policy,stale_policy_confusion,s7_03_00_d00|s7_03_03_d00|s7_03_02_d00,s7_03_00_d03|s7_03_01_d03|s7_03_02_d03|s7_03_03_d03,,s7_03_02_d02,False,False,0.5,0.5,0.5,1.0,0.125,0.25,1.0,True,0.0,5.0,5.0,3
GoodForget-RAG,hybrid,q_s7_03_02_00,cybersecurity procedures,s7_03_02,stale_policy,stale_policy_confusion,s7_03_00_d00|s7_03_03_d00|s7_03_01_d00,,,s7_03_02_d00|s7_03_02_d02,False,False,0.0,0.0,1.0,0.0,0.0,-0.5,1.0,False,0.0,5.0,17.0,3
GoodForget-RAG hard threshold,hybrid,q_s7_03_02_00,cybersecurity procedures,s7_03_02,stale_policy,stale_policy_confusion,s7_02_00_d00|s7_00_00_d00|s7_02_01_d00,s7_03_00_d00|s7_03_00_d02|s7_03_01_d00|s7_03_01_d02|s7_03_02_d00|s7_03_03_d00|s7_03_03_d02,,s7_03_02_d00|s7_03_02_d02,False,False,0.0,0.0,1.0,0.0,0.0,-0.5,1.0,False,0.21875,5.0,17.0,3
Negative Vector Baseline,hybrid,q_s7_03_02_00,cybersecurity procedures,s7_03_02,stale_policy,stale_policy_confusion,s7_03_00_d00|s7_03_01_d00|s7_03_03_d00,,,s7_03_02_d00|s7_03_02_d02,False,False,0.0,0.0,1.0,0.0,0.0,-0.5,1.0,False,0.0,5.0,9.0,3
Vanilla RAG,hybrid,q_s7_03_02_01,cybersecurity procedures,s7_03_02,noisy_forget_set,noisy_forget,s7_03_00_d00|s7_03_02_d00|s7_03_01_d00,,,s7_03_02_d02,False,False,0.5,0.5,0.5,0.0,0.0,0.25,1.0,True,0.0,9.0,9.0,3
Positive-only RAG,hybrid,q_s7_03_02_01,cybersecurity procedures,s7_03_02,noisy_forget_set,noisy_forget,s7_03_00_d00|s7_03_03_d00|s7_03_02_d00,,,s7_03_02_d02,False,False,0.5,0.5,0.5,0.0,0.0,0.25,1.0,True,0.0,2.0,9.0,3
Query Rewrite RAG,hybrid,q_s7_03_02_01,cybersecurity procedures,s7_03_02,noisy_forget_set,noisy_forget,s7_03_00_d00|s7_03_03_d00|s7_03_02_d00,,,s7_03_02_d02,False,False,0.5,0.5,0.5,0.0,0.0,0.25,1.0,True,0.0,2.0,9.0,3
Keyword Blocklist,hybrid,q_s7_03_02_01,cybersecurity procedures,s7_03_02,noisy_forget_set,noisy_forget,s7_03_00_d00|s7_03_02_d00|s7_03_01_d00,,,s7_03_02_d02,False,False,0.5,0.5,0.5,0.0,0.0,0.25,1.0,True,0.0,9.0,9.0,3
Metadata Filter,hybrid,q_s7_03_02_01,cybersecurity procedures,s7_03_02,noisy_forget_set,noisy_forget,s7_03_00_d00|s7_03_02_d00|s7_03_01_d00,s7_03_00_d03|s7_03_01_d03,,s7_03_02_d02,False,False,0.5,0.5,0.5,1.0,0.0625,0.25,1.0,True,0.0,9.0,9.0,3
GoodForget-RAG,hybrid,q_s7_03_02_01,cybersecurity procedures,s7_03_02,noisy_forget_set,noisy_forget,s7_03_00_d00|s7_03_03_d00|s7_03_01_d00,,,s7_03_02_d00|s7_03_02_d02,False,False,0.0,0.0,1.0,0.0,0.0,-0.5,1.0,False,0.0,9.0,18.0,3
GoodForget-RAG hard threshold,hybrid,q_s7_03_02_01,cybersecurity procedures,s7_03_02,noisy_forget_set,noisy_forget,s7_02_00_d00|s7_00_00_d00|s7_01_00_d00,s7_03_00_d00|s7_03_00_d02|s7_03_01_d00|s7_03_01_d02|s7_03_02_d00|s7_03_03_d00|s7_03_03_d02,,s7_03_02_d00|s7_03_02_d02,False,False,0.0,0.0,1.0,0.0,0.0,-0.5,1.0,False,0.21875,9.0,18.0,3
Negative Vector Baseline,hybrid,q_s7_03_02_01,cybersecurity procedures,s7_03_02,noisy_forget_set,noisy_forget,s7_03_00_d00|s7_03_03_d00|s7_03_01_d00,,,s7_03_02_d00|s7_03_02_d02,False,False,0.0,0.0,1.0,0.0,0.0,-0.5,1.0,False,0.0,9.0,9.0,3
Vanilla RAG,hybrid,q_s7_03_02_02,cybersecurity procedures,s7_03_02,incomplete_forget_set,incomplete_forget,s7_03_00_d00|s7_03_02_d00|s7_03_01_d00,,,s7_03_02_d02,False,False,0.5,0.5,0.5,0.0,0.0,0.25,1.0,True,0.0,5.0,5.0,3
Positive-only RAG,hybrid,q_s7_03_02_02,cybersecurity procedures,s7_03_02,incomplete_forget_set,incomplete_forget,s7_03_00_d00|s7_03_03_d00|s7_03_02_d00,,,s7_03_02_d02,False,False,0.5,0.5,0.5,0.0,0.0,0.25,1.0,True,0.0,2.0,9.0,3
Query Rewrite RAG,hybrid,q_s7_03_02_02,cybersecurity procedures,s7_03_02,incomplete_forget_set,incomplete_forget,s7_03_00_d00|s7_03_03_d00|s7_03_02_d00,,,s7_03_02_d02,False,False,0.5,0.5,0.5,0.0,0.0,0.25,1.0,True,0.0,2.0,9.0,3
Keyword Blocklist,hybrid,q_s7_03_02_02,cybersecurity procedures,s7_03_02,incomplete_forget_set,incomplete_forget,s7_03_00_d00|s7_03_02_d00|s7_03_01_d00,,,s7_03_02_d02,False,False,0.5,0.5,0.5,0.0,0.0,0.25,1.0,True,0.0,5.0,5.0,3
Metadata Filter,hybrid,q_s7_03_02_02,cybersecurity procedures,s7_03_02,incomplete_forget_set,incomplete_forget,s7_03_00_d00|s7_03_02_d00|s7_03_01_d00,s7_03_00_d03|s7_03_01_d03|s7_03_02_d03|s7_03_03_d03,,s7_03_02_d02,False,False,0.5,0.5,0.5,1.0,0.125,0.25,1.0,True,0.0,5.0,5.0,3
GoodForget-RAG,hybrid,q_s7_03_02_02,cybersecurity procedures,s7_03_02,incomplete_forget_set,incomplete_forget,s7_03_00_d00|s7_03_03_d00|s7_03_01_d00,,,s7_03_02_d00|s7_03_02_d02,False,False,0.0,0.0,1.0,0.0,0.0,-0.5,1.0,False,0.0,5.0,20.0,3
GoodForget-RAG hard threshold,hybrid,q_s7_03_02_02,cybersecurity procedures,s7_03_02,incomplete_forget_set,incomplete_forget,s7_02_00_d00|s7_00_00_d00|s7_02_01_d00,s7_03_00_d00|s7_03_00_d02|s7_03_01_d00|s7_03_01_d02|s7_03_02_d00|s7_03_03_d00|s7_03_03_d02,,s7_03_02_d00|s7_03_02_d02,False,False,0.0,0.0,1.0,0.0,0.0,-0.5,1.0,False,0.21875,5.0,20.0,3
Negative Vector Baseline,hybrid,q_s7_03_02_02,cybersecurity procedures,s7_03_02,incomplete_forget_set,incomplete_forget,s7_03_00_d00|s7_03_03_d00|s7_03_01_d00,,,s7_03_02_d00|s7_03_02_d02,False,False,0.0,0.0,1.0,0.0,0.0,-0.5,1.0,False,0.0,5.0,20.0,3
Vanilla RAG,hybrid,q_s7_03_03_00,cybersecurity procedures,s7_03_03,noisy_forget_set,noisy_forget,s7_03_00_d00|s7_03_02_d00|s7_03_01_d00,,,s7_03_03_d00|s7_03_03_d02,False,False,0.0,0.0,1.0,0.0,0.0,-0.5,1.0,False,0.0,9.0,9.0,3
Positive-only RAG,hybrid,q_s7_03_03_00,cybersecurity procedures,s7_03_03,noisy_forget_set,noisy_forget,s7_03_00_d00|s7_03_03_d00|s7_03_02_d00,,,s7_03_03_d02,False,False,0.5,0.5,0.5,0.0,0.0,0.25,1.0,True,0.0,2.0,9.0,3
Query Rewrite RAG,hybrid,q_s7_03_03_00,cybersecurity procedures,s7_03_03,noisy_forget_set,noisy_forget,s7_03_00_d00|s7_03_03_d00|s7_03_02_d00,,,s7_03_03_d02,False,False,0.5,0.5,0.5,0.0,0.0,0.25,1.0,True,0.0,2.0,9.0,3
Keyword Blocklist,hybrid,q_s7_03_03_00,cybersecurity procedures,s7_03_03,noisy_forget_set,noisy_forget,s7_03_00_d00|s7_03_02_d00|s7_03_01_d00,,,s7_03_03_d00|s7_03_03_d02,False,False,0.0,0.0,1.0,0.0,0.0,-0.5,1.0,False,0.0,9.0,9.0,3
Metadata Filter,hybrid,q_s7_03_03_00,cybersecurity procedures,s7_03_03,noisy_forget_set,noisy_forget,s7_03_00_d00|s7_03_02_d00|s7_03_01_d00,s7_03_00_d03|s7_03_01_d03,,s7_03_03_d00|s7_03_03_d02,False,False,0.0,0.0,1.0,1.0,0.0625,-0.5,1.0,False,0.0,9.0,9.0,3
GoodForget-RAG,hybrid,q_s7_03_03_00,cybersecurity procedures,s7_03_03,noisy_forget_set,noisy_forget,s7_03_00_d00|s7_03_02_d00|s7_03_01_d00,,,s7_03_03_d00|s7_03_03_d02,False,False,0.0,0.0,1.0,0.0,0.0,-0.5,1.0,False,0.0,9.0,16.0,3
GoodForget-RAG hard threshold,hybrid,q_s7_03_03_00,cybersecurity procedures,s7_03_03,noisy_forget_set,noisy_forget,s7_02_00_d00|s7_02_01_d00,s7_03_00_d00|s7_03_00_d02|s7_03_01_d00|s7_03_01_d02|s7_03_02_d00|s7_03_02_d02|s7_03_03_d00|s7_03_03_d02,,s7_03_03_d00|s7_03_03_d02,False,False,0.0,0.0,1.0,0.0,0.0,-0.5,1.0,False,0.25,9.0,16.0,2
Negative Vector Baseline,hybrid,q_s7_03_03_00,cybersecurity procedures,s7_03_03,noisy_forget_set,noisy_forget,s7_03_00_d00|s7_03_02_d00|s7_03_03_d00,,,s7_03_03_d02,False,False,0.5,0.5,0.5,0.0,0.0,0.25,1.0,True,0.0,9.0,9.0,3
Vanilla RAG,hybrid,q_s7_03_03_01,cybersecurity procedures,s7_03_03,incomplete_forget_set,incomplete_forget,s7_03_00_d00|s7_03_02_d00|s7_03_01_d00,,,s7_03_03_d00|s7_03_03_d02,False,False,0.0,0.0,1.0,0.0,0.0,-0.5,1.0,False,0.0,5.0,5.0,3
Positive-only RAG,hybrid,q_s7_03_03_01,cybersecurity procedures,s7_03_03,incomplete_forget_set,incomplete_forget,s7_03_00_d00|s7_03_03_d00|s7_03_02_d00,,,s7_03_03_d02,False,False,0.5,0.5,0.5,0.0,0.0,0.25,1.0,True,0.0,2.0,9.0,3
Query Rewrite RAG,hybrid,q_s7_03_03_01,cybersecurity procedures,s7_03_03,incomplete_forget_set,incomplete_forget,s7_03_00_d00|s7_03_03_d00|s7_03_02_d00,,,s7_03_03_d02,False,False,0.5,0.5,0.5,0.0,0.0,0.25,1.0,True,0.0,2.0,9.0,3
Keyword Blocklist,hybrid,q_s7_03_03_01,cybersecurity procedures,s7_03_03,incomplete_forget_set,incomplete_forget,s7_03_00_d00|s7_03_02_d00|s7_03_01_d00,,,s7_03_03_d00|s7_03_03_d02,False,False,0.0,0.0,1.0,0.0,0.0,-0.5,1.0,False,0.0,5.0,5.0,3
Metadata Filter,hybrid,q_s7_03_03_01,cybersecurity procedures,s7_03_03,incomplete_forget_set,incomplete_forget,s7_03_00_d00|s7_03_02_d00|s7_03_01_d00,s7_03_00_d03|s7_03_01_d03|s7_03_02_d03|s7_03_03_d03,,s7_03_03_d00|s7_03_03_d02,False,False,0.0,0.0,1.0,1.0,0.125,-0.5,1.0,False,0.0,5.0,5.0,3
GoodForget-RAG,hybrid,q_s7_03_03_01,cybersecurity procedures,s7_03_03,incomplete_forget_set,incomplete_forget,s7_03_00_d00|s7_03_02_d00|s7_03_01_d00,,,s7_03_03_d00|s7_03_03_d02,False,False,0.0,0.0,1.0,0.0,0.0,-0.5,1.0,False,0.0,5.0,17.0,3
GoodForget-RAG hard threshold,hybrid,q_s7_03_03_01,cybersecurity procedures,s7_03_03,incomplete_forget_set,incomplete_forget,s7_02_00_d00|s7_00_00_d00,s7_03_00_d00|s7_03_00_d02|s7_03_01_d00|s7_03_01_d02|s7_03_02_d00|s7_03_02_d02|s7_03_03_d00|s7_03_03_d02,,s7_03_03_d00|s7_03_03_d02,False,False,0.0,0.0,1.0,0.0,0.0,-0.5,1.0,False,0.25,5.0,17.0,2
Negative Vector Baseline,hybrid,q_s7_03_03_01,cybersecurity procedures,s7_03_03,incomplete_forget_set,incomplete_forget,s7_03_00_d00|s7_03_02_d00|s7_03_01_d00,,,s7_03_03_d00|s7_03_03_d02,False,False,0.0,0.0,1.0,0.0,0.0,-0.5,1.0,False,0.0,5.0,17.0,3
Vanilla RAG,hybrid,q_s7_03_03_02,cybersecurity procedures,s7_03_03,stale_policy,direct_negative,s7_03_03_d01|s7_03_03_d00|s7_03_00_d00,,s7_03_03_d01,s7_03_03_d02,True,True,0.5,0.5,0.5,0.0,0.0,-0.75,0.6666666666666666,True,0.0,1.0,1.0,3
Positive-only RAG,hybrid,q_s7_03_03_02,cybersecurity procedures,s7_03_03,stale_policy,direct_negative,s7_03_00_d00|s7_03_03_d00|s7_03_02_d00,,,s7_03_03_d02,False,False,0.5,0.5,0.5,0.0,0.0,0.25,1.0,True,0.0,2.0,9.0,3
Query Rewrite RAG,hybrid,q_s7_03_03_02,cybersecurity procedures,s7_03_03,stale_policy,direct_negative,s7_03_00_d00|s7_03_03_d00|s7_03_02_d00,,,s7_03_03_d02,False,False,0.5,0.5,0.5,0.0,0.0,0.25,1.0,True,0.0,2.0,9.0,3
Keyword Blocklist,hybrid,q_s7_03_03_02,cybersecurity procedures,s7_03_03,stale_policy,direct_negative,s7_03_03_d00|s7_03_00_d00|s7_03_02_d00,s7_03_03_d01,,s7_03_03_d02,False,False,0.5,0.5,0.5,1.0,0.03125,0.25,1.0,True,0.0,1.0,1.0,3
Metadata Filter,hybrid,q_s7_03_03_02,cybersecurity procedures,s7_03_03,stale_policy,direct_negative,s7_03_03_d00|s7_03_00_d00|s7_03_02_d00,s7_03_00_d03|s7_03_01_d03|s7_03_03_d01|s7_03_03_d03,,s7_03_03_d02,False,False,0.5,0.5,0.5,1.0,0.125,0.25,1.0,True,0.0,1.0,1.0,3
GoodForget-RAG,hybrid,q_s7_03_03_02,cybersecurity procedures,s7_03_03,stale_policy,direct_negative,s7_03_00_d00|s7_03_02_d00|s7_03_01_d00,,,s7_03_03_d00|s7_03_03_d02,False,False,0.0,0.0,1.0,0.0,0.0,-0.5,1.0,False,0.0,1.0,9.0,3
GoodForget-RAG hard threshold,hybrid,q_s7_03_03_02,cybersecurity procedures,s7_03_03,stale_policy,direct_negative,,s7_03_00_d00|s7_03_00_d02|s7_03_00_d03|s7_03_01_d00|s7_03_01_d02|s7_03_01_d03|s7_03_02_d00|s7_03_02_d02|s7_03_03_d00|s7_03_03_d02,,s7_03_03_d00|s7_03_03_d02,False,False,0.0,0.0,1.0,0.2,0.0625,-0.5,1.0,False,0.25,1.0,9.0,0
Negative Vector Baseline,hybrid,q_s7_03_03_02,cybersecurity procedures,s7_03_03,stale_policy,direct_negative,s7_03_00_d00|s7_03_03_d00|s7_03_02_d00,,,s7_03_03_d02,False,False,0.5,0.5,0.5,0.0,0.0,0.25,1.0,True,0.0,1.0,9.0,3
GoodForget-RAG span-level,tfidf_word,q_s7_00_00_00,banking strategy,s7_00_00,literal,direct_negative,s7_00_01_d00::span_0|s7_00_00_d00::span_0|s7_00_02_d00::span_0,,,s7_00_00_d00::span_1|s7_00_00_d01::span_1|s7_00_00_d02::span_0|s7_00_00_d03::span_0|s7_00_00_d03::span_1,False,False,0.16666666666666666,0.16666666666666666,0.8333333333333334,0.0,0.0,-0.25,1.0,True,0.0,1.0,43.0,3
GoodForget-RAG span-level,tfidf_word,q_s7_00_00_01,banking strategy,s7_00_00,paraphrase,paraphrased_negative,s7_00_00_d00::span_0|s7_00_01_d00::span_0|s7_00_02_d00::span_0,,,s7_00_00_d00::span_1|s7_00_00_d01::span_1|s7_00_00_d02::span_0|s7_00_00_d03::span_0|s7_00_00_d03::span_1,False,False,0.16666666666666666,0.16666666666666666,0.8333333333333334,0.0,0.0,-0.25,1.0,True,0.0,7.0,43.0,3
GoodForget-RAG span-level,tfidf_word,q_s7_00_00_02,banking strategy,s7_00_00,codeword,codeword_attack,s7_00_00_d00::span_0|s7_00_01_d00::span_0|s7_00_02_d00::span_0,,,s7_00_00_d00::span_1|s7_00_00_d01::span_1|s7_00_00_d02::span_0|s7_00_00_d03::span_0|s7_00_00_d03::span_1,False,False,0.16666666666666666,0.16666666666666666,0.8333333333333334,0.0,0.0,-0.25,1.0,True,0.0,19.0,31.0,3
GoodForget-RAG span-level,tfidf_word,q_s7_00_01_00,banking strategy,s7_00_01,paraphrase,paraphrased_negative,s7_00_00_d00::span_0|s7_00_02_d00::span_0|s7_00_03_d00::span_0,,,s7_00_01_d00::span_0|s7_00_01_d00::span_1|s7_00_01_d02::span_0|s7_00_01_d03::span_0,False,False,0.0,0.0,1.0,0.0,0.0,-0.5,1.0,False,0.0,7.0,43.0,3
GoodForget-RAG span-level,tfidf_word,q_s7_00_01_01,banking strategy,s7_00_01,codeword,codeword_attack,s7_00_00_d00::span_0|s7_00_01_d00::span_0|s7_00_02_d00::span_0,,,s7_00_01_d00::span_1|s7_00_01_d02::span_0|s7_00_01_d03::span_0,False,False,0.25,0.25,0.75,0.0,0.0,-0.125,1.0,True,0.0,1.0,31.0,3
GoodForget-RAG span-level,tfidf_word,q_s7_00_01_02,banking strategy,s7_00_01,literal,contrastive_attack,s7_00_00_d00::span_0|s7_00_01_d00::span_0|s7_00_02_d00::span_0,,,s7_00_01_d00::span_1|s7_00_01_d02::span_0|s7_00_01_d03::span_0,False,False,0.25,0.25,0.75,0.0,0.0,-0.125,1.0,True,0.0,1.0,43.0,3
GoodForget-RAG span-level,tfidf_word,q_s7_00_02_00,banking strategy,s7_00_02,codeword,codeword_attack,s7_00_00_d00::span_0|s7_00_01_d00::span_0|s7_00_02_d00::span_0,,,s7_00_02_d00::span_1|s7_00_02_d01::span_1|s7_00_02_d02::span_0|s7_00_02_d03::span_0|s7_00_02_d03::span_1,False,False,0.16666666666666666,0.16666666666666666,0.8333333333333334,0.0,0.0,-0.25,1.0,True,0.0,19.0,30.0,3
GoodForget-RAG span-level,tfidf_word,q_s7_00_02_01,banking strategy,s7_00_02,literal,contrastive_attack,s7_00_00_d00::span_0|s7_00_01_d00::span_0|s7_00_02_d00::span_0,,,s7_00_02_d00::span_1|s7_00_02_d01::span_1|s7_00_02_d02::span_0|s7_00_02_d03::span_0|s7_00_02_d03::span_1,False,False,0.16666666666666666,0.16666666666666666,0.8333333333333334,0.0,0.0,-0.25,1.0,True,0.0,1.0,31.0,3
GoodForget-RAG span-level,tfidf_word,q_s7_00_02_02,banking strategy,s7_00_02,paraphrase,indirect_attack,s7_00_00_d00::span_0|s7_00_01_d00::span_0|s7_00_02_d00::span_0,,,s7_00_02_d00::span_1|s7_00_02_d01::span_1|s7_00_02_d02::span_0|s7_00_02_d03::span_0|s7_00_02_d03::span_1,False,False,0.16666666666666666,0.16666666666666666,0.8333333333333334,0.0,0.0,-0.25,1.0,True,0.0,9.0,55.0,3
GoodForget-RAG span-level,tfidf_word,q_s7_00_03_00,banking strategy,s7_00_03,literal,contrastive_attack,s7_00_00_d00::span_0|s7_00_01_d00::span_0|s7_00_02_d00::span_0,,,s7_00_03_d00::span_0|s7_00_03_d00::span_1|s7_00_03_d01::span_1|s7_00_03_d02::span_0|s7_00_03_d03::span_0|s7_00_03_d03::span_1,False,False,0.0,0.0,1.0,0.0,0.0,-0.5,1.0,False,0.0,1.0,31.0,3
GoodForget-RAG span-level,tfidf_word,q_s7_00_03_01,banking strategy,s7_00_03,paraphrase,indirect_attack,s7_00_00_d00::span_0|s7_00_01_d00::span_0|s7_00_02_d00::span_0,,,s7_00_03_d00::span_0|s7_00_03_d00::span_1|s7_00_03_d01::span_1|s7_00_03_d02::span_0|s7_00_03_d03::span_0|s7_00_03_d03::span_1,False,False,0.0,0.0,1.0,0.0,0.0,-0.5,1.0,False,0.0,9.0,43.0,3
GoodForget-RAG span-level,tfidf_word,q_s7_00_03_02,banking strategy,s7_00_03,stale_policy,stale_policy_confusion,s7_00_00_d00::span_0|s7_00_01_d00::span_0|s7_00_02_d00::span_0,,,s7_00_03_d00::span_0|s7_00_03_d00::span_1|s7_00_03_d01::span_1|s7_00_03_d02::span_0|s7_00_03_d03::span_0|s7_00_03_d03::span_1,False,False,0.0,0.0,1.0,0.0,0.0,-0.5,1.0,False,0.0,9.0,51.0,3
GoodForget-RAG span-level,tfidf_word,q_s7_01_00_00,healthcare policy,s7_01_00,mixed_evidence,paraphrased_negative,s7_01_00_d00::span_0|s7_01_01_d00::span_0|s7_01_02_d00::span_0,,,s7_01_00_d00::span_1|s7_01_00_d02::span_0|s7_01_00_d03::span_0,False,False,0.25,0.25,0.75,0.0,0.0,-0.125,1.0,True,0.0,7.0,56.0,3
GoodForget-RAG span-level,tfidf_word,q_s7_01_00_01,healthcare policy,s7_01_00,codeword,codeword_attack,s7_01_00_d00::span_0|s7_01_01_d00::span_0|s7_01_02_d00::span_0,,,s7_01_00_d00::span_1|s7_01_00_d02::span_0|s7_01_00_d03::span_0,False,False,0.25,0.25,0.75,0.0,0.0,-0.125,1.0,True,0.0,1.0,32.0,3
GoodForget-RAG span-level,tfidf_word,q_s7_01_00_02,healthcare policy,s7_01_00,mixed_evidence,contrastive_attack,s7_01_00_d00::span_0|s7_01_01_d00::span_0|s7_01_02_d00::span_0,,,s7_01_00_d00::span_1|s7_01_00_d02::span_0|s7_01_00_d03::span_0,False,False,0.25,0.25,0.75,0.0,0.0,-0.125,1.0,True,0.0,1.0,56.0,3
GoodForget-RAG span-level,tfidf_word,q_s7_01_01_00,healthcare policy,s7_01_01,codeword,codeword_attack,s7_01_00_d00::span_0|s7_01_01_d00::span_0|s7_01_02_d00::span_0,,,s7_01_01_d00::span_1|s7_01_01_d01::span_1|s7_01_01_d02::span_0|s7_01_01_d03::span_0|s7_01_01_d03::span_1,False,False,0.16666666666666666,0.16666666666666666,0.8333333333333334,0.0,0.0,-0.25,1.0,True,0.0,21.0,31.0,3
GoodForget-RAG span-level,tfidf_word,q_s7_01_01_01,healthcare policy,s7_01_01,near_duplicate,contrastive_attack,s7_01_00_d00::span_0|s7_01_01_d00::span_0|s7_01_02_d00::span_0,,,s7_01_01_d00::span_1|s7_01_01_d01::span_1|s7_01_01_d02::span_0|s7_01_01_d03::span_0|s7_01_01_d03::span_1,False,False,0.16666666666666666,0.16666666666666666,0.8333333333333334,0.0,0.0,-0.25,1.0,True,0.0,1.0,43.0,3
GoodForget-RAG span-level,tfidf_word,q_s7_01_01_02,healthcare policy,s7_01_01,near_duplicate,indirect_attack,s7_01_00_d00::span_0|s7_01_01_d00::span_0|s7_01_02_d00::span_0,,,s7_01_01_d00::span_1|s7_01_01_d01::span_1|s7_01_01_d02::span_0|s7_01_01_d03::span_0|s7_01_01_d03::span_1,False,False,0.16666666666666666,0.16666666666666666,0.8333333333333334,0.0,0.0,-0.25,1.0,True,0.0,9.0,43.0,3
GoodForget-RAG span-level,tfidf_word,q_s7_01_02_00,healthcare policy,s7_01_02,literal,contrastive_attack,s7_01_00_d00::span_0|s7_01_01_d00::span_0|s7_01_02_d00::span_0,,,s7_01_02_d00::span_1|s7_01_02_d01::span_1|s7_01_02_d02::span_0|s7_01_02_d03::span_0|s7_01_02_d03::span_1,False,False,0.16666666666666666,0.16666666666666666,0.8333333333333334,0.0,0.0,-0.25,1.0,True,0.0,1.0,44.0,3
GoodForget-RAG span-level,tfidf_word,q_s7_01_02_01,healthcare policy,s7_01_02,paraphrase,indirect_attack,s7_01_00_d00::span_0|s7_01_01_d00::span_0|s7_01_02_d00::span_0,,,s7_01_02_d00::span_1|s7_01_02_d01::span_1|s7_01_02_d02::span_0|s7_01_02_d03::span_0|s7_01_02_d03::span_1,False,False,0.16666666666666666,0.16666666666666666,0.8333333333333334,0.0,0.0,-0.25,1.0,True,0.0,9.0,56.0,3
GoodForget-RAG span-level,tfidf_word,q_s7_01_02_02,healthcare policy,s7_01_02,stale_policy,stale_policy_confusion,s7_01_00_d00::span_0|s7_01_01_d00::span_0|s7_01_02_d00::span_0,,,s7_01_02_d00::span_1|s7_01_02_d01::span_1|s7_01_02_d02::span_0|s7_01_02_d03::span_0|s7_01_02_d03::span_1,False,False,0.16666666666666666,0.16666666666666666,0.8333333333333334,0.0,0.0,-0.25,1.0,True,0.0,13.0,56.0,3
GoodForget-RAG span-level,tfidf_word,q_s7_01_03_00,healthcare policy,s7_01_03,stale_policy,indirect_attack,s7_01_00_d00::span_0|s7_01_01_d00::span_0|s7_01_02_d00::span_0,,,s7_01_03_d00::span_0|s7_01_03_d00::span_1|s7_01_03_d01::span_1|s7_01_03_d02::span_0|s7_01_03_d03::span_0|s7_01_03_d03::span_1,False,False,0.0,0.0,1.0,0.0,0.0,-0.5,1.0,False,0.0,9.0,55.0,3
GoodForget-RAG span-level,tfidf_word,q_s7_01_03_01,healthcare policy,s7_01_03,stale_policy,stale_policy_confusion,s7_01_00_d00::span_0|s7_01_01_d00::span_0|s7_01_02_d00::span_0,,,s7_01_03_d00::span_0|s7_01_03_d00::span_1|s7_01_03_d01::span_1|s7_01_03_d02::span_0|s7_01_03_d03::span_0|s7_01_03_d03::span_1,False,False,0.0,0.0,1.0,0.0,0.0,-0.5,1.0,False,0.0,13.0,56.0,3
GoodForget-RAG span-level,tfidf_word,q_s7_01_03_02,healthcare policy,s7_01_03,noisy_forget_set,noisy_forget,s7_01_00_d00::span_0|s7_01_01_d00::span_0|s7_01_02_d00::span_0,,,s7_01_03_d00::span_0|s7_01_03_d00::span_1|s7_01_03_d01::span_1|s7_01_03_d02::span_0|s7_01_03_d03::span_0|s7_01_03_d03::span_1,False,False,0.0,0.0,1.0,0.0,0.0,-0.5,1.0,False,0.0,20.0,55.0,3
GoodForget-RAG span-level,tfidf_word,q_s7_02_00_00,legal compliance,s7_02_00,codeword,codeword_attack,s7_02_00_d00::span_0|s7_02_01_d00::span_0|s7_02_02_d00::span_0,,,s7_02_00_d00::span_1|s7_02_00_d01::span_1|s7_02_00_d02::span_0|s7_02_00_d03::span_0|s7_02_00_d03::span_1,False,False,0.16666666666666666,0.16666666666666666,0.8333333333333334,0.0,0.0,-0.25,1.0,True,0.0,19.0,31.0,3
GoodForget-RAG span-level,tfidf_word,q_s7_02_00_01,legal compliance,s7_02_00,literal,contrastive_attack,s7_02_00_d00::span_0|s7_02_01_d00::span_0|s7_02_02_d00::span_0,,,s7_02_00_d00::span_1|s7_02_00_d01::span_1|s7_02_00_d02::span_0|s7_02_00_d03::span_0|s7_02_00_d03::span_1,False,False,0.16666666666666666,0.16666666666666666,0.8333333333333334,0.0,0.0,-0.25,1.0,True,0.0,1.0,73.0,3
GoodForget-RAG span-level,tfidf_word,q_s7_02_00_02,legal compliance,s7_02_00,paraphrase,indirect_attack,s7_02_00_d00::span_0|s7_02_01_d00::span_0|s7_02_02_d00::span_0,,,s7_02_00_d00::span_1|s7_02_00_d01::span_1|s7_02_00_d02::span_0|s7_02_00_d03::span_0|s7_02_00_d03::span_1,False,False,0.16666666666666666,0.16666666666666666,0.8333333333333334,0.0,0.0,-0.25,1.0,True,0.0,9.0,76.0,3
GoodForget-RAG span-level,tfidf_word,q_s7_02_01_00,legal compliance,s7_02_01,literal,contrastive_attack,s7_02_00_d00::span_0|s7_02_01_d00::span_0|s7_02_02_d00::span_0,,,s7_02_01_d00::span_1|s7_02_01_d01::span_1|s7_02_01_d02::span_0|s7_02_01_d03::span_0|s7_02_01_d03::span_1,False,False,0.16666666666666666,0.16666666666666666,0.8333333333333334,0.0,0.0,-0.25,1.0,True,0.0,1.0,70.0,3
GoodForget-RAG span-level,tfidf_word,q_s7_02_01_01,legal compliance,s7_02_01,paraphrase,indirect_attack,s7_02_00_d00::span_0|s7_02_01_d00::span_0|s7_02_02_d00::span_0,,,s7_02_01_d00::span_1|s7_02_01_d01::span_1|s7_02_01_d02::span_0|s7_02_01_d03::span_0|s7_02_01_d03::span_1,False,False,0.16666666666666666,0.16666666666666666,0.8333333333333334,0.0,0.0,-0.25,1.0,True,0.0,9.0,74.0,3
GoodForget-RAG span-level,tfidf_word,q_s7_02_01_02,legal compliance,s7_02_01,stale_policy,stale_policy_confusion,s7_02_00_d00::span_0|s7_02_01_d00::span_0|s7_02_02_d00::span_0,,,s7_02_01_d00::span_1|s7_02_01_d01::span_1|s7_02_01_d02::span_0|s7_02_01_d03::span_0|s7_02_01_d03::span_1,False,False,0.16666666666666666,0.16666666666666666,0.8333333333333334,0.0,0.0,-0.25,1.0,True,0.0,9.0,70.0,3
GoodForget-RAG span-level,tfidf_word,q_s7_02_02_00,legal compliance,s7_02_02,paraphrase,indirect_attack,s7_02_00_d00::span_0|s7_02_01_d00::span_0|s7_02_02_d00::span_0,,,s7_02_02_d00::span_1|s7_02_02_d01::span_1|s7_02_02_d02::span_0|s7_02_02_d03::span_0|s7_02_02_d03::span_1,False,False,0.16666666666666666,0.16666666666666666,0.8333333333333334,0.0,0.0,-0.25,1.0,True,0.0,9.0,77.0,3
GoodForget-RAG span-level,tfidf_word,q_s7_02_02_01,legal compliance,s7_02_02,stale_policy,stale_policy_confusion,s7_02_00_d00::span_0|s7_02_01_d00::span_0|s7_02_02_d00::span_0,,,s7_02_02_d00::span_1|s7_02_02_d01::span_1|s7_02_02_d02::span_0|s7_02_02_d03::span_0|s7_02_02_d03::span_1,False,False,0.16666666666666666,0.16666666666666666,0.8333333333333334,0.0,0.0,-0.25,1.0,True,0.0,9.0,77.0,3
GoodForget-RAG span-level,tfidf_word,q_s7_02_02_02,legal compliance,s7_02_02,noisy_forget_set,noisy_forget,s7_02_00_d00::span_0|s7_02_01_d00::span_0|s7_02_02_d00::span_0,,,s7_02_02_d00::span_1|s7_02_02_d01::span_1|s7_02_02_d02::span_0|s7_02_02_d03::span_0|s7_02_02_d03::span_1,False,False,0.16666666666666666,0.16666666666666666,0.8333333333333334,0.0,0.0,-0.25,1.0,True,0.0,21.0,77.0,3
GoodForget-RAG span-level,tfidf_word,q_s7_02_03_00,legal compliance,s7_02_03,stale_policy,stale_policy_confusion,s7_02_00_d00::span_0|s7_02_01_d00::span_0|s7_02_02_d00::span_0,,,s7_02_03_d00::span_0|s7_02_03_d00::span_1|s7_02_03_d01::span_1|s7_02_03_d02::span_0|s7_02_03_d03::span_0|s7_02_03_d03::span_1,False,False,0.0,0.0,1.0,0.0,0.0,-0.5,1.0,False,0.0,9.0,70.0,3
GoodForget-RAG span-level,tfidf_word,q_s7_02_03_01,legal compliance,s7_02_03,noisy_forget_set,noisy_forget,s7_02_00_d00::span_0|s7_02_01_d00::span_0|s7_02_02_d00::span_0,,,s7_02_03_d00::span_0|s7_02_03_d00::span_1|s7_02_03_d01::span_1|s7_02_03_d02::span_0|s7_02_03_d03::span_0|s7_02_03_d03::span_1,False,False,0.0,0.0,1.0,0.0,0.0,-0.5,1.0,False,0.0,21.0,70.0,3
GoodForget-RAG span-level,tfidf_word,q_s7_02_03_02,legal compliance,s7_02_03,incomplete_forget_set,incomplete_forget,s7_02_00_d00::span_0|s7_02_01_d00::span_0|s7_02_02_d00::span_0,,,s7_02_03_d00::span_0|s7_02_03_d00::span_1|s7_02_03_d01::span_1|s7_02_03_d02::span_0|s7_02_03_d03::span_0|s7_02_03_d03::span_1,False,False,0.0,0.0,1.0,0.0,0.0,-0.5,1.0,False,0.0,13.0,70.0,3
GoodForget-RAG span-level,tfidf_word,q_s7_03_00_00,cybersecurity procedures,s7_03_00,mixed_evidence,contrastive_attack,s7_03_00_d00::span_0|s7_03_01_d00::span_0|s7_03_02_d00::span_0,,,s7_03_00_d00::span_1|s7_03_00_d01::span_1|s7_03_00_d02::span_0|s7_03_00_d03::span_0|s7_03_00_d03::span_1,False,False,0.16666666666666666,0.16666666666666666,0.8333333333333334,0.0,0.0,-0.25,1.0,True,0.0,1.0,72.0,3
GoodForget-RAG span-level,tfidf_word,q_s7_03_00_01,cybersecurity procedures,s7_03_00,mixed_evidence,indirect_attack,s7_03_00_d00::span_0|s7_03_01_d00::span_0|s7_03_02_d00::span_0,,,s7_03_00_d00::span_1|s7_03_00_d01::span_1|s7_03_00_d02::span_0|s7_03_00_d03::span_0|s7_03_00_d03::span_1,False,False,0.16666666666666666,0.16666666666666666,0.8333333333333334,0.0,0.0,-0.25,1.0,True,0.0,9.0,75.0,3
GoodForget-RAG span-level,tfidf_word,q_s7_03_00_02,cybersecurity procedures,s7_03_00,stale_policy,stale_policy_confusion,s7_03_00_d00::span_0|s7_03_01_d00::span_0|s7_03_02_d00::span_0,,,s7_03_00_d00::span_1|s7_03_00_d01::span_1|s7_03_00_d02::span_0|s7_03_00_d03::span_0|s7_03_00_d03::span_1,False,False,0.16666666666666666,0.16666666666666666,0.8333333333333334,0.0,0.0,-0.25,1.0,True,0.0,17.0,72.0,3
GoodForget-RAG span-level,tfidf_word,q_s7_03_01_00,cybersecurity procedures,s7_03_01,near_duplicate,indirect_attack,s7_03_00_d00::span_0|s7_03_01_d00::span_0|s7_03_02_d00::span_0,,,s7_03_01_d00::span_1|s7_03_01_d01::span_1|s7_03_01_d02::span_0|s7_03_01_d03::span_0|s7_03_01_d03::span_1,False,False,0.16666666666666666,0.16666666666666666,0.8333333333333334,0.0,0.0,-0.25,1.0,True,0.0,9.0,75.0,3
GoodForget-RAG span-level,tfidf_word,q_s7_03_01_01,cybersecurity procedures,s7_03_01,stale_policy,stale_policy_confusion,s7_03_00_d00::span_0|s7_03_01_d00::span_0|s7_03_02_d00::span_0,,,s7_03_01_d00::span_1|s7_03_01_d01::span_1|s7_03_01_d02::span_0|s7_03_01_d03::span_0|s7_03_01_d03::span_1,False,False,0.16666666666666666,0.16666666666666666,0.8333333333333334,0.0,0.0,-0.25,1.0,True,0.0,17.0,72.0,3
GoodForget-RAG span-level,tfidf_word,q_s7_03_01_02,cybersecurity procedures,s7_03_01,noisy_forget_set,noisy_forget,s7_03_00_d00::span_0|s7_03_01_d00::span_0|s7_03_02_d00::span_0,,,s7_03_01_d00::span_1|s7_03_01_d01::span_1|s7_03_01_d02::span_0|s7_03_01_d03::span_0|s7_03_01_d03::span_1,False,False,0.16666666666666666,0.16666666666666666,0.8333333333333334,0.0,0.0,-0.25,1.0,True,0.0,21.0,72.0,3
GoodForget-RAG span-level,tfidf_word,q_s7_03_02_00,cybersecurity procedures,s7_03_02,stale_policy,stale_policy_confusion,s7_03_00_d00::span_0|s7_03_01_d00::span_0|s7_03_02_d00::span_0,,,s7_03_02_d00::span_1|s7_03_02_d01::span_1|s7_03_02_d02::span_0|s7_03_02_d03::span_0|s7_03_02_d03::span_1,False,False,0.16666666666666666,0.16666666666666666,0.8333333333333334,0.0,0.0,-0.25,1.0,True,0.0,17.0,72.0,3
GoodForget-RAG span-level,tfidf_word,q_s7_03_02_01,cybersecurity procedures,s7_03_02,noisy_forget_set,noisy_forget,s7_03_00_d00::span_0|s7_03_01_d00::span_0|s7_03_02_d00::span_0,,,s7_03_02_d00::span_1|s7_03_02_d01::span_1|s7_03_02_d02::span_0|s7_03_02_d03::span_0|s7_03_02_d03::span_1,False,False,0.16666666666666666,0.16666666666666666,0.8333333333333334,0.0,0.0,-0.25,1.0,True,0.0,21.0,80.0,3
GoodForget-RAG span-level,tfidf_word,q_s7_03_02_02,cybersecurity procedures,s7_03_02,incomplete_forget_set,incomplete_forget,s7_03_00_d00::span_0|s7_03_01_d00::span_0|s7_03_02_d00::span_0,,,s7_03_02_d00::span_1|s7_03_02_d01::span_1|s7_03_02_d02::span_0|s7_03_02_d03::span_0|s7_03_02_d03::span_1,False,False,0.16666666666666666,0.16666666666666666,0.8333333333333334,0.0,0.0,-0.25,1.0,True,0.0,13.0,72.0,3
GoodForget-RAG span-level,tfidf_word,q_s7_03_03_00,cybersecurity procedures,s7_03_03,noisy_forget_set,noisy_forget,s7_03_00_d00::span_0|s7_03_01_d00::span_0|s7_03_02_d00::span_0,,,s7_03_03_d00::span_0|s7_03_03_d00::span_1|s7_03_03_d01::span_1|s7_03_03_d02::span_0|s7_03_03_d03::span_0|s7_03_03_d03::span_1,False,False,0.0,0.0,1.0,0.0,0.0,-0.5,1.0,False,0.0,21.0,78.0,3
GoodForget-RAG span-level,tfidf_word,q_s7_03_03_01,cybersecurity procedures,s7_03_03,incomplete_forget_set,incomplete_forget,s7_03_00_d00::span_0|s7_03_01_d00::span_0|s7_03_02_d00::span_0,,,s7_03_03_d00::span_0|s7_03_03_d00::span_1|s7_03_03_d01::span_1|s7_03_03_d02::span_0|s7_03_03_d03::span_0|s7_03_03_d03::span_1,False,False,0.0,0.0,1.0,0.0,0.0,-0.5,1.0,False,0.0,13.0,72.0,3
GoodForget-RAG span-level,tfidf_word,q_s7_03_03_02,cybersecurity procedures,s7_03_03,stale_policy,direct_negative,s7_03_00_d00::span_0|s7_03_01_d00::span_0|s7_03_02_d00::span_0,,,s7_03_03_d00::span_0|s7_03_03_d00::span_1|s7_03_03_d01::span_1|s7_03_03_d02::span_0|s7_03_03_d03::span_0|s7_03_03_d03::span_1,False,False,0.0,0.0,1.0,0.0,0.0,-0.5,1.0,False,0.0,1.0,72.0,3
